2025-05-01T15:31:05.267+05:45  INFO 729462 --- [EcommerceCommon] [main] n.c.j.e.a.EcommerceBackendApplication    : Starting EcommerceBackendApplication using Java 21.0.7 with PID 729462 (/home/jp/Documents/eclipse-workspace/EcommerceProject/EcommerceWebParent/EcommerceBackend/target/classes started by jp in /home/jp/Documents/eclipse-workspace/EcommerceProject)
2025-05-01T15:31:05.270+05:45  INFO 729462 --- [EcommerceCommon] [main] n.c.j.e.a.EcommerceBackendApplication    : No active profile set, falling back to 1 default profile: "default"
2025-05-01T15:31:06.281+05:45  INFO 729462 --- [EcommerceCommon] [main] .s.d.r.c.RepositoryConfigurationDelegate : Bootstrapping Spring Data JPA repositories in DEFAULT mode.
2025-05-01T15:31:06.381+05:45  INFO 729462 --- [EcommerceCommon] [main] .s.d.r.c.RepositoryConfigurationDelegate : Finished Spring Data repository scanning in 85 ms. Found 2 JPA repository interfaces.
2025-05-01T15:31:07.189+05:45  INFO 729462 --- [EcommerceCommon] [main] o.s.b.w.embedded.tomcat.TomcatWebServer  : Tomcat initialized with port 8080 (http)
2025-05-01T15:31:07.214+05:45  INFO 729462 --- [EcommerceCommon] [main] o.apache.catalina.core.StandardService   : Starting service [Tomcat]
2025-05-01T15:31:07.215+05:45  INFO 729462 --- [EcommerceCommon] [main] o.apache.catalina.core.StandardEngine    : Starting Servlet engine: [Apache Tomcat/10.1.40]
2025-05-01T15:31:07.299+05:45  INFO 729462 --- [EcommerceCommon] [main] o.a.c.c.C.[Tomcat].[localhost].[/admin]  : Initializing Spring embedded WebApplicationContext
2025-05-01T15:31:07.300+05:45  INFO 729462 --- [EcommerceCommon] [main] w.s.c.ServletWebServerApplicationContext : Root WebApplicationContext: initialization completed in 1963 ms
2025-05-01T15:31:07.590+05:45  INFO 729462 --- [EcommerceCommon] [main] o.hibernate.jpa.internal.util.LogHelper  : HHH000204: Processing PersistenceUnitInfo [name: default]
2025-05-01T15:31:07.707+05:45  INFO 729462 --- [EcommerceCommon] [main] org.hibernate.Version                    : HHH000412: Hibernate ORM core version 6.5.3.Final
2025-05-01T15:31:07.772+05:45  INFO 729462 --- [EcommerceCommon] [main] o.h.c.internal.RegionFactoryInitiator    : HHH000026: Second-level cache disabled
2025-05-01T15:31:08.327+05:45  INFO 729462 --- [EcommerceCommon] [main] o.s.o.j.p.SpringPersistenceUnitInfo      : No LoadTimeWeaver setup: ignoring JPA class transformer
2025-05-01T15:31:08.378+05:45  INFO 729462 --- [EcommerceCommon] [main] com.zaxxer.hikari.HikariDataSource       : HikariPool-1 - Starting...
2025-05-01T15:31:08.616+05:45  INFO 729462 --- [EcommerceCommon] [main] com.zaxxer.hikari.pool.HikariPool        : HikariPool-1 - Added connection org.postgresql.jdbc.PgConnection@191f4d65
2025-05-01T15:31:08.619+05:45  INFO 729462 --- [EcommerceCommon] [main] com.zaxxer.hikari.HikariDataSource       : HikariPool-1 - Start completed.
2025-05-01T15:31:08.671+05:45  WARN 729462 --- [EcommerceCommon] [main] org.hibernate.orm.deprecation            : HHH90000025: PostgreSQLDialect does not need to be specified explicitly using 'hibernate.dialect' (remove the property setting and it will be selected by default)
2025-05-01T15:31:09.771+05:45  INFO 729462 --- [EcommerceCommon] [main] o.h.e.t.j.p.i.JtaPlatformInitiator       : HHH000489: No JTA platform available (set 'hibernate.transaction.jta.platform' to enable JTA platform integration)
2025-05-01T15:31:09.857+05:45  WARN 729462 --- [EcommerceCommon] [main] o.h.engine.jdbc.spi.SqlExceptionHelper   : SQL Warning Code: 0, SQLState: 00000
2025-05-01T15:31:09.858+05:45  WARN 729462 --- [EcommerceCommon] [main] o.h.engine.jdbc.spi.SqlExceptionHelper   : constraint "uk6dotkott2kjsp8vw4d0m25fb7" of relation "users" does not exist, skipping
2025-05-01T15:31:09.880+05:45  INFO 729462 --- [EcommerceCommon] [main] j.LocalContainerEntityManagerFactoryBean : Initialized JPA EntityManagerFactory for persistence unit 'default'
2025-05-01T15:31:09.924+05:45  WARN 729462 --- [EcommerceCommon] [main] JpaBaseConfiguration$JpaWebConfiguration : spring.jpa.open-in-view is enabled by default. Therefore, database queries may be performed during view rendering. Explicitly configure spring.jpa.open-in-view to disable this warning
2025-05-01T15:31:09.952+05:45  INFO 729462 --- [EcommerceCommon] [main] o.s.b.a.w.s.WelcomePageHandlerMapping    : Adding welcome page template: index
2025-05-01T15:31:10.809+05:45  INFO 729462 --- [EcommerceCommon] [main] o.s.b.w.embedded.tomcat.TomcatWebServer  : Tomcat started on port 8080 (http) with context path '/admin'
2025-05-01T15:31:10.818+05:45  INFO 729462 --- [EcommerceCommon] [main] n.c.j.e.a.EcommerceBackendApplication    : Started EcommerceBackendApplication in 6.286 seconds (process running for 7.442)
2025-05-01T15:32:24.891+05:45  INFO 729462 --- [EcommerceCommon] [SpringApplicationShutdownHook] j.LocalContainerEntityManagerFactoryBean : Closing JPA EntityManagerFactory for persistence unit 'default'
2025-05-01T15:32:24.896+05:45  INFO 729462 --- [EcommerceCommon] [SpringApplicationShutdownHook] com.zaxxer.hikari.HikariDataSource       : HikariPool-1 - Shutdown initiated...
2025-05-01T15:32:24.901+05:45  INFO 729462 --- [EcommerceCommon] [SpringApplicationShutdownHook] com.zaxxer.hikari.HikariDataSource       : HikariPool-1 - Shutdown completed.
2025-05-01T18:41:00.124+05:45  INFO 805344 --- [EcommerceCommon] [restartedMain] n.c.j.e.a.EcommerceBackendApplication    : Starting EcommerceBackendApplication using Java 21.0.7 with PID 805344 (/home/jp/Documents/eclipse-workspace/EcommerceProject/EcommerceWebParent/EcommerceBackend/target/classes started by jp in /home/jp/Documents/eclipse-workspace/EcommerceProject)
2025-05-01T18:41:00.129+05:45  INFO 805344 --- [EcommerceCommon] [restartedMain] n.c.j.e.a.EcommerceBackendApplication    : No active profile set, falling back to 1 default profile: "default"
2025-05-01T18:41:00.206+05:45  INFO 805344 --- [EcommerceCommon] [restartedMain] .e.DevToolsPropertyDefaultsPostProcessor : Devtools property defaults active! Set 'spring.devtools.add-properties' to 'false' to disable
2025-05-01T18:41:00.207+05:45  INFO 805344 --- [EcommerceCommon] [restartedMain] .e.DevToolsPropertyDefaultsPostProcessor : For additional web related logging consider setting the 'logging.level.web' property to 'DEBUG'
2025-05-01T18:41:01.301+05:45  INFO 805344 --- [EcommerceCommon] [restartedMain] .s.d.r.c.RepositoryConfigurationDelegate : Bootstrapping Spring Data JPA repositories in DEFAULT mode.
2025-05-01T18:41:01.402+05:45  INFO 805344 --- [EcommerceCommon] [restartedMain] .s.d.r.c.RepositoryConfigurationDelegate : Finished Spring Data repository scanning in 88 ms. Found 2 JPA repository interfaces.
2025-05-01T18:41:02.178+05:45  INFO 805344 --- [EcommerceCommon] [restartedMain] o.s.b.w.embedded.tomcat.TomcatWebServer  : Tomcat initialized with port 8080 (http)
2025-05-01T18:41:02.199+05:45  INFO 805344 --- [EcommerceCommon] [restartedMain] o.apache.catalina.core.StandardService   : Starting service [Tomcat]
2025-05-01T18:41:02.200+05:45  INFO 805344 --- [EcommerceCommon] [restartedMain] o.apache.catalina.core.StandardEngine    : Starting Servlet engine: [Apache Tomcat/10.1.40]
2025-05-01T18:41:02.261+05:45  INFO 805344 --- [EcommerceCommon] [restartedMain] o.a.c.c.C.[Tomcat].[localhost].[/admin]  : Initializing Spring embedded WebApplicationContext
2025-05-01T18:41:02.262+05:45  INFO 805344 --- [EcommerceCommon] [restartedMain] w.s.c.ServletWebServerApplicationContext : Root WebApplicationContext: initialization completed in 2054 ms
2025-05-01T18:41:02.474+05:45  INFO 805344 --- [EcommerceCommon] [restartedMain] o.hibernate.jpa.internal.util.LogHelper  : HHH000204: Processing PersistenceUnitInfo [name: default]
2025-05-01T18:41:02.539+05:45  INFO 805344 --- [EcommerceCommon] [restartedMain] org.hibernate.Version                    : HHH000412: Hibernate ORM core version 6.5.3.Final
2025-05-01T18:41:02.579+05:45  INFO 805344 --- [EcommerceCommon] [restartedMain] o.h.c.internal.RegionFactoryInitiator    : HHH000026: Second-level cache disabled
2025-05-01T18:41:02.933+05:45  INFO 805344 --- [EcommerceCommon] [restartedMain] o.s.o.j.p.SpringPersistenceUnitInfo      : No LoadTimeWeaver setup: ignoring JPA class transformer
2025-05-01T18:41:02.966+05:45  INFO 805344 --- [EcommerceCommon] [restartedMain] com.zaxxer.hikari.HikariDataSource       : HikariPool-1 - Starting...
2025-05-01T18:41:03.120+05:45  INFO 805344 --- [EcommerceCommon] [restartedMain] com.zaxxer.hikari.pool.HikariPool        : HikariPool-1 - Added connection org.postgresql.jdbc.PgConnection@40fbef88
2025-05-01T18:41:03.122+05:45  INFO 805344 --- [EcommerceCommon] [restartedMain] com.zaxxer.hikari.HikariDataSource       : HikariPool-1 - Start completed.
2025-05-01T18:41:03.154+05:45  WARN 805344 --- [EcommerceCommon] [restartedMain] org.hibernate.orm.deprecation            : HHH90000025: PostgreSQLDialect does not need to be specified explicitly using 'hibernate.dialect' (remove the property setting and it will be selected by default)
2025-05-01T18:41:04.017+05:45  INFO 805344 --- [EcommerceCommon] [restartedMain] o.h.e.t.j.p.i.JtaPlatformInitiator       : HHH000489: No JTA platform available (set 'hibernate.transaction.jta.platform' to enable JTA platform integration)
2025-05-01T18:41:04.196+05:45  INFO 805344 --- [EcommerceCommon] [restartedMain] j.LocalContainerEntityManagerFactoryBean : Initialized JPA EntityManagerFactory for persistence unit 'default'
2025-05-01T18:41:04.445+05:45  WARN 805344 --- [EcommerceCommon] [restartedMain] JpaBaseConfiguration$JpaWebConfiguration : spring.jpa.open-in-view is enabled by default. Therefore, database queries may be performed during view rendering. Explicitly configure spring.jpa.open-in-view to disable this warning
2025-05-01T18:41:04.473+05:45  INFO 805344 --- [EcommerceCommon] [restartedMain] o.s.b.a.w.s.WelcomePageHandlerMapping    : Adding welcome page template: index
2025-05-01T18:41:05.064+05:45  INFO 805344 --- [EcommerceCommon] [restartedMain] o.s.b.d.a.OptionalLiveReloadServer       : LiveReload server is running on port 35729
2025-05-01T18:41:05.099+05:45  INFO 805344 --- [EcommerceCommon] [restartedMain] o.s.b.w.embedded.tomcat.TomcatWebServer  : Tomcat started on port 8080 (http) with context path '/admin'
2025-05-01T18:41:05.108+05:45  INFO 805344 --- [EcommerceCommon] [restartedMain] n.c.j.e.a.EcommerceBackendApplication    : Started EcommerceBackendApplication in 5.778 seconds (process running for 6.879)
2025-05-01T18:41:27.393+05:45  INFO 805344 --- [EcommerceCommon] [http-nio-8080-exec-2] o.a.c.c.C.[Tomcat].[localhost].[/admin]  : Initializing Spring DispatcherServlet 'dispatcherServlet'
2025-05-01T18:41:27.394+05:45  INFO 805344 --- [EcommerceCommon] [http-nio-8080-exec-2] o.s.web.servlet.DispatcherServlet        : Initializing Servlet 'dispatcherServlet'
2025-05-01T18:41:27.396+05:45  INFO 805344 --- [EcommerceCommon] [http-nio-8080-exec-2] o.s.web.servlet.DispatcherServlet        : Completed initialization in 2 ms
2025-05-01T18:51:55.028+05:45  INFO 805344 --- [EcommerceCommon] [File Watcher] rtingClassPathChangeChangedEventListener : Restarting due to 1 class path change (0 additions, 0 deletions, 1 modification)
2025-05-01T18:51:55.048+05:45  INFO 805344 --- [EcommerceCommon] [Thread-5] j.LocalContainerEntityManagerFactoryBean : Closing JPA EntityManagerFactory for persistence unit 'default'
2025-05-01T18:51:55.053+05:45  INFO 805344 --- [EcommerceCommon] [Thread-5] com.zaxxer.hikari.HikariDataSource       : HikariPool-1 - Shutdown initiated...
2025-05-01T18:51:55.057+05:45  INFO 805344 --- [EcommerceCommon] [Thread-5] com.zaxxer.hikari.HikariDataSource       : HikariPool-1 - Shutdown completed.
2025-05-01T18:51:55.189+05:45  INFO 805344 --- [EcommerceCommon] [restartedMain] n.c.j.e.a.EcommerceBackendApplication    : Starting EcommerceBackendApplication using Java 21.0.7 with PID 805344 (/home/jp/Documents/eclipse-workspace/EcommerceProject/EcommerceWebParent/EcommerceBackend/target/classes started by jp in /home/jp/Documents/eclipse-workspace/EcommerceProject)
2025-05-01T18:51:55.190+05:45  INFO 805344 --- [EcommerceCommon] [restartedMain] n.c.j.e.a.EcommerceBackendApplication    : No active profile set, falling back to 1 default profile: "default"
2025-05-01T18:51:55.464+05:45  INFO 805344 --- [EcommerceCommon] [restartedMain] .s.d.r.c.RepositoryConfigurationDelegate : Bootstrapping Spring Data JPA repositories in DEFAULT mode.
2025-05-01T18:51:55.475+05:45  INFO 805344 --- [EcommerceCommon] [restartedMain] .s.d.r.c.RepositoryConfigurationDelegate : Finished Spring Data repository scanning in 10 ms. Found 2 JPA repository interfaces.
2025-05-01T18:51:55.645+05:45  INFO 805344 --- [EcommerceCommon] [restartedMain] o.s.b.w.embedded.tomcat.TomcatWebServer  : Tomcat initialized with port 8080 (http)
2025-05-01T18:51:55.648+05:45  INFO 805344 --- [EcommerceCommon] [restartedMain] o.apache.catalina.core.StandardService   : Starting service [Tomcat]
2025-05-01T18:51:55.648+05:45  INFO 805344 --- [EcommerceCommon] [restartedMain] o.apache.catalina.core.StandardEngine    : Starting Servlet engine: [Apache Tomcat/10.1.40]
2025-05-01T18:51:55.666+05:45  INFO 805344 --- [EcommerceCommon] [restartedMain] o.a.c.c.C.[Tomcat].[localhost].[/admin]  : Initializing Spring embedded WebApplicationContext
2025-05-01T18:51:55.667+05:45  INFO 805344 --- [EcommerceCommon] [restartedMain] w.s.c.ServletWebServerApplicationContext : Root WebApplicationContext: initialization completed in 473 ms
2025-05-01T18:51:55.730+05:45  INFO 805344 --- [EcommerceCommon] [restartedMain] o.hibernate.jpa.internal.util.LogHelper  : HHH000204: Processing PersistenceUnitInfo [name: default]
2025-05-01T18:51:55.734+05:45  INFO 805344 --- [EcommerceCommon] [restartedMain] o.h.c.internal.RegionFactoryInitiator    : HHH000026: Second-level cache disabled
2025-05-01T18:51:55.752+05:45  INFO 805344 --- [EcommerceCommon] [restartedMain] o.s.o.j.p.SpringPersistenceUnitInfo      : No LoadTimeWeaver setup: ignoring JPA class transformer
2025-05-01T18:51:55.754+05:45  INFO 805344 --- [EcommerceCommon] [restartedMain] com.zaxxer.hikari.HikariDataSource       : HikariPool-2 - Starting...
2025-05-01T18:51:55.863+05:45  INFO 805344 --- [EcommerceCommon] [restartedMain] com.zaxxer.hikari.pool.HikariPool        : HikariPool-2 - Added connection org.postgresql.jdbc.PgConnection@635bc2d4
2025-05-01T18:51:55.864+05:45  INFO 805344 --- [EcommerceCommon] [restartedMain] com.zaxxer.hikari.HikariDataSource       : HikariPool-2 - Start completed.
2025-05-01T18:51:55.869+05:45  WARN 805344 --- [EcommerceCommon] [restartedMain] org.hibernate.orm.deprecation            : HHH90000025: PostgreSQLDialect does not need to be specified explicitly using 'hibernate.dialect' (remove the property setting and it will be selected by default)
2025-05-01T18:51:55.974+05:45  INFO 805344 --- [EcommerceCommon] [restartedMain] o.h.e.t.j.p.i.JtaPlatformInitiator       : HHH000489: No JTA platform available (set 'hibernate.transaction.jta.platform' to enable JTA platform integration)
2025-05-01T18:51:56.142+05:45  INFO 805344 --- [EcommerceCommon] [restartedMain] j.LocalContainerEntityManagerFactoryBean : Initialized JPA EntityManagerFactory for persistence unit 'default'
2025-05-01T18:51:56.246+05:45  WARN 805344 --- [EcommerceCommon] [restartedMain] JpaBaseConfiguration$JpaWebConfiguration : spring.jpa.open-in-view is enabled by default. Therefore, database queries may be performed during view rendering. Explicitly configure spring.jpa.open-in-view to disable this warning
2025-05-01T18:51:56.259+05:45  INFO 805344 --- [EcommerceCommon] [restartedMain] o.s.b.a.w.s.WelcomePageHandlerMapping    : Adding welcome page template: index
2025-05-01T18:51:56.568+05:45  INFO 805344 --- [EcommerceCommon] [restartedMain] o.s.b.d.a.OptionalLiveReloadServer       : LiveReload server is running on port 35729
2025-05-01T18:51:56.588+05:45  INFO 805344 --- [EcommerceCommon] [restartedMain] o.s.b.w.embedded.tomcat.TomcatWebServer  : Tomcat started on port 8080 (http) with context path '/admin'
2025-05-01T18:51:56.591+05:45  INFO 805344 --- [EcommerceCommon] [restartedMain] n.c.j.e.a.EcommerceBackendApplication    : Started EcommerceBackendApplication in 1.455 seconds (process running for 658.363)
2025-05-01T18:51:56.594+05:45  INFO 805344 --- [EcommerceCommon] [restartedMain] .ConditionEvaluationDeltaLoggingListener : Condition evaluation unchanged
2025-05-01T18:52:32.044+05:45  INFO 805344 --- [EcommerceCommon] [File Watcher] rtingClassPathChangeChangedEventListener : Restarting due to 1 class path change (0 additions, 0 deletions, 1 modification)
2025-05-01T18:52:32.050+05:45  INFO 805344 --- [EcommerceCommon] [Thread-7] j.LocalContainerEntityManagerFactoryBean : Closing JPA EntityManagerFactory for persistence unit 'default'
2025-05-01T18:52:32.051+05:45  INFO 805344 --- [EcommerceCommon] [Thread-7] com.zaxxer.hikari.HikariDataSource       : HikariPool-2 - Shutdown initiated...
2025-05-01T18:52:32.053+05:45  INFO 805344 --- [EcommerceCommon] [Thread-7] com.zaxxer.hikari.HikariDataSource       : HikariPool-2 - Shutdown completed.
2025-05-01T18:52:32.173+05:45  INFO 805344 --- [EcommerceCommon] [restartedMain] n.c.j.e.a.EcommerceBackendApplication    : Starting EcommerceBackendApplication using Java 21.0.7 with PID 805344 (/home/jp/Documents/eclipse-workspace/EcommerceProject/EcommerceWebParent/EcommerceBackend/target/classes started by jp in /home/jp/Documents/eclipse-workspace/EcommerceProject)
2025-05-01T18:52:32.173+05:45  INFO 805344 --- [EcommerceCommon] [restartedMain] n.c.j.e.a.EcommerceBackendApplication    : No active profile set, falling back to 1 default profile: "default"
2025-05-01T18:52:32.401+05:45  INFO 805344 --- [EcommerceCommon] [restartedMain] .s.d.r.c.RepositoryConfigurationDelegate : Bootstrapping Spring Data JPA repositories in DEFAULT mode.
2025-05-01T18:52:32.414+05:45  INFO 805344 --- [EcommerceCommon] [restartedMain] .s.d.r.c.RepositoryConfigurationDelegate : Finished Spring Data repository scanning in 12 ms. Found 2 JPA repository interfaces.
2025-05-01T18:52:32.550+05:45  INFO 805344 --- [EcommerceCommon] [restartedMain] o.s.b.w.embedded.tomcat.TomcatWebServer  : Tomcat initialized with port 8080 (http)
2025-05-01T18:52:32.552+05:45  INFO 805344 --- [EcommerceCommon] [restartedMain] o.apache.catalina.core.StandardService   : Starting service [Tomcat]
2025-05-01T18:52:32.552+05:45  INFO 805344 --- [EcommerceCommon] [restartedMain] o.apache.catalina.core.StandardEngine    : Starting Servlet engine: [Apache Tomcat/10.1.40]
2025-05-01T18:52:32.566+05:45  INFO 805344 --- [EcommerceCommon] [restartedMain] o.a.c.c.C.[Tomcat].[localhost].[/admin]  : Initializing Spring embedded WebApplicationContext
2025-05-01T18:52:32.567+05:45  INFO 805344 --- [EcommerceCommon] [restartedMain] w.s.c.ServletWebServerApplicationContext : Root WebApplicationContext: initialization completed in 390 ms
2025-05-01T18:52:32.631+05:45  INFO 805344 --- [EcommerceCommon] [restartedMain] o.hibernate.jpa.internal.util.LogHelper  : HHH000204: Processing PersistenceUnitInfo [name: default]
2025-05-01T18:52:32.635+05:45  INFO 805344 --- [EcommerceCommon] [restartedMain] o.h.c.internal.RegionFactoryInitiator    : HHH000026: Second-level cache disabled
2025-05-01T18:52:32.646+05:45  INFO 805344 --- [EcommerceCommon] [restartedMain] o.s.o.j.p.SpringPersistenceUnitInfo      : No LoadTimeWeaver setup: ignoring JPA class transformer
2025-05-01T18:52:32.648+05:45  INFO 805344 --- [EcommerceCommon] [restartedMain] com.zaxxer.hikari.HikariDataSource       : HikariPool-3 - Starting...
2025-05-01T18:52:32.777+05:45  INFO 805344 --- [EcommerceCommon] [restartedMain] com.zaxxer.hikari.pool.HikariPool        : HikariPool-3 - Added connection org.postgresql.jdbc.PgConnection@2c75076
2025-05-01T18:52:32.778+05:45  INFO 805344 --- [EcommerceCommon] [restartedMain] com.zaxxer.hikari.HikariDataSource       : HikariPool-3 - Start completed.
2025-05-01T18:52:32.784+05:45  WARN 805344 --- [EcommerceCommon] [restartedMain] org.hibernate.orm.deprecation            : HHH90000025: PostgreSQLDialect does not need to be specified explicitly using 'hibernate.dialect' (remove the property setting and it will be selected by default)
2025-05-01T18:52:32.910+05:45  INFO 805344 --- [EcommerceCommon] [restartedMain] o.h.e.t.j.p.i.JtaPlatformInitiator       : HHH000489: No JTA platform available (set 'hibernate.transaction.jta.platform' to enable JTA platform integration)
2025-05-01T18:52:33.115+05:45  INFO 805344 --- [EcommerceCommon] [restartedMain] j.LocalContainerEntityManagerFactoryBean : Initialized JPA EntityManagerFactory for persistence unit 'default'
2025-05-01T18:52:33.211+05:45  WARN 805344 --- [EcommerceCommon] [restartedMain] JpaBaseConfiguration$JpaWebConfiguration : spring.jpa.open-in-view is enabled by default. Therefore, database queries may be performed during view rendering. Explicitly configure spring.jpa.open-in-view to disable this warning
2025-05-01T18:52:33.223+05:45  INFO 805344 --- [EcommerceCommon] [restartedMain] o.s.b.a.w.s.WelcomePageHandlerMapping    : Adding welcome page template: index
2025-05-01T18:52:33.504+05:45  INFO 805344 --- [EcommerceCommon] [restartedMain] o.s.b.d.a.OptionalLiveReloadServer       : LiveReload server is running on port 35729
2025-05-01T18:52:33.524+05:45  INFO 805344 --- [EcommerceCommon] [restartedMain] o.s.b.w.embedded.tomcat.TomcatWebServer  : Tomcat started on port 8080 (http) with context path '/admin'
2025-05-01T18:52:33.529+05:45  INFO 805344 --- [EcommerceCommon] [restartedMain] n.c.j.e.a.EcommerceBackendApplication    : Started EcommerceBackendApplication in 1.4 seconds (process running for 695.3)
2025-05-01T18:52:33.531+05:45  INFO 805344 --- [EcommerceCommon] [restartedMain] .ConditionEvaluationDeltaLoggingListener : Condition evaluation unchanged
2025-05-01T18:52:36.913+05:45  INFO 805344 --- [EcommerceCommon] [File Watcher] rtingClassPathChangeChangedEventListener : Restarting due to 1 class path change (0 additions, 0 deletions, 1 modification)
2025-05-01T18:52:36.919+05:45  INFO 805344 --- [EcommerceCommon] [Thread-11] j.LocalContainerEntityManagerFactoryBean : Closing JPA EntityManagerFactory for persistence unit 'default'
2025-05-01T18:52:36.920+05:45  INFO 805344 --- [EcommerceCommon] [Thread-11] com.zaxxer.hikari.HikariDataSource       : HikariPool-3 - Shutdown initiated...
2025-05-01T18:52:36.921+05:45  INFO 805344 --- [EcommerceCommon] [Thread-11] com.zaxxer.hikari.HikariDataSource       : HikariPool-3 - Shutdown completed.
2025-05-01T18:52:37.030+05:45  INFO 805344 --- [EcommerceCommon] [restartedMain] n.c.j.e.a.EcommerceBackendApplication    : Starting EcommerceBackendApplication using Java 21.0.7 with PID 805344 (/home/jp/Documents/eclipse-workspace/EcommerceProject/EcommerceWebParent/EcommerceBackend/target/classes started by jp in /home/jp/Documents/eclipse-workspace/EcommerceProject)
2025-05-01T18:52:37.031+05:45  INFO 805344 --- [EcommerceCommon] [restartedMain] n.c.j.e.a.EcommerceBackendApplication    : No active profile set, falling back to 1 default profile: "default"
2025-05-01T18:52:37.235+05:45  INFO 805344 --- [EcommerceCommon] [restartedMain] .s.d.r.c.RepositoryConfigurationDelegate : Bootstrapping Spring Data JPA repositories in DEFAULT mode.
2025-05-01T18:52:37.246+05:45  INFO 805344 --- [EcommerceCommon] [restartedMain] .s.d.r.c.RepositoryConfigurationDelegate : Finished Spring Data repository scanning in 10 ms. Found 2 JPA repository interfaces.
2025-05-01T18:52:37.379+05:45  INFO 805344 --- [EcommerceCommon] [restartedMain] o.s.b.w.embedded.tomcat.TomcatWebServer  : Tomcat initialized with port 8080 (http)
2025-05-01T18:52:37.381+05:45  INFO 805344 --- [EcommerceCommon] [restartedMain] o.apache.catalina.core.StandardService   : Starting service [Tomcat]
2025-05-01T18:52:37.381+05:45  INFO 805344 --- [EcommerceCommon] [restartedMain] o.apache.catalina.core.StandardEngine    : Starting Servlet engine: [Apache Tomcat/10.1.40]
2025-05-01T18:52:37.395+05:45  INFO 805344 --- [EcommerceCommon] [restartedMain] o.a.c.c.C.[Tomcat].[localhost].[/admin]  : Initializing Spring embedded WebApplicationContext
2025-05-01T18:52:37.396+05:45  INFO 805344 --- [EcommerceCommon] [restartedMain] w.s.c.ServletWebServerApplicationContext : Root WebApplicationContext: initialization completed in 362 ms
2025-05-01T18:52:37.459+05:45  INFO 805344 --- [EcommerceCommon] [restartedMain] o.hibernate.jpa.internal.util.LogHelper  : HHH000204: Processing PersistenceUnitInfo [name: default]
2025-05-01T18:52:37.462+05:45  INFO 805344 --- [EcommerceCommon] [restartedMain] o.h.c.internal.RegionFactoryInitiator    : HHH000026: Second-level cache disabled
2025-05-01T18:52:37.474+05:45  INFO 805344 --- [EcommerceCommon] [restartedMain] o.s.o.j.p.SpringPersistenceUnitInfo      : No LoadTimeWeaver setup: ignoring JPA class transformer
2025-05-01T18:52:37.475+05:45  INFO 805344 --- [EcommerceCommon] [restartedMain] com.zaxxer.hikari.HikariDataSource       : HikariPool-4 - Starting...
2025-05-01T18:52:37.511+05:45  INFO 805344 --- [EcommerceCommon] [restartedMain] com.zaxxer.hikari.pool.HikariPool        : HikariPool-4 - Added connection org.postgresql.jdbc.PgConnection@5e76f650
2025-05-01T18:52:37.511+05:45  INFO 805344 --- [EcommerceCommon] [restartedMain] com.zaxxer.hikari.HikariDataSource       : HikariPool-4 - Start completed.
2025-05-01T18:52:37.516+05:45  WARN 805344 --- [EcommerceCommon] [restartedMain] org.hibernate.orm.deprecation            : HHH90000025: PostgreSQLDialect does not need to be specified explicitly using 'hibernate.dialect' (remove the property setting and it will be selected by default)
2025-05-01T18:52:37.621+05:45  INFO 805344 --- [EcommerceCommon] [restartedMain] o.h.e.t.j.p.i.JtaPlatformInitiator       : HHH000489: No JTA platform available (set 'hibernate.transaction.jta.platform' to enable JTA platform integration)
2025-05-01T18:52:37.870+05:45  INFO 805344 --- [EcommerceCommon] [restartedMain] j.LocalContainerEntityManagerFactoryBean : Initialized JPA EntityManagerFactory for persistence unit 'default'
2025-05-01T18:52:37.987+05:45  WARN 805344 --- [EcommerceCommon] [restartedMain] JpaBaseConfiguration$JpaWebConfiguration : spring.jpa.open-in-view is enabled by default. Therefore, database queries may be performed during view rendering. Explicitly configure spring.jpa.open-in-view to disable this warning
2025-05-01T18:52:37.997+05:45  INFO 805344 --- [EcommerceCommon] [restartedMain] o.s.b.a.w.s.WelcomePageHandlerMapping    : Adding welcome page template: index
2025-05-01T18:52:38.294+05:45  INFO 805344 --- [EcommerceCommon] [restartedMain] o.s.b.d.a.OptionalLiveReloadServer       : LiveReload server is running on port 35729
2025-05-01T18:52:38.323+05:45  INFO 805344 --- [EcommerceCommon] [restartedMain] o.s.b.w.embedded.tomcat.TomcatWebServer  : Tomcat started on port 8080 (http) with context path '/admin'
2025-05-01T18:52:38.332+05:45  INFO 805344 --- [EcommerceCommon] [restartedMain] n.c.j.e.a.EcommerceBackendApplication    : Started EcommerceBackendApplication in 1.344 seconds (process running for 700.104)
2025-05-01T18:52:38.335+05:45  INFO 805344 --- [EcommerceCommon] [restartedMain] .ConditionEvaluationDeltaLoggingListener : Condition evaluation unchanged
2025-05-01T18:52:39.700+05:45  INFO 805344 --- [EcommerceCommon] [File Watcher] rtingClassPathChangeChangedEventListener : Restarting due to 1 class path change (0 additions, 0 deletions, 1 modification)
2025-05-01T18:52:39.706+05:45  INFO 805344 --- [EcommerceCommon] [Thread-15] j.LocalContainerEntityManagerFactoryBean : Closing JPA EntityManagerFactory for persistence unit 'default'
2025-05-01T18:52:39.707+05:45  INFO 805344 --- [EcommerceCommon] [Thread-15] com.zaxxer.hikari.HikariDataSource       : HikariPool-4 - Shutdown initiated...
2025-05-01T18:52:39.710+05:45  INFO 805344 --- [EcommerceCommon] [Thread-15] com.zaxxer.hikari.HikariDataSource       : HikariPool-4 - Shutdown completed.
2025-05-01T18:52:39.804+05:45  INFO 805344 --- [EcommerceCommon] [restartedMain] n.c.j.e.a.EcommerceBackendApplication    : Starting EcommerceBackendApplication using Java 21.0.7 with PID 805344 (/home/jp/Documents/eclipse-workspace/EcommerceProject/EcommerceWebParent/EcommerceBackend/target/classes started by jp in /home/jp/Documents/eclipse-workspace/EcommerceProject)
2025-05-01T18:52:39.805+05:45  INFO 805344 --- [EcommerceCommon] [restartedMain] n.c.j.e.a.EcommerceBackendApplication    : No active profile set, falling back to 1 default profile: "default"
2025-05-01T18:52:40.018+05:45  INFO 805344 --- [EcommerceCommon] [restartedMain] .s.d.r.c.RepositoryConfigurationDelegate : Bootstrapping Spring Data JPA repositories in DEFAULT mode.
2025-05-01T18:52:40.028+05:45  INFO 805344 --- [EcommerceCommon] [restartedMain] .s.d.r.c.RepositoryConfigurationDelegate : Finished Spring Data repository scanning in 9 ms. Found 2 JPA repository interfaces.
2025-05-01T18:52:40.151+05:45  INFO 805344 --- [EcommerceCommon] [restartedMain] o.s.b.w.embedded.tomcat.TomcatWebServer  : Tomcat initialized with port 8080 (http)
2025-05-01T18:52:40.153+05:45  INFO 805344 --- [EcommerceCommon] [restartedMain] o.apache.catalina.core.StandardService   : Starting service [Tomcat]
2025-05-01T18:52:40.153+05:45  INFO 805344 --- [EcommerceCommon] [restartedMain] o.apache.catalina.core.StandardEngine    : Starting Servlet engine: [Apache Tomcat/10.1.40]
2025-05-01T18:52:40.167+05:45  INFO 805344 --- [EcommerceCommon] [restartedMain] o.a.c.c.C.[Tomcat].[localhost].[/admin]  : Initializing Spring embedded WebApplicationContext
2025-05-01T18:52:40.167+05:45  INFO 805344 --- [EcommerceCommon] [restartedMain] w.s.c.ServletWebServerApplicationContext : Root WebApplicationContext: initialization completed in 359 ms
2025-05-01T18:52:40.226+05:45  INFO 805344 --- [EcommerceCommon] [restartedMain] o.hibernate.jpa.internal.util.LogHelper  : HHH000204: Processing PersistenceUnitInfo [name: default]
2025-05-01T18:52:40.229+05:45  INFO 805344 --- [EcommerceCommon] [restartedMain] o.h.c.internal.RegionFactoryInitiator    : HHH000026: Second-level cache disabled
2025-05-01T18:52:40.241+05:45  INFO 805344 --- [EcommerceCommon] [restartedMain] o.s.o.j.p.SpringPersistenceUnitInfo      : No LoadTimeWeaver setup: ignoring JPA class transformer
2025-05-01T18:52:40.242+05:45  INFO 805344 --- [EcommerceCommon] [restartedMain] com.zaxxer.hikari.HikariDataSource       : HikariPool-5 - Starting...
2025-05-01T18:52:40.278+05:45  INFO 805344 --- [EcommerceCommon] [restartedMain] com.zaxxer.hikari.pool.HikariPool        : HikariPool-5 - Added connection org.postgresql.jdbc.PgConnection@72479cae
2025-05-01T18:52:40.278+05:45  INFO 805344 --- [EcommerceCommon] [restartedMain] com.zaxxer.hikari.HikariDataSource       : HikariPool-5 - Start completed.
2025-05-01T18:52:40.283+05:45  WARN 805344 --- [EcommerceCommon] [restartedMain] org.hibernate.orm.deprecation            : HHH90000025: PostgreSQLDialect does not need to be specified explicitly using 'hibernate.dialect' (remove the property setting and it will be selected by default)
2025-05-01T18:52:40.363+05:45  INFO 805344 --- [EcommerceCommon] [restartedMain] o.h.e.t.j.p.i.JtaPlatformInitiator       : HHH000489: No JTA platform available (set 'hibernate.transaction.jta.platform' to enable JTA platform integration)
2025-05-01T18:52:40.565+05:45  INFO 805344 --- [EcommerceCommon] [restartedMain] j.LocalContainerEntityManagerFactoryBean : Initialized JPA EntityManagerFactory for persistence unit 'default'
2025-05-01T18:52:40.672+05:45  WARN 805344 --- [EcommerceCommon] [restartedMain] JpaBaseConfiguration$JpaWebConfiguration : spring.jpa.open-in-view is enabled by default. Therefore, database queries may be performed during view rendering. Explicitly configure spring.jpa.open-in-view to disable this warning
2025-05-01T18:52:40.685+05:45  INFO 805344 --- [EcommerceCommon] [restartedMain] o.s.b.a.w.s.WelcomePageHandlerMapping    : Adding welcome page template: index
2025-05-01T18:52:40.963+05:45  INFO 805344 --- [EcommerceCommon] [restartedMain] o.s.b.d.a.OptionalLiveReloadServer       : LiveReload server is running on port 35729
2025-05-01T18:52:40.984+05:45  INFO 805344 --- [EcommerceCommon] [restartedMain] o.s.b.w.embedded.tomcat.TomcatWebServer  : Tomcat started on port 8080 (http) with context path '/admin'
2025-05-01T18:52:40.989+05:45  INFO 805344 --- [EcommerceCommon] [restartedMain] n.c.j.e.a.EcommerceBackendApplication    : Started EcommerceBackendApplication in 1.221 seconds (process running for 702.761)
2025-05-01T18:52:40.991+05:45  INFO 805344 --- [EcommerceCommon] [restartedMain] .ConditionEvaluationDeltaLoggingListener : Condition evaluation unchanged
2025-05-01T18:52:54.400+05:45  INFO 805344 --- [EcommerceCommon] [http-nio-8080-exec-1] o.a.c.c.C.[Tomcat].[localhost].[/admin]  : Initializing Spring DispatcherServlet 'dispatcherServlet'
2025-05-01T18:52:54.400+05:45  INFO 805344 --- [EcommerceCommon] [http-nio-8080-exec-1] o.s.web.servlet.DispatcherServlet        : Initializing Servlet 'dispatcherServlet'
2025-05-01T18:52:54.402+05:45  INFO 805344 --- [EcommerceCommon] [http-nio-8080-exec-1] o.s.web.servlet.DispatcherServlet        : Completed initialization in 2 ms
2025-05-01T18:58:47.767+05:45 ERROR 805344 --- [EcommerceCommon] [http-nio-8080-exec-7] org.thymeleaf.TemplateEngine             : [THYMELEAF][http-nio-8080-exec-7] Exception processing template "users": An error happened during template parsing (template: "class path resource [templates/users.html]")

org.thymeleaf.exceptions.TemplateInputException: An error happened during template parsing (template: "class path resource [templates/users.html]")
	at org.thymeleaf.templateparser.markup.AbstractMarkupTemplateParser.parse(AbstractMarkupTemplateParser.java:241) ~[thymeleaf-3.1.3.RELEASE.jar:3.1.3.RELEASE]
	at org.thymeleaf.templateparser.markup.AbstractMarkupTemplateParser.parseStandalone(AbstractMarkupTemplateParser.java:100) ~[thymeleaf-3.1.3.RELEASE.jar:3.1.3.RELEASE]
	at org.thymeleaf.engine.TemplateManager.parseAndProcess(TemplateManager.java:666) ~[thymeleaf-3.1.3.RELEASE.jar:3.1.3.RELEASE]
	at org.thymeleaf.TemplateEngine.process(TemplateEngine.java:1103) ~[thymeleaf-3.1.3.RELEASE.jar:3.1.3.RELEASE]
	at org.thymeleaf.TemplateEngine.process(TemplateEngine.java:1077) ~[thymeleaf-3.1.3.RELEASE.jar:3.1.3.RELEASE]
	at org.thymeleaf.spring6.view.ThymeleafView.renderFragment(ThymeleafView.java:372) ~[thymeleaf-spring6-3.1.3.RELEASE.jar:3.1.3.RELEASE]
	at org.thymeleaf.spring6.view.ThymeleafView.render(ThymeleafView.java:192) ~[thymeleaf-spring6-3.1.3.RELEASE.jar:3.1.3.RELEASE]
	at org.springframework.web.servlet.DispatcherServlet.render(DispatcherServlet.java:1432) ~[spring-webmvc-6.1.19.jar:6.1.19]
	at org.springframework.web.servlet.DispatcherServlet.processDispatchResult(DispatcherServlet.java:1168) ~[spring-webmvc-6.1.19.jar:6.1.19]
	at org.springframework.web.servlet.DispatcherServlet.doDispatch(DispatcherServlet.java:1106) ~[spring-webmvc-6.1.19.jar:6.1.19]
	at org.springframework.web.servlet.DispatcherServlet.doService(DispatcherServlet.java:979) ~[spring-webmvc-6.1.19.jar:6.1.19]
	at org.springframework.web.servlet.FrameworkServlet.processRequest(FrameworkServlet.java:1014) ~[spring-webmvc-6.1.19.jar:6.1.19]
	at org.springframework.web.servlet.FrameworkServlet.doGet(FrameworkServlet.java:903) ~[spring-webmvc-6.1.19.jar:6.1.19]
	at jakarta.servlet.http.HttpServlet.service(HttpServlet.java:564) ~[tomcat-embed-core-10.1.40.jar:6.0]
	at org.springframework.web.servlet.FrameworkServlet.service(FrameworkServlet.java:885) ~[spring-webmvc-6.1.19.jar:6.1.19]
	at jakarta.servlet.http.HttpServlet.service(HttpServlet.java:658) ~[tomcat-embed-core-10.1.40.jar:6.0]
	at org.apache.catalina.core.ApplicationFilterChain.internalDoFilter(ApplicationFilterChain.java:195) ~[tomcat-embed-core-10.1.40.jar:10.1.40]
	at org.apache.catalina.core.ApplicationFilterChain.doFilter(ApplicationFilterChain.java:140) ~[tomcat-embed-core-10.1.40.jar:10.1.40]
	at org.apache.tomcat.websocket.server.WsFilter.doFilter(WsFilter.java:51) ~[tomcat-embed-websocket-10.1.40.jar:10.1.40]
	at org.apache.catalina.core.ApplicationFilterChain.internalDoFilter(ApplicationFilterChain.java:164) ~[tomcat-embed-core-10.1.40.jar:10.1.40]
	at org.apache.catalina.core.ApplicationFilterChain.doFilter(ApplicationFilterChain.java:140) ~[tomcat-embed-core-10.1.40.jar:10.1.40]
	at org.springframework.web.servlet.resource.ResourceUrlEncodingFilter.doFilter(ResourceUrlEncodingFilter.java:66) ~[spring-webmvc-6.1.19.jar:6.1.19]
	at org.apache.catalina.core.ApplicationFilterChain.internalDoFilter(ApplicationFilterChain.java:164) ~[tomcat-embed-core-10.1.40.jar:10.1.40]
	at org.apache.catalina.core.ApplicationFilterChain.doFilter(ApplicationFilterChain.java:140) ~[tomcat-embed-core-10.1.40.jar:10.1.40]
	at org.springframework.web.filter.RequestContextFilter.doFilterInternal(RequestContextFilter.java:100) ~[spring-web-6.1.19.jar:6.1.19]
	at org.springframework.web.filter.OncePerRequestFilter.doFilter(OncePerRequestFilter.java:116) ~[spring-web-6.1.19.jar:6.1.19]
	at org.apache.catalina.core.ApplicationFilterChain.internalDoFilter(ApplicationFilterChain.java:164) ~[tomcat-embed-core-10.1.40.jar:10.1.40]
	at org.apache.catalina.core.ApplicationFilterChain.doFilter(ApplicationFilterChain.java:140) ~[tomcat-embed-core-10.1.40.jar:10.1.40]
	at org.springframework.web.filter.FormContentFilter.doFilterInternal(FormContentFilter.java:93) ~[spring-web-6.1.19.jar:6.1.19]
	at org.springframework.web.filter.OncePerRequestFilter.doFilter(OncePerRequestFilter.java:116) ~[spring-web-6.1.19.jar:6.1.19]
	at org.apache.catalina.core.ApplicationFilterChain.internalDoFilter(ApplicationFilterChain.java:164) ~[tomcat-embed-core-10.1.40.jar:10.1.40]
	at org.apache.catalina.core.ApplicationFilterChain.doFilter(ApplicationFilterChain.java:140) ~[tomcat-embed-core-10.1.40.jar:10.1.40]
	at org.springframework.web.filter.CharacterEncodingFilter.doFilterInternal(CharacterEncodingFilter.java:201) ~[spring-web-6.1.19.jar:6.1.19]
	at org.springframework.web.filter.OncePerRequestFilter.doFilter(OncePerRequestFilter.java:116) ~[spring-web-6.1.19.jar:6.1.19]
	at org.apache.catalina.core.ApplicationFilterChain.internalDoFilter(ApplicationFilterChain.java:164) ~[tomcat-embed-core-10.1.40.jar:10.1.40]
	at org.apache.catalina.core.ApplicationFilterChain.doFilter(ApplicationFilterChain.java:140) ~[tomcat-embed-core-10.1.40.jar:10.1.40]
	at org.apache.catalina.core.StandardWrapperValve.invoke(StandardWrapperValve.java:167) ~[tomcat-embed-core-10.1.40.jar:10.1.40]
	at org.apache.catalina.core.StandardContextValve.invoke(StandardContextValve.java:90) ~[tomcat-embed-core-10.1.40.jar:10.1.40]
	at org.apache.catalina.authenticator.AuthenticatorBase.invoke(AuthenticatorBase.java:483) ~[tomcat-embed-core-10.1.40.jar:10.1.40]
	at org.apache.catalina.core.StandardHostValve.invoke(StandardHostValve.java:116) ~[tomcat-embed-core-10.1.40.jar:10.1.40]
	at org.apache.catalina.valves.ErrorReportValve.invoke(ErrorReportValve.java:93) ~[tomcat-embed-core-10.1.40.jar:10.1.40]
	at org.apache.catalina.core.StandardEngineValve.invoke(StandardEngineValve.java:74) ~[tomcat-embed-core-10.1.40.jar:10.1.40]
	at org.apache.catalina.connector.CoyoteAdapter.service(CoyoteAdapter.java:344) ~[tomcat-embed-core-10.1.40.jar:10.1.40]
	at org.apache.coyote.http11.Http11Processor.service(Http11Processor.java:398) ~[tomcat-embed-core-10.1.40.jar:10.1.40]
	at org.apache.coyote.AbstractProcessorLight.process(AbstractProcessorLight.java:63) ~[tomcat-embed-core-10.1.40.jar:10.1.40]
	at org.apache.coyote.AbstractProtocol$ConnectionHandler.process(AbstractProtocol.java:903) ~[tomcat-embed-core-10.1.40.jar:10.1.40]
	at org.apache.tomcat.util.net.NioEndpoint$SocketProcessor.doRun(NioEndpoint.java:1740) ~[tomcat-embed-core-10.1.40.jar:10.1.40]
	at org.apache.tomcat.util.net.SocketProcessorBase.run(SocketProcessorBase.java:52) ~[tomcat-embed-core-10.1.40.jar:10.1.40]
	at org.apache.tomcat.util.threads.ThreadPoolExecutor.runWorker(ThreadPoolExecutor.java:1189) ~[tomcat-embed-core-10.1.40.jar:10.1.40]
	at org.apache.tomcat.util.threads.ThreadPoolExecutor$Worker.run(ThreadPoolExecutor.java:658) ~[tomcat-embed-core-10.1.40.jar:10.1.40]
	at org.apache.tomcat.util.threads.TaskThread$WrappingRunnable.run(TaskThread.java:63) ~[tomcat-embed-core-10.1.40.jar:10.1.40]
	at java.base/java.lang.Thread.run(Thread.java:1583) ~[na:na]
Caused by: org.attoparser.ParseException: Exception evaluating SpringEL expression: "user.roles[0" (template: "users" - line 62, col 23)
	at org.attoparser.MarkupParser.parseDocument(MarkupParser.java:393) ~[attoparser-2.0.7.RELEASE.jar:2.0.7.RELEASE]
	at org.attoparser.MarkupParser.parse(MarkupParser.java:257) ~[attoparser-2.0.7.RELEASE.jar:2.0.7.RELEASE]
	at org.thymeleaf.templateparser.markup.AbstractMarkupTemplateParser.parse(AbstractMarkupTemplateParser.java:230) ~[thymeleaf-3.1.3.RELEASE.jar:3.1.3.RELEASE]
	... 51 common frames omitted
Caused by: org.thymeleaf.exceptions.TemplateProcessingException: Exception evaluating SpringEL expression: "user.roles[0" (template: "users" - line 62, col 23)
	at org.thymeleaf.spring6.expression.SPELVariableExpressionEvaluator.evaluate(SPELVariableExpressionEvaluator.java:292) ~[thymeleaf-spring6-3.1.3.RELEASE.jar:3.1.3.RELEASE]
	at org.thymeleaf.standard.expression.VariableExpression.executeVariableExpression(VariableExpression.java:166) ~[thymeleaf-3.1.3.RELEASE.jar:3.1.3.RELEASE]
	at org.thymeleaf.standard.expression.SimpleExpression.executeSimple(SimpleExpression.java:66) ~[thymeleaf-3.1.3.RELEASE.jar:3.1.3.RELEASE]
	at org.thymeleaf.standard.expression.Expression.execute(Expression.java:109) ~[thymeleaf-3.1.3.RELEASE.jar:3.1.3.RELEASE]
	at org.thymeleaf.standard.expression.Expression.execute(Expression.java:138) ~[thymeleaf-3.1.3.RELEASE.jar:3.1.3.RELEASE]
	at org.thymeleaf.standard.processor.AbstractStandardExpressionAttributeTagProcessor.doProcess(AbstractStandardExpressionAttributeTagProcessor.java:144) ~[thymeleaf-3.1.3.RELEASE.jar:3.1.3.RELEASE]
	at org.thymeleaf.processor.element.AbstractAttributeTagProcessor.doProcess(AbstractAttributeTagProcessor.java:74) ~[thymeleaf-3.1.3.RELEASE.jar:3.1.3.RELEASE]
	at org.thymeleaf.processor.element.AbstractElementTagProcessor.process(AbstractElementTagProcessor.java:95) ~[thymeleaf-3.1.3.RELEASE.jar:3.1.3.RELEASE]
	at org.thymeleaf.util.ProcessorConfigurationUtils$ElementTagProcessorWrapper.process(ProcessorConfigurationUtils.java:633) ~[thymeleaf-3.1.3.RELEASE.jar:3.1.3.RELEASE]
	at org.thymeleaf.engine.ProcessorTemplateHandler.handleOpenElement(ProcessorTemplateHandler.java:1314) ~[thymeleaf-3.1.3.RELEASE.jar:3.1.3.RELEASE]
	at org.thymeleaf.engine.OpenElementTag.beHandled(OpenElementTag.java:205) ~[thymeleaf-3.1.3.RELEASE.jar:3.1.3.RELEASE]
	at org.thymeleaf.engine.Model.process(Model.java:282) ~[thymeleaf-3.1.3.RELEASE.jar:3.1.3.RELEASE]
	at org.thymeleaf.engine.Model.process(Model.java:290) ~[thymeleaf-3.1.3.RELEASE.jar:3.1.3.RELEASE]
	at org.thymeleaf.engine.IteratedGatheringModelProcessable.processIterationModel(IteratedGatheringModelProcessable.java:368) ~[thymeleaf-3.1.3.RELEASE.jar:3.1.3.RELEASE]
	at org.thymeleaf.engine.IteratedGatheringModelProcessable.process(IteratedGatheringModelProcessable.java:222) ~[thymeleaf-3.1.3.RELEASE.jar:3.1.3.RELEASE]
	at org.thymeleaf.engine.ProcessorTemplateHandler.handleCloseElement(ProcessorTemplateHandler.java:1640) ~[thymeleaf-3.1.3.RELEASE.jar:3.1.3.RELEASE]
	at org.thymeleaf.engine.TemplateHandlerAdapterMarkupHandler.handleCloseElementEnd(TemplateHandlerAdapterMarkupHandler.java:388) ~[thymeleaf-3.1.3.RELEASE.jar:3.1.3.RELEASE]
	at org.thymeleaf.templateparser.markup.InlinedOutputExpressionMarkupHandler$InlineMarkupAdapterPreProcessorHandler.handleCloseElementEnd(InlinedOutputExpressionMarkupHandler.java:322) ~[thymeleaf-3.1.3.RELEASE.jar:3.1.3.RELEASE]
	at org.thymeleaf.standard.inline.OutputExpressionInlinePreProcessorHandler.handleCloseElementEnd(OutputExpressionInlinePreProcessorHandler.java:220) ~[thymeleaf-3.1.3.RELEASE.jar:3.1.3.RELEASE]
	at org.thymeleaf.templateparser.markup.InlinedOutputExpressionMarkupHandler.handleCloseElementEnd(InlinedOutputExpressionMarkupHandler.java:164) ~[thymeleaf-3.1.3.RELEASE.jar:3.1.3.RELEASE]
	at org.attoparser.HtmlElement.handleCloseElementEnd(HtmlElement.java:169) ~[attoparser-2.0.7.RELEASE.jar:2.0.7.RELEASE]
	at org.attoparser.HtmlMarkupHandler.handleCloseElementEnd(HtmlMarkupHandler.java:412) ~[attoparser-2.0.7.RELEASE.jar:2.0.7.RELEASE]
	at org.attoparser.MarkupEventProcessorHandler.handleCloseElementEnd(MarkupEventProcessorHandler.java:473) ~[attoparser-2.0.7.RELEASE.jar:2.0.7.RELEASE]
	at org.attoparser.ParsingElementMarkupUtil.parseCloseElement(ParsingElementMarkupUtil.java:201) ~[attoparser-2.0.7.RELEASE.jar:2.0.7.RELEASE]
	at org.attoparser.MarkupParser.parseBuffer(MarkupParser.java:725) ~[attoparser-2.0.7.RELEASE.jar:2.0.7.RELEASE]
	at org.attoparser.MarkupParser.parseDocument(MarkupParser.java:301) ~[attoparser-2.0.7.RELEASE.jar:2.0.7.RELEASE]
	... 53 common frames omitted
Caused by: org.springframework.expression.spel.SpelParseException: Expression [user.roles[0] @12: EL1044E: Unexpectedly ran out of input
	at org.springframework.expression.spel.standard.InternalSpelExpressionParser.internalException(InternalSpelExpressionParser.java:1063) ~[spring-expression-6.1.19.jar:6.1.19]
	at org.springframework.expression.spel.standard.InternalSpelExpressionParser.eatToken(InternalSpelExpressionParser.java:942) ~[spring-expression-6.1.19.jar:6.1.19]
	at org.springframework.expression.spel.standard.InternalSpelExpressionParser.maybeEatIndexer(InternalSpelExpressionParser.java:707) ~[spring-expression-6.1.19.jar:6.1.19]
	at org.springframework.expression.spel.standard.InternalSpelExpressionParser.eatNonDottedNode(InternalSpelExpressionParser.java:398) ~[spring-expression-6.1.19.jar:6.1.19]
	at org.springframework.expression.spel.standard.InternalSpelExpressionParser.eatNode(InternalSpelExpressionParser.java:391) ~[spring-expression-6.1.19.jar:6.1.19]
	at org.springframework.expression.spel.standard.InternalSpelExpressionParser.eatPrimaryExpression(InternalSpelExpressionParser.java:379) ~[spring-expression-6.1.19.jar:6.1.19]
	at org.springframework.expression.spel.standard.InternalSpelExpressionParser.eatUnaryExpression(InternalSpelExpressionParser.java:364) ~[spring-expression-6.1.19.jar:6.1.19]
	at org.springframework.expression.spel.standard.InternalSpelExpressionParser.eatPowerIncDecExpression(InternalSpelExpressionParser.java:318) ~[spring-expression-6.1.19.jar:6.1.19]
	at org.springframework.expression.spel.standard.InternalSpelExpressionParser.eatProductExpression(InternalSpelExpressionParser.java:297) ~[spring-expression-6.1.19.jar:6.1.19]
	at org.springframework.expression.spel.standard.InternalSpelExpressionParser.eatSumExpression(InternalSpelExpressionParser.java:279) ~[spring-expression-6.1.19.jar:6.1.19]
	at org.springframework.expression.spel.standard.InternalSpelExpressionParser.eatRelationalExpression(InternalSpelExpressionParser.java:234) ~[spring-expression-6.1.19.jar:6.1.19]
	at org.springframework.expression.spel.standard.InternalSpelExpressionParser.eatLogicalAndExpression(InternalSpelExpressionParser.java:221) ~[spring-expression-6.1.19.jar:6.1.19]
	at org.springframework.expression.spel.standard.InternalSpelExpressionParser.eatLogicalOrExpression(InternalSpelExpressionParser.java:208) ~[spring-expression-6.1.19.jar:6.1.19]
	at org.springframework.expression.spel.standard.InternalSpelExpressionParser.eatExpression(InternalSpelExpressionParser.java:169) ~[spring-expression-6.1.19.jar:6.1.19]
	at org.springframework.expression.spel.standard.InternalSpelExpressionParser.doParseExpression(InternalSpelExpressionParser.java:139) ~[spring-expression-6.1.19.jar:6.1.19]
	at org.springframework.expression.spel.standard.SpelExpressionParser.doParseExpression(SpelExpressionParser.java:63) ~[spring-expression-6.1.19.jar:6.1.19]
	at org.springframework.expression.spel.standard.SpelExpressionParser.doParseExpression(SpelExpressionParser.java:34) ~[spring-expression-6.1.19.jar:6.1.19]
	at org.springframework.expression.common.TemplateAwareExpressionParser.parseExpression(TemplateAwareExpressionParser.java:59) ~[spring-expression-6.1.19.jar:6.1.19]
	at org.springframework.expression.common.TemplateAwareExpressionParser.parseExpression(TemplateAwareExpressionParser.java:48) ~[spring-expression-6.1.19.jar:6.1.19]
	at org.thymeleaf.spring6.expression.SPELVariableExpressionEvaluator.getExpression(SPELVariableExpressionEvaluator.java:373) ~[thymeleaf-spring6-3.1.3.RELEASE.jar:3.1.3.RELEASE]
	at org.thymeleaf.spring6.expression.SPELVariableExpressionEvaluator.obtainComputedSpelExpression(SPELVariableExpressionEvaluator.java:321) ~[thymeleaf-spring6-3.1.3.RELEASE.jar:3.1.3.RELEASE]
	at org.thymeleaf.spring6.expression.SPELVariableExpressionEvaluator.evaluate(SPELVariableExpressionEvaluator.java:182) ~[thymeleaf-spring6-3.1.3.RELEASE.jar:3.1.3.RELEASE]
	... 78 common frames omitted

2025-05-01T18:58:47.787+05:45 ERROR 805344 --- [EcommerceCommon] [http-nio-8080-exec-7] o.a.c.c.C.[.[.[.[dispatcherServlet]      : Servlet.service() for servlet [dispatcherServlet] in context with path [/admin] threw exception [Request processing failed: org.thymeleaf.exceptions.TemplateInputException: An error happened during template parsing (template: "class path resource [templates/users.html]")] with root cause

org.springframework.expression.spel.SpelParseException: Expression [user.roles[0] @12: EL1044E: Unexpectedly ran out of input
	at org.springframework.expression.spel.standard.InternalSpelExpressionParser.internalException(InternalSpelExpressionParser.java:1063) ~[spring-expression-6.1.19.jar:6.1.19]
	at org.springframework.expression.spel.standard.InternalSpelExpressionParser.eatToken(InternalSpelExpressionParser.java:942) ~[spring-expression-6.1.19.jar:6.1.19]
	at org.springframework.expression.spel.standard.InternalSpelExpressionParser.maybeEatIndexer(InternalSpelExpressionParser.java:707) ~[spring-expression-6.1.19.jar:6.1.19]
	at org.springframework.expression.spel.standard.InternalSpelExpressionParser.eatNonDottedNode(InternalSpelExpressionParser.java:398) ~[spring-expression-6.1.19.jar:6.1.19]
	at org.springframework.expression.spel.standard.InternalSpelExpressionParser.eatNode(InternalSpelExpressionParser.java:391) ~[spring-expression-6.1.19.jar:6.1.19]
	at org.springframework.expression.spel.standard.InternalSpelExpressionParser.eatPrimaryExpression(InternalSpelExpressionParser.java:379) ~[spring-expression-6.1.19.jar:6.1.19]
	at org.springframework.expression.spel.standard.InternalSpelExpressionParser.eatUnaryExpression(InternalSpelExpressionParser.java:364) ~[spring-expression-6.1.19.jar:6.1.19]
	at org.springframework.expression.spel.standard.InternalSpelExpressionParser.eatPowerIncDecExpression(InternalSpelExpressionParser.java:318) ~[spring-expression-6.1.19.jar:6.1.19]
	at org.springframework.expression.spel.standard.InternalSpelExpressionParser.eatProductExpression(InternalSpelExpressionParser.java:297) ~[spring-expression-6.1.19.jar:6.1.19]
	at org.springframework.expression.spel.standard.InternalSpelExpressionParser.eatSumExpression(InternalSpelExpressionParser.java:279) ~[spring-expression-6.1.19.jar:6.1.19]
	at org.springframework.expression.spel.standard.InternalSpelExpressionParser.eatRelationalExpression(InternalSpelExpressionParser.java:234) ~[spring-expression-6.1.19.jar:6.1.19]
	at org.springframework.expression.spel.standard.InternalSpelExpressionParser.eatLogicalAndExpression(InternalSpelExpressionParser.java:221) ~[spring-expression-6.1.19.jar:6.1.19]
	at org.springframework.expression.spel.standard.InternalSpelExpressionParser.eatLogicalOrExpression(InternalSpelExpressionParser.java:208) ~[spring-expression-6.1.19.jar:6.1.19]
	at org.springframework.expression.spel.standard.InternalSpelExpressionParser.eatExpression(InternalSpelExpressionParser.java:169) ~[spring-expression-6.1.19.jar:6.1.19]
	at org.springframework.expression.spel.standard.InternalSpelExpressionParser.doParseExpression(InternalSpelExpressionParser.java:139) ~[spring-expression-6.1.19.jar:6.1.19]
	at org.springframework.expression.spel.standard.SpelExpressionParser.doParseExpression(SpelExpressionParser.java:63) ~[spring-expression-6.1.19.jar:6.1.19]
	at org.springframework.expression.spel.standard.SpelExpressionParser.doParseExpression(SpelExpressionParser.java:34) ~[spring-expression-6.1.19.jar:6.1.19]
	at org.springframework.expression.common.TemplateAwareExpressionParser.parseExpression(TemplateAwareExpressionParser.java:59) ~[spring-expression-6.1.19.jar:6.1.19]
	at org.springframework.expression.common.TemplateAwareExpressionParser.parseExpression(TemplateAwareExpressionParser.java:48) ~[spring-expression-6.1.19.jar:6.1.19]
	at org.thymeleaf.spring6.expression.SPELVariableExpressionEvaluator.getExpression(SPELVariableExpressionEvaluator.java:373) ~[thymeleaf-spring6-3.1.3.RELEASE.jar:3.1.3.RELEASE]
	at org.thymeleaf.spring6.expression.SPELVariableExpressionEvaluator.obtainComputedSpelExpression(SPELVariableExpressionEvaluator.java:321) ~[thymeleaf-spring6-3.1.3.RELEASE.jar:3.1.3.RELEASE]
	at org.thymeleaf.spring6.expression.SPELVariableExpressionEvaluator.evaluate(SPELVariableExpressionEvaluator.java:182) ~[thymeleaf-spring6-3.1.3.RELEASE.jar:3.1.3.RELEASE]
	at org.thymeleaf.standard.expression.VariableExpression.executeVariableExpression(VariableExpression.java:166) ~[thymeleaf-3.1.3.RELEASE.jar:3.1.3.RELEASE]
	at org.thymeleaf.standard.expression.SimpleExpression.executeSimple(SimpleExpression.java:66) ~[thymeleaf-3.1.3.RELEASE.jar:3.1.3.RELEASE]
	at org.thymeleaf.standard.expression.Expression.execute(Expression.java:109) ~[thymeleaf-3.1.3.RELEASE.jar:3.1.3.RELEASE]
	at org.thymeleaf.standard.expression.Expression.execute(Expression.java:138) ~[thymeleaf-3.1.3.RELEASE.jar:3.1.3.RELEASE]
	at org.thymeleaf.standard.processor.AbstractStandardExpressionAttributeTagProcessor.doProcess(AbstractStandardExpressionAttributeTagProcessor.java:144) ~[thymeleaf-3.1.3.RELEASE.jar:3.1.3.RELEASE]
	at org.thymeleaf.processor.element.AbstractAttributeTagProcessor.doProcess(AbstractAttributeTagProcessor.java:74) ~[thymeleaf-3.1.3.RELEASE.jar:3.1.3.RELEASE]
	at org.thymeleaf.processor.element.AbstractElementTagProcessor.process(AbstractElementTagProcessor.java:95) ~[thymeleaf-3.1.3.RELEASE.jar:3.1.3.RELEASE]
	at org.thymeleaf.util.ProcessorConfigurationUtils$ElementTagProcessorWrapper.process(ProcessorConfigurationUtils.java:633) ~[thymeleaf-3.1.3.RELEASE.jar:3.1.3.RELEASE]
	at org.thymeleaf.engine.ProcessorTemplateHandler.handleOpenElement(ProcessorTemplateHandler.java:1314) ~[thymeleaf-3.1.3.RELEASE.jar:3.1.3.RELEASE]
	at org.thymeleaf.engine.OpenElementTag.beHandled(OpenElementTag.java:205) ~[thymeleaf-3.1.3.RELEASE.jar:3.1.3.RELEASE]
	at org.thymeleaf.engine.Model.process(Model.java:282) ~[thymeleaf-3.1.3.RELEASE.jar:3.1.3.RELEASE]
	at org.thymeleaf.engine.Model.process(Model.java:290) ~[thymeleaf-3.1.3.RELEASE.jar:3.1.3.RELEASE]
	at org.thymeleaf.engine.IteratedGatheringModelProcessable.processIterationModel(IteratedGatheringModelProcessable.java:368) ~[thymeleaf-3.1.3.RELEASE.jar:3.1.3.RELEASE]
	at org.thymeleaf.engine.IteratedGatheringModelProcessable.process(IteratedGatheringModelProcessable.java:222) ~[thymeleaf-3.1.3.RELEASE.jar:3.1.3.RELEASE]
	at org.thymeleaf.engine.ProcessorTemplateHandler.handleCloseElement(ProcessorTemplateHandler.java:1640) ~[thymeleaf-3.1.3.RELEASE.jar:3.1.3.RELEASE]
	at org.thymeleaf.engine.TemplateHandlerAdapterMarkupHandler.handleCloseElementEnd(TemplateHandlerAdapterMarkupHandler.java:388) ~[thymeleaf-3.1.3.RELEASE.jar:3.1.3.RELEASE]
	at org.thymeleaf.templateparser.markup.InlinedOutputExpressionMarkupHandler$InlineMarkupAdapterPreProcessorHandler.handleCloseElementEnd(InlinedOutputExpressionMarkupHandler.java:322) ~[thymeleaf-3.1.3.RELEASE.jar:3.1.3.RELEASE]
	at org.thymeleaf.standard.inline.OutputExpressionInlinePreProcessorHandler.handleCloseElementEnd(OutputExpressionInlinePreProcessorHandler.java:220) ~[thymeleaf-3.1.3.RELEASE.jar:3.1.3.RELEASE]
	at org.thymeleaf.templateparser.markup.InlinedOutputExpressionMarkupHandler.handleCloseElementEnd(InlinedOutputExpressionMarkupHandler.java:164) ~[thymeleaf-3.1.3.RELEASE.jar:3.1.3.RELEASE]
	at org.attoparser.HtmlElement.handleCloseElementEnd(HtmlElement.java:169) ~[attoparser-2.0.7.RELEASE.jar:2.0.7.RELEASE]
	at org.attoparser.HtmlMarkupHandler.handleCloseElementEnd(HtmlMarkupHandler.java:412) ~[attoparser-2.0.7.RELEASE.jar:2.0.7.RELEASE]
	at org.attoparser.MarkupEventProcessorHandler.handleCloseElementEnd(MarkupEventProcessorHandler.java:473) ~[attoparser-2.0.7.RELEASE.jar:2.0.7.RELEASE]
	at org.attoparser.ParsingElementMarkupUtil.parseCloseElement(ParsingElementMarkupUtil.java:201) ~[attoparser-2.0.7.RELEASE.jar:2.0.7.RELEASE]
	at org.attoparser.MarkupParser.parseBuffer(MarkupParser.java:725) ~[attoparser-2.0.7.RELEASE.jar:2.0.7.RELEASE]
	at org.attoparser.MarkupParser.parseDocument(MarkupParser.java:301) ~[attoparser-2.0.7.RELEASE.jar:2.0.7.RELEASE]
	at org.attoparser.MarkupParser.parse(MarkupParser.java:257) ~[attoparser-2.0.7.RELEASE.jar:2.0.7.RELEASE]
	at org.thymeleaf.templateparser.markup.AbstractMarkupTemplateParser.parse(AbstractMarkupTemplateParser.java:230) ~[thymeleaf-3.1.3.RELEASE.jar:3.1.3.RELEASE]
	at org.thymeleaf.templateparser.markup.AbstractMarkupTemplateParser.parseStandalone(AbstractMarkupTemplateParser.java:100) ~[thymeleaf-3.1.3.RELEASE.jar:3.1.3.RELEASE]
	at org.thymeleaf.engine.TemplateManager.parseAndProcess(TemplateManager.java:666) ~[thymeleaf-3.1.3.RELEASE.jar:3.1.3.RELEASE]
	at org.thymeleaf.TemplateEngine.process(TemplateEngine.java:1103) ~[thymeleaf-3.1.3.RELEASE.jar:3.1.3.RELEASE]
	at org.thymeleaf.TemplateEngine.process(TemplateEngine.java:1077) ~[thymeleaf-3.1.3.RELEASE.jar:3.1.3.RELEASE]
	at org.thymeleaf.spring6.view.ThymeleafView.renderFragment(ThymeleafView.java:372) ~[thymeleaf-spring6-3.1.3.RELEASE.jar:3.1.3.RELEASE]
	at org.thymeleaf.spring6.view.ThymeleafView.render(ThymeleafView.java:192) ~[thymeleaf-spring6-3.1.3.RELEASE.jar:3.1.3.RELEASE]
	at org.springframework.web.servlet.DispatcherServlet.render(DispatcherServlet.java:1432) ~[spring-webmvc-6.1.19.jar:6.1.19]
	at org.springframework.web.servlet.DispatcherServlet.processDispatchResult(DispatcherServlet.java:1168) ~[spring-webmvc-6.1.19.jar:6.1.19]
	at org.springframework.web.servlet.DispatcherServlet.doDispatch(DispatcherServlet.java:1106) ~[spring-webmvc-6.1.19.jar:6.1.19]
	at org.springframework.web.servlet.DispatcherServlet.doService(DispatcherServlet.java:979) ~[spring-webmvc-6.1.19.jar:6.1.19]
	at org.springframework.web.servlet.FrameworkServlet.processRequest(FrameworkServlet.java:1014) ~[spring-webmvc-6.1.19.jar:6.1.19]
	at org.springframework.web.servlet.FrameworkServlet.doGet(FrameworkServlet.java:903) ~[spring-webmvc-6.1.19.jar:6.1.19]
	at jakarta.servlet.http.HttpServlet.service(HttpServlet.java:564) ~[tomcat-embed-core-10.1.40.jar:6.0]
	at org.springframework.web.servlet.FrameworkServlet.service(FrameworkServlet.java:885) ~[spring-webmvc-6.1.19.jar:6.1.19]
	at jakarta.servlet.http.HttpServlet.service(HttpServlet.java:658) ~[tomcat-embed-core-10.1.40.jar:6.0]
	at org.apache.catalina.core.ApplicationFilterChain.internalDoFilter(ApplicationFilterChain.java:195) ~[tomcat-embed-core-10.1.40.jar:10.1.40]
	at org.apache.catalina.core.ApplicationFilterChain.doFilter(ApplicationFilterChain.java:140) ~[tomcat-embed-core-10.1.40.jar:10.1.40]
	at org.apache.tomcat.websocket.server.WsFilter.doFilter(WsFilter.java:51) ~[tomcat-embed-websocket-10.1.40.jar:10.1.40]
	at org.apache.catalina.core.ApplicationFilterChain.internalDoFilter(ApplicationFilterChain.java:164) ~[tomcat-embed-core-10.1.40.jar:10.1.40]
	at org.apache.catalina.core.ApplicationFilterChain.doFilter(ApplicationFilterChain.java:140) ~[tomcat-embed-core-10.1.40.jar:10.1.40]
	at org.springframework.web.servlet.resource.ResourceUrlEncodingFilter.doFilter(ResourceUrlEncodingFilter.java:66) ~[spring-webmvc-6.1.19.jar:6.1.19]
	at org.apache.catalina.core.ApplicationFilterChain.internalDoFilter(ApplicationFilterChain.java:164) ~[tomcat-embed-core-10.1.40.jar:10.1.40]
	at org.apache.catalina.core.ApplicationFilterChain.doFilter(ApplicationFilterChain.java:140) ~[tomcat-embed-core-10.1.40.jar:10.1.40]
	at org.springframework.web.filter.RequestContextFilter.doFilterInternal(RequestContextFilter.java:100) ~[spring-web-6.1.19.jar:6.1.19]
	at org.springframework.web.filter.OncePerRequestFilter.doFilter(OncePerRequestFilter.java:116) ~[spring-web-6.1.19.jar:6.1.19]
	at org.apache.catalina.core.ApplicationFilterChain.internalDoFilter(ApplicationFilterChain.java:164) ~[tomcat-embed-core-10.1.40.jar:10.1.40]
	at org.apache.catalina.core.ApplicationFilterChain.doFilter(ApplicationFilterChain.java:140) ~[tomcat-embed-core-10.1.40.jar:10.1.40]
	at org.springframework.web.filter.FormContentFilter.doFilterInternal(FormContentFilter.java:93) ~[spring-web-6.1.19.jar:6.1.19]
	at org.springframework.web.filter.OncePerRequestFilter.doFilter(OncePerRequestFilter.java:116) ~[spring-web-6.1.19.jar:6.1.19]
	at org.apache.catalina.core.ApplicationFilterChain.internalDoFilter(ApplicationFilterChain.java:164) ~[tomcat-embed-core-10.1.40.jar:10.1.40]
	at org.apache.catalina.core.ApplicationFilterChain.doFilter(ApplicationFilterChain.java:140) ~[tomcat-embed-core-10.1.40.jar:10.1.40]
	at org.springframework.web.filter.CharacterEncodingFilter.doFilterInternal(CharacterEncodingFilter.java:201) ~[spring-web-6.1.19.jar:6.1.19]
	at org.springframework.web.filter.OncePerRequestFilter.doFilter(OncePerRequestFilter.java:116) ~[spring-web-6.1.19.jar:6.1.19]
	at org.apache.catalina.core.ApplicationFilterChain.internalDoFilter(ApplicationFilterChain.java:164) ~[tomcat-embed-core-10.1.40.jar:10.1.40]
	at org.apache.catalina.core.ApplicationFilterChain.doFilter(ApplicationFilterChain.java:140) ~[tomcat-embed-core-10.1.40.jar:10.1.40]
	at org.apache.catalina.core.StandardWrapperValve.invoke(StandardWrapperValve.java:167) ~[tomcat-embed-core-10.1.40.jar:10.1.40]
	at org.apache.catalina.core.StandardContextValve.invoke(StandardContextValve.java:90) ~[tomcat-embed-core-10.1.40.jar:10.1.40]
	at org.apache.catalina.authenticator.AuthenticatorBase.invoke(AuthenticatorBase.java:483) ~[tomcat-embed-core-10.1.40.jar:10.1.40]
	at org.apache.catalina.core.StandardHostValve.invoke(StandardHostValve.java:116) ~[tomcat-embed-core-10.1.40.jar:10.1.40]
	at org.apache.catalina.valves.ErrorReportValve.invoke(ErrorReportValve.java:93) ~[tomcat-embed-core-10.1.40.jar:10.1.40]
	at org.apache.catalina.core.StandardEngineValve.invoke(StandardEngineValve.java:74) ~[tomcat-embed-core-10.1.40.jar:10.1.40]
	at org.apache.catalina.connector.CoyoteAdapter.service(CoyoteAdapter.java:344) ~[tomcat-embed-core-10.1.40.jar:10.1.40]
	at org.apache.coyote.http11.Http11Processor.service(Http11Processor.java:398) ~[tomcat-embed-core-10.1.40.jar:10.1.40]
	at org.apache.coyote.AbstractProcessorLight.process(AbstractProcessorLight.java:63) ~[tomcat-embed-core-10.1.40.jar:10.1.40]
	at org.apache.coyote.AbstractProtocol$ConnectionHandler.process(AbstractProtocol.java:903) ~[tomcat-embed-core-10.1.40.jar:10.1.40]
	at org.apache.tomcat.util.net.NioEndpoint$SocketProcessor.doRun(NioEndpoint.java:1740) ~[tomcat-embed-core-10.1.40.jar:10.1.40]
	at org.apache.tomcat.util.net.SocketProcessorBase.run(SocketProcessorBase.java:52) ~[tomcat-embed-core-10.1.40.jar:10.1.40]
	at org.apache.tomcat.util.threads.ThreadPoolExecutor.runWorker(ThreadPoolExecutor.java:1189) ~[tomcat-embed-core-10.1.40.jar:10.1.40]
	at org.apache.tomcat.util.threads.ThreadPoolExecutor$Worker.run(ThreadPoolExecutor.java:658) ~[tomcat-embed-core-10.1.40.jar:10.1.40]
	at org.apache.tomcat.util.threads.TaskThread$WrappingRunnable.run(TaskThread.java:63) ~[tomcat-embed-core-10.1.40.jar:10.1.40]
	at java.base/java.lang.Thread.run(Thread.java:1583) ~[na:na]

2025-05-01T18:59:01.193+05:45 ERROR 805344 --- [EcommerceCommon] [http-nio-8080-exec-4] org.thymeleaf.TemplateEngine             : [THYMELEAF][http-nio-8080-exec-4] Exception processing template "users": An error happened during template parsing (template: "class path resource [templates/users.html]")

org.thymeleaf.exceptions.TemplateInputException: An error happened during template parsing (template: "class path resource [templates/users.html]")
	at org.thymeleaf.templateparser.markup.AbstractMarkupTemplateParser.parse(AbstractMarkupTemplateParser.java:241) ~[thymeleaf-3.1.3.RELEASE.jar:3.1.3.RELEASE]
	at org.thymeleaf.templateparser.markup.AbstractMarkupTemplateParser.parseStandalone(AbstractMarkupTemplateParser.java:100) ~[thymeleaf-3.1.3.RELEASE.jar:3.1.3.RELEASE]
	at org.thymeleaf.engine.TemplateManager.parseAndProcess(TemplateManager.java:666) ~[thymeleaf-3.1.3.RELEASE.jar:3.1.3.RELEASE]
	at org.thymeleaf.TemplateEngine.process(TemplateEngine.java:1103) ~[thymeleaf-3.1.3.RELEASE.jar:3.1.3.RELEASE]
	at org.thymeleaf.TemplateEngine.process(TemplateEngine.java:1077) ~[thymeleaf-3.1.3.RELEASE.jar:3.1.3.RELEASE]
	at org.thymeleaf.spring6.view.ThymeleafView.renderFragment(ThymeleafView.java:372) ~[thymeleaf-spring6-3.1.3.RELEASE.jar:3.1.3.RELEASE]
	at org.thymeleaf.spring6.view.ThymeleafView.render(ThymeleafView.java:192) ~[thymeleaf-spring6-3.1.3.RELEASE.jar:3.1.3.RELEASE]
	at org.springframework.web.servlet.DispatcherServlet.render(DispatcherServlet.java:1432) ~[spring-webmvc-6.1.19.jar:6.1.19]
	at org.springframework.web.servlet.DispatcherServlet.processDispatchResult(DispatcherServlet.java:1168) ~[spring-webmvc-6.1.19.jar:6.1.19]
	at org.springframework.web.servlet.DispatcherServlet.doDispatch(DispatcherServlet.java:1106) ~[spring-webmvc-6.1.19.jar:6.1.19]
	at org.springframework.web.servlet.DispatcherServlet.doService(DispatcherServlet.java:979) ~[spring-webmvc-6.1.19.jar:6.1.19]
	at org.springframework.web.servlet.FrameworkServlet.processRequest(FrameworkServlet.java:1014) ~[spring-webmvc-6.1.19.jar:6.1.19]
	at org.springframework.web.servlet.FrameworkServlet.doGet(FrameworkServlet.java:903) ~[spring-webmvc-6.1.19.jar:6.1.19]
	at jakarta.servlet.http.HttpServlet.service(HttpServlet.java:564) ~[tomcat-embed-core-10.1.40.jar:6.0]
	at org.springframework.web.servlet.FrameworkServlet.service(FrameworkServlet.java:885) ~[spring-webmvc-6.1.19.jar:6.1.19]
	at jakarta.servlet.http.HttpServlet.service(HttpServlet.java:658) ~[tomcat-embed-core-10.1.40.jar:6.0]
	at org.apache.catalina.core.ApplicationFilterChain.internalDoFilter(ApplicationFilterChain.java:195) ~[tomcat-embed-core-10.1.40.jar:10.1.40]
	at org.apache.catalina.core.ApplicationFilterChain.doFilter(ApplicationFilterChain.java:140) ~[tomcat-embed-core-10.1.40.jar:10.1.40]
	at org.apache.tomcat.websocket.server.WsFilter.doFilter(WsFilter.java:51) ~[tomcat-embed-websocket-10.1.40.jar:10.1.40]
	at org.apache.catalina.core.ApplicationFilterChain.internalDoFilter(ApplicationFilterChain.java:164) ~[tomcat-embed-core-10.1.40.jar:10.1.40]
	at org.apache.catalina.core.ApplicationFilterChain.doFilter(ApplicationFilterChain.java:140) ~[tomcat-embed-core-10.1.40.jar:10.1.40]
	at org.springframework.web.servlet.resource.ResourceUrlEncodingFilter.doFilter(ResourceUrlEncodingFilter.java:66) ~[spring-webmvc-6.1.19.jar:6.1.19]
	at org.apache.catalina.core.ApplicationFilterChain.internalDoFilter(ApplicationFilterChain.java:164) ~[tomcat-embed-core-10.1.40.jar:10.1.40]
	at org.apache.catalina.core.ApplicationFilterChain.doFilter(ApplicationFilterChain.java:140) ~[tomcat-embed-core-10.1.40.jar:10.1.40]
	at org.springframework.web.filter.RequestContextFilter.doFilterInternal(RequestContextFilter.java:100) ~[spring-web-6.1.19.jar:6.1.19]
	at org.springframework.web.filter.OncePerRequestFilter.doFilter(OncePerRequestFilter.java:116) ~[spring-web-6.1.19.jar:6.1.19]
	at org.apache.catalina.core.ApplicationFilterChain.internalDoFilter(ApplicationFilterChain.java:164) ~[tomcat-embed-core-10.1.40.jar:10.1.40]
	at org.apache.catalina.core.ApplicationFilterChain.doFilter(ApplicationFilterChain.java:140) ~[tomcat-embed-core-10.1.40.jar:10.1.40]
	at org.springframework.web.filter.FormContentFilter.doFilterInternal(FormContentFilter.java:93) ~[spring-web-6.1.19.jar:6.1.19]
	at org.springframework.web.filter.OncePerRequestFilter.doFilter(OncePerRequestFilter.java:116) ~[spring-web-6.1.19.jar:6.1.19]
	at org.apache.catalina.core.ApplicationFilterChain.internalDoFilter(ApplicationFilterChain.java:164) ~[tomcat-embed-core-10.1.40.jar:10.1.40]
	at org.apache.catalina.core.ApplicationFilterChain.doFilter(ApplicationFilterChain.java:140) ~[tomcat-embed-core-10.1.40.jar:10.1.40]
	at org.springframework.web.filter.CharacterEncodingFilter.doFilterInternal(CharacterEncodingFilter.java:201) ~[spring-web-6.1.19.jar:6.1.19]
	at org.springframework.web.filter.OncePerRequestFilter.doFilter(OncePerRequestFilter.java:116) ~[spring-web-6.1.19.jar:6.1.19]
	at org.apache.catalina.core.ApplicationFilterChain.internalDoFilter(ApplicationFilterChain.java:164) ~[tomcat-embed-core-10.1.40.jar:10.1.40]
	at org.apache.catalina.core.ApplicationFilterChain.doFilter(ApplicationFilterChain.java:140) ~[tomcat-embed-core-10.1.40.jar:10.1.40]
	at org.apache.catalina.core.StandardWrapperValve.invoke(StandardWrapperValve.java:167) ~[tomcat-embed-core-10.1.40.jar:10.1.40]
	at org.apache.catalina.core.StandardContextValve.invoke(StandardContextValve.java:90) ~[tomcat-embed-core-10.1.40.jar:10.1.40]
	at org.apache.catalina.authenticator.AuthenticatorBase.invoke(AuthenticatorBase.java:483) ~[tomcat-embed-core-10.1.40.jar:10.1.40]
	at org.apache.catalina.core.StandardHostValve.invoke(StandardHostValve.java:116) ~[tomcat-embed-core-10.1.40.jar:10.1.40]
	at org.apache.catalina.valves.ErrorReportValve.invoke(ErrorReportValve.java:93) ~[tomcat-embed-core-10.1.40.jar:10.1.40]
	at org.apache.catalina.core.StandardEngineValve.invoke(StandardEngineValve.java:74) ~[tomcat-embed-core-10.1.40.jar:10.1.40]
	at org.apache.catalina.connector.CoyoteAdapter.service(CoyoteAdapter.java:344) ~[tomcat-embed-core-10.1.40.jar:10.1.40]
	at org.apache.coyote.http11.Http11Processor.service(Http11Processor.java:398) ~[tomcat-embed-core-10.1.40.jar:10.1.40]
	at org.apache.coyote.AbstractProcessorLight.process(AbstractProcessorLight.java:63) ~[tomcat-embed-core-10.1.40.jar:10.1.40]
	at org.apache.coyote.AbstractProtocol$ConnectionHandler.process(AbstractProtocol.java:903) ~[tomcat-embed-core-10.1.40.jar:10.1.40]
	at org.apache.tomcat.util.net.NioEndpoint$SocketProcessor.doRun(NioEndpoint.java:1740) ~[tomcat-embed-core-10.1.40.jar:10.1.40]
	at org.apache.tomcat.util.net.SocketProcessorBase.run(SocketProcessorBase.java:52) ~[tomcat-embed-core-10.1.40.jar:10.1.40]
	at org.apache.tomcat.util.threads.ThreadPoolExecutor.runWorker(ThreadPoolExecutor.java:1189) ~[tomcat-embed-core-10.1.40.jar:10.1.40]
	at org.apache.tomcat.util.threads.ThreadPoolExecutor$Worker.run(ThreadPoolExecutor.java:658) ~[tomcat-embed-core-10.1.40.jar:10.1.40]
	at org.apache.tomcat.util.threads.TaskThread$WrappingRunnable.run(TaskThread.java:63) ~[tomcat-embed-core-10.1.40.jar:10.1.40]
	at java.base/java.lang.Thread.run(Thread.java:1583) ~[na:na]
Caused by: org.attoparser.ParseException: Exception evaluating SpringEL expression: "user.roles[0].name" (template: "users" - line 62, col 23)
	at org.attoparser.MarkupParser.parseDocument(MarkupParser.java:393) ~[attoparser-2.0.7.RELEASE.jar:2.0.7.RELEASE]
	at org.attoparser.MarkupParser.parse(MarkupParser.java:257) ~[attoparser-2.0.7.RELEASE.jar:2.0.7.RELEASE]
	at org.thymeleaf.templateparser.markup.AbstractMarkupTemplateParser.parse(AbstractMarkupTemplateParser.java:230) ~[thymeleaf-3.1.3.RELEASE.jar:3.1.3.RELEASE]
	... 51 common frames omitted
Caused by: org.thymeleaf.exceptions.TemplateProcessingException: Exception evaluating SpringEL expression: "user.roles[0].name" (template: "users" - line 62, col 23)
	at org.thymeleaf.spring6.expression.SPELVariableExpressionEvaluator.evaluate(SPELVariableExpressionEvaluator.java:292) ~[thymeleaf-spring6-3.1.3.RELEASE.jar:3.1.3.RELEASE]
	at org.thymeleaf.standard.expression.VariableExpression.executeVariableExpression(VariableExpression.java:166) ~[thymeleaf-3.1.3.RELEASE.jar:3.1.3.RELEASE]
	at org.thymeleaf.standard.expression.SimpleExpression.executeSimple(SimpleExpression.java:66) ~[thymeleaf-3.1.3.RELEASE.jar:3.1.3.RELEASE]
	at org.thymeleaf.standard.expression.Expression.execute(Expression.java:109) ~[thymeleaf-3.1.3.RELEASE.jar:3.1.3.RELEASE]
	at org.thymeleaf.standard.expression.Expression.execute(Expression.java:138) ~[thymeleaf-3.1.3.RELEASE.jar:3.1.3.RELEASE]
	at org.thymeleaf.standard.processor.AbstractStandardExpressionAttributeTagProcessor.doProcess(AbstractStandardExpressionAttributeTagProcessor.java:144) ~[thymeleaf-3.1.3.RELEASE.jar:3.1.3.RELEASE]
	at org.thymeleaf.processor.element.AbstractAttributeTagProcessor.doProcess(AbstractAttributeTagProcessor.java:74) ~[thymeleaf-3.1.3.RELEASE.jar:3.1.3.RELEASE]
	at org.thymeleaf.processor.element.AbstractElementTagProcessor.process(AbstractElementTagProcessor.java:95) ~[thymeleaf-3.1.3.RELEASE.jar:3.1.3.RELEASE]
	at org.thymeleaf.util.ProcessorConfigurationUtils$ElementTagProcessorWrapper.process(ProcessorConfigurationUtils.java:633) ~[thymeleaf-3.1.3.RELEASE.jar:3.1.3.RELEASE]
	at org.thymeleaf.engine.ProcessorTemplateHandler.handleOpenElement(ProcessorTemplateHandler.java:1314) ~[thymeleaf-3.1.3.RELEASE.jar:3.1.3.RELEASE]
	at org.thymeleaf.engine.OpenElementTag.beHandled(OpenElementTag.java:205) ~[thymeleaf-3.1.3.RELEASE.jar:3.1.3.RELEASE]
	at org.thymeleaf.engine.Model.process(Model.java:282) ~[thymeleaf-3.1.3.RELEASE.jar:3.1.3.RELEASE]
	at org.thymeleaf.engine.Model.process(Model.java:290) ~[thymeleaf-3.1.3.RELEASE.jar:3.1.3.RELEASE]
	at org.thymeleaf.engine.IteratedGatheringModelProcessable.processIterationModel(IteratedGatheringModelProcessable.java:368) ~[thymeleaf-3.1.3.RELEASE.jar:3.1.3.RELEASE]
	at org.thymeleaf.engine.IteratedGatheringModelProcessable.process(IteratedGatheringModelProcessable.java:294) ~[thymeleaf-3.1.3.RELEASE.jar:3.1.3.RELEASE]
	at org.thymeleaf.engine.ProcessorTemplateHandler.handleCloseElement(ProcessorTemplateHandler.java:1640) ~[thymeleaf-3.1.3.RELEASE.jar:3.1.3.RELEASE]
	at org.thymeleaf.engine.TemplateHandlerAdapterMarkupHandler.handleCloseElementEnd(TemplateHandlerAdapterMarkupHandler.java:388) ~[thymeleaf-3.1.3.RELEASE.jar:3.1.3.RELEASE]
	at org.thymeleaf.templateparser.markup.InlinedOutputExpressionMarkupHandler$InlineMarkupAdapterPreProcessorHandler.handleCloseElementEnd(InlinedOutputExpressionMarkupHandler.java:322) ~[thymeleaf-3.1.3.RELEASE.jar:3.1.3.RELEASE]
	at org.thymeleaf.standard.inline.OutputExpressionInlinePreProcessorHandler.handleCloseElementEnd(OutputExpressionInlinePreProcessorHandler.java:220) ~[thymeleaf-3.1.3.RELEASE.jar:3.1.3.RELEASE]
	at org.thymeleaf.templateparser.markup.InlinedOutputExpressionMarkupHandler.handleCloseElementEnd(InlinedOutputExpressionMarkupHandler.java:164) ~[thymeleaf-3.1.3.RELEASE.jar:3.1.3.RELEASE]
	at org.attoparser.HtmlElement.handleCloseElementEnd(HtmlElement.java:169) ~[attoparser-2.0.7.RELEASE.jar:2.0.7.RELEASE]
	at org.attoparser.HtmlMarkupHandler.handleCloseElementEnd(HtmlMarkupHandler.java:412) ~[attoparser-2.0.7.RELEASE.jar:2.0.7.RELEASE]
	at org.attoparser.MarkupEventProcessorHandler.handleCloseElementEnd(MarkupEventProcessorHandler.java:473) ~[attoparser-2.0.7.RELEASE.jar:2.0.7.RELEASE]
	at org.attoparser.ParsingElementMarkupUtil.parseCloseElement(ParsingElementMarkupUtil.java:201) ~[attoparser-2.0.7.RELEASE.jar:2.0.7.RELEASE]
	at org.attoparser.MarkupParser.parseBuffer(MarkupParser.java:725) ~[attoparser-2.0.7.RELEASE.jar:2.0.7.RELEASE]
	at org.attoparser.MarkupParser.parseDocument(MarkupParser.java:301) ~[attoparser-2.0.7.RELEASE.jar:2.0.7.RELEASE]
	... 53 common frames omitted
Caused by: org.springframework.expression.spel.SpelEvaluationException: EL1025E: The collection has '0' elements, index '0' is invalid
	at org.springframework.expression.spel.ast.Indexer$CollectionIndexingValueRef.growCollectionIfNecessary(Indexer.java:708) ~[spring-expression-6.1.19.jar:6.1.19]
	at org.springframework.expression.spel.ast.Indexer$CollectionIndexingValueRef.getValue(Indexer.java:672) ~[spring-expression-6.1.19.jar:6.1.19]
	at org.springframework.expression.spel.ast.Indexer.getValueInternal(Indexer.java:100) ~[spring-expression-6.1.19.jar:6.1.19]
	at org.springframework.expression.spel.ast.CompoundExpression.getValueRef(CompoundExpression.java:66) ~[spring-expression-6.1.19.jar:6.1.19]
	at org.springframework.expression.spel.ast.CompoundExpression.getValueInternal(CompoundExpression.java:96) ~[spring-expression-6.1.19.jar:6.1.19]
	at org.springframework.expression.spel.ast.SpelNodeImpl.getValue(SpelNodeImpl.java:114) ~[spring-expression-6.1.19.jar:6.1.19]
	at org.springframework.expression.spel.standard.SpelExpression.getValue(SpelExpression.java:338) ~[spring-expression-6.1.19.jar:6.1.19]
	at org.thymeleaf.spring6.expression.SPELVariableExpressionEvaluator.evaluate(SPELVariableExpressionEvaluator.java:265) ~[thymeleaf-spring6-3.1.3.RELEASE.jar:3.1.3.RELEASE]
	... 78 common frames omitted

2025-05-01T18:59:01.197+05:45 ERROR 805344 --- [EcommerceCommon] [http-nio-8080-exec-4] o.a.c.c.C.[.[.[.[dispatcherServlet]      : Servlet.service() for servlet [dispatcherServlet] in context with path [/admin] threw exception [Request processing failed: org.thymeleaf.exceptions.TemplateInputException: An error happened during template parsing (template: "class path resource [templates/users.html]")] with root cause

org.springframework.expression.spel.SpelEvaluationException: EL1025E: The collection has '0' elements, index '0' is invalid
	at org.springframework.expression.spel.ast.Indexer$CollectionIndexingValueRef.growCollectionIfNecessary(Indexer.java:708) ~[spring-expression-6.1.19.jar:6.1.19]
	at org.springframework.expression.spel.ast.Indexer$CollectionIndexingValueRef.getValue(Indexer.java:672) ~[spring-expression-6.1.19.jar:6.1.19]
	at org.springframework.expression.spel.ast.Indexer.getValueInternal(Indexer.java:100) ~[spring-expression-6.1.19.jar:6.1.19]
	at org.springframework.expression.spel.ast.CompoundExpression.getValueRef(CompoundExpression.java:66) ~[spring-expression-6.1.19.jar:6.1.19]
	at org.springframework.expression.spel.ast.CompoundExpression.getValueInternal(CompoundExpression.java:96) ~[spring-expression-6.1.19.jar:6.1.19]
	at org.springframework.expression.spel.ast.SpelNodeImpl.getValue(SpelNodeImpl.java:114) ~[spring-expression-6.1.19.jar:6.1.19]
	at org.springframework.expression.spel.standard.SpelExpression.getValue(SpelExpression.java:338) ~[spring-expression-6.1.19.jar:6.1.19]
	at org.thymeleaf.spring6.expression.SPELVariableExpressionEvaluator.evaluate(SPELVariableExpressionEvaluator.java:265) ~[thymeleaf-spring6-3.1.3.RELEASE.jar:3.1.3.RELEASE]
	at org.thymeleaf.standard.expression.VariableExpression.executeVariableExpression(VariableExpression.java:166) ~[thymeleaf-3.1.3.RELEASE.jar:3.1.3.RELEASE]
	at org.thymeleaf.standard.expression.SimpleExpression.executeSimple(SimpleExpression.java:66) ~[thymeleaf-3.1.3.RELEASE.jar:3.1.3.RELEASE]
	at org.thymeleaf.standard.expression.Expression.execute(Expression.java:109) ~[thymeleaf-3.1.3.RELEASE.jar:3.1.3.RELEASE]
	at org.thymeleaf.standard.expression.Expression.execute(Expression.java:138) ~[thymeleaf-3.1.3.RELEASE.jar:3.1.3.RELEASE]
	at org.thymeleaf.standard.processor.AbstractStandardExpressionAttributeTagProcessor.doProcess(AbstractStandardExpressionAttributeTagProcessor.java:144) ~[thymeleaf-3.1.3.RELEASE.jar:3.1.3.RELEASE]
	at org.thymeleaf.processor.element.AbstractAttributeTagProcessor.doProcess(AbstractAttributeTagProcessor.java:74) ~[thymeleaf-3.1.3.RELEASE.jar:3.1.3.RELEASE]
	at org.thymeleaf.processor.element.AbstractElementTagProcessor.process(AbstractElementTagProcessor.java:95) ~[thymeleaf-3.1.3.RELEASE.jar:3.1.3.RELEASE]
	at org.thymeleaf.util.ProcessorConfigurationUtils$ElementTagProcessorWrapper.process(ProcessorConfigurationUtils.java:633) ~[thymeleaf-3.1.3.RELEASE.jar:3.1.3.RELEASE]
	at org.thymeleaf.engine.ProcessorTemplateHandler.handleOpenElement(ProcessorTemplateHandler.java:1314) ~[thymeleaf-3.1.3.RELEASE.jar:3.1.3.RELEASE]
	at org.thymeleaf.engine.OpenElementTag.beHandled(OpenElementTag.java:205) ~[thymeleaf-3.1.3.RELEASE.jar:3.1.3.RELEASE]
	at org.thymeleaf.engine.Model.process(Model.java:282) ~[thymeleaf-3.1.3.RELEASE.jar:3.1.3.RELEASE]
	at org.thymeleaf.engine.Model.process(Model.java:290) ~[thymeleaf-3.1.3.RELEASE.jar:3.1.3.RELEASE]
	at org.thymeleaf.engine.IteratedGatheringModelProcessable.processIterationModel(IteratedGatheringModelProcessable.java:368) ~[thymeleaf-3.1.3.RELEASE.jar:3.1.3.RELEASE]
	at org.thymeleaf.engine.IteratedGatheringModelProcessable.process(IteratedGatheringModelProcessable.java:294) ~[thymeleaf-3.1.3.RELEASE.jar:3.1.3.RELEASE]
	at org.thymeleaf.engine.ProcessorTemplateHandler.handleCloseElement(ProcessorTemplateHandler.java:1640) ~[thymeleaf-3.1.3.RELEASE.jar:3.1.3.RELEASE]
	at org.thymeleaf.engine.TemplateHandlerAdapterMarkupHandler.handleCloseElementEnd(TemplateHandlerAdapterMarkupHandler.java:388) ~[thymeleaf-3.1.3.RELEASE.jar:3.1.3.RELEASE]
	at org.thymeleaf.templateparser.markup.InlinedOutputExpressionMarkupHandler$InlineMarkupAdapterPreProcessorHandler.handleCloseElementEnd(InlinedOutputExpressionMarkupHandler.java:322) ~[thymeleaf-3.1.3.RELEASE.jar:3.1.3.RELEASE]
	at org.thymeleaf.standard.inline.OutputExpressionInlinePreProcessorHandler.handleCloseElementEnd(OutputExpressionInlinePreProcessorHandler.java:220) ~[thymeleaf-3.1.3.RELEASE.jar:3.1.3.RELEASE]
	at org.thymeleaf.templateparser.markup.InlinedOutputExpressionMarkupHandler.handleCloseElementEnd(InlinedOutputExpressionMarkupHandler.java:164) ~[thymeleaf-3.1.3.RELEASE.jar:3.1.3.RELEASE]
	at org.attoparser.HtmlElement.handleCloseElementEnd(HtmlElement.java:169) ~[attoparser-2.0.7.RELEASE.jar:2.0.7.RELEASE]
	at org.attoparser.HtmlMarkupHandler.handleCloseElementEnd(HtmlMarkupHandler.java:412) ~[attoparser-2.0.7.RELEASE.jar:2.0.7.RELEASE]
	at org.attoparser.MarkupEventProcessorHandler.handleCloseElementEnd(MarkupEventProcessorHandler.java:473) ~[attoparser-2.0.7.RELEASE.jar:2.0.7.RELEASE]
	at org.attoparser.ParsingElementMarkupUtil.parseCloseElement(ParsingElementMarkupUtil.java:201) ~[attoparser-2.0.7.RELEASE.jar:2.0.7.RELEASE]
	at org.attoparser.MarkupParser.parseBuffer(MarkupParser.java:725) ~[attoparser-2.0.7.RELEASE.jar:2.0.7.RELEASE]
	at org.attoparser.MarkupParser.parseDocument(MarkupParser.java:301) ~[attoparser-2.0.7.RELEASE.jar:2.0.7.RELEASE]
	at org.attoparser.MarkupParser.parse(MarkupParser.java:257) ~[attoparser-2.0.7.RELEASE.jar:2.0.7.RELEASE]
	at org.thymeleaf.templateparser.markup.AbstractMarkupTemplateParser.parse(AbstractMarkupTemplateParser.java:230) ~[thymeleaf-3.1.3.RELEASE.jar:3.1.3.RELEASE]
	at org.thymeleaf.templateparser.markup.AbstractMarkupTemplateParser.parseStandalone(AbstractMarkupTemplateParser.java:100) ~[thymeleaf-3.1.3.RELEASE.jar:3.1.3.RELEASE]
	at org.thymeleaf.engine.TemplateManager.parseAndProcess(TemplateManager.java:666) ~[thymeleaf-3.1.3.RELEASE.jar:3.1.3.RELEASE]
	at org.thymeleaf.TemplateEngine.process(TemplateEngine.java:1103) ~[thymeleaf-3.1.3.RELEASE.jar:3.1.3.RELEASE]
	at org.thymeleaf.TemplateEngine.process(TemplateEngine.java:1077) ~[thymeleaf-3.1.3.RELEASE.jar:3.1.3.RELEASE]
	at org.thymeleaf.spring6.view.ThymeleafView.renderFragment(ThymeleafView.java:372) ~[thymeleaf-spring6-3.1.3.RELEASE.jar:3.1.3.RELEASE]
	at org.thymeleaf.spring6.view.ThymeleafView.render(ThymeleafView.java:192) ~[thymeleaf-spring6-3.1.3.RELEASE.jar:3.1.3.RELEASE]
	at org.springframework.web.servlet.DispatcherServlet.render(DispatcherServlet.java:1432) ~[spring-webmvc-6.1.19.jar:6.1.19]
	at org.springframework.web.servlet.DispatcherServlet.processDispatchResult(DispatcherServlet.java:1168) ~[spring-webmvc-6.1.19.jar:6.1.19]
	at org.springframework.web.servlet.DispatcherServlet.doDispatch(DispatcherServlet.java:1106) ~[spring-webmvc-6.1.19.jar:6.1.19]
	at org.springframework.web.servlet.DispatcherServlet.doService(DispatcherServlet.java:979) ~[spring-webmvc-6.1.19.jar:6.1.19]
	at org.springframework.web.servlet.FrameworkServlet.processRequest(FrameworkServlet.java:1014) ~[spring-webmvc-6.1.19.jar:6.1.19]
	at org.springframework.web.servlet.FrameworkServlet.doGet(FrameworkServlet.java:903) ~[spring-webmvc-6.1.19.jar:6.1.19]
	at jakarta.servlet.http.HttpServlet.service(HttpServlet.java:564) ~[tomcat-embed-core-10.1.40.jar:6.0]
	at org.springframework.web.servlet.FrameworkServlet.service(FrameworkServlet.java:885) ~[spring-webmvc-6.1.19.jar:6.1.19]
	at jakarta.servlet.http.HttpServlet.service(HttpServlet.java:658) ~[tomcat-embed-core-10.1.40.jar:6.0]
	at org.apache.catalina.core.ApplicationFilterChain.internalDoFilter(ApplicationFilterChain.java:195) ~[tomcat-embed-core-10.1.40.jar:10.1.40]
	at org.apache.catalina.core.ApplicationFilterChain.doFilter(ApplicationFilterChain.java:140) ~[tomcat-embed-core-10.1.40.jar:10.1.40]
	at org.apache.tomcat.websocket.server.WsFilter.doFilter(WsFilter.java:51) ~[tomcat-embed-websocket-10.1.40.jar:10.1.40]
	at org.apache.catalina.core.ApplicationFilterChain.internalDoFilter(ApplicationFilterChain.java:164) ~[tomcat-embed-core-10.1.40.jar:10.1.40]
	at org.apache.catalina.core.ApplicationFilterChain.doFilter(ApplicationFilterChain.java:140) ~[tomcat-embed-core-10.1.40.jar:10.1.40]
	at org.springframework.web.servlet.resource.ResourceUrlEncodingFilter.doFilter(ResourceUrlEncodingFilter.java:66) ~[spring-webmvc-6.1.19.jar:6.1.19]
	at org.apache.catalina.core.ApplicationFilterChain.internalDoFilter(ApplicationFilterChain.java:164) ~[tomcat-embed-core-10.1.40.jar:10.1.40]
	at org.apache.catalina.core.ApplicationFilterChain.doFilter(ApplicationFilterChain.java:140) ~[tomcat-embed-core-10.1.40.jar:10.1.40]
	at org.springframework.web.filter.RequestContextFilter.doFilterInternal(RequestContextFilter.java:100) ~[spring-web-6.1.19.jar:6.1.19]
	at org.springframework.web.filter.OncePerRequestFilter.doFilter(OncePerRequestFilter.java:116) ~[spring-web-6.1.19.jar:6.1.19]
	at org.apache.catalina.core.ApplicationFilterChain.internalDoFilter(ApplicationFilterChain.java:164) ~[tomcat-embed-core-10.1.40.jar:10.1.40]
	at org.apache.catalina.core.ApplicationFilterChain.doFilter(ApplicationFilterChain.java:140) ~[tomcat-embed-core-10.1.40.jar:10.1.40]
	at org.springframework.web.filter.FormContentFilter.doFilterInternal(FormContentFilter.java:93) ~[spring-web-6.1.19.jar:6.1.19]
	at org.springframework.web.filter.OncePerRequestFilter.doFilter(OncePerRequestFilter.java:116) ~[spring-web-6.1.19.jar:6.1.19]
	at org.apache.catalina.core.ApplicationFilterChain.internalDoFilter(ApplicationFilterChain.java:164) ~[tomcat-embed-core-10.1.40.jar:10.1.40]
	at org.apache.catalina.core.ApplicationFilterChain.doFilter(ApplicationFilterChain.java:140) ~[tomcat-embed-core-10.1.40.jar:10.1.40]
	at org.springframework.web.filter.CharacterEncodingFilter.doFilterInternal(CharacterEncodingFilter.java:201) ~[spring-web-6.1.19.jar:6.1.19]
	at org.springframework.web.filter.OncePerRequestFilter.doFilter(OncePerRequestFilter.java:116) ~[spring-web-6.1.19.jar:6.1.19]
	at org.apache.catalina.core.ApplicationFilterChain.internalDoFilter(ApplicationFilterChain.java:164) ~[tomcat-embed-core-10.1.40.jar:10.1.40]
	at org.apache.catalina.core.ApplicationFilterChain.doFilter(ApplicationFilterChain.java:140) ~[tomcat-embed-core-10.1.40.jar:10.1.40]
	at org.apache.catalina.core.StandardWrapperValve.invoke(StandardWrapperValve.java:167) ~[tomcat-embed-core-10.1.40.jar:10.1.40]
	at org.apache.catalina.core.StandardContextValve.invoke(StandardContextValve.java:90) ~[tomcat-embed-core-10.1.40.jar:10.1.40]
	at org.apache.catalina.authenticator.AuthenticatorBase.invoke(AuthenticatorBase.java:483) ~[tomcat-embed-core-10.1.40.jar:10.1.40]
	at org.apache.catalina.core.StandardHostValve.invoke(StandardHostValve.java:116) ~[tomcat-embed-core-10.1.40.jar:10.1.40]
	at org.apache.catalina.valves.ErrorReportValve.invoke(ErrorReportValve.java:93) ~[tomcat-embed-core-10.1.40.jar:10.1.40]
	at org.apache.catalina.core.StandardEngineValve.invoke(StandardEngineValve.java:74) ~[tomcat-embed-core-10.1.40.jar:10.1.40]
	at org.apache.catalina.connector.CoyoteAdapter.service(CoyoteAdapter.java:344) ~[tomcat-embed-core-10.1.40.jar:10.1.40]
	at org.apache.coyote.http11.Http11Processor.service(Http11Processor.java:398) ~[tomcat-embed-core-10.1.40.jar:10.1.40]
	at org.apache.coyote.AbstractProcessorLight.process(AbstractProcessorLight.java:63) ~[tomcat-embed-core-10.1.40.jar:10.1.40]
	at org.apache.coyote.AbstractProtocol$ConnectionHandler.process(AbstractProtocol.java:903) ~[tomcat-embed-core-10.1.40.jar:10.1.40]
	at org.apache.tomcat.util.net.NioEndpoint$SocketProcessor.doRun(NioEndpoint.java:1740) ~[tomcat-embed-core-10.1.40.jar:10.1.40]
	at org.apache.tomcat.util.net.SocketProcessorBase.run(SocketProcessorBase.java:52) ~[tomcat-embed-core-10.1.40.jar:10.1.40]
	at org.apache.tomcat.util.threads.ThreadPoolExecutor.runWorker(ThreadPoolExecutor.java:1189) ~[tomcat-embed-core-10.1.40.jar:10.1.40]
	at org.apache.tomcat.util.threads.ThreadPoolExecutor$Worker.run(ThreadPoolExecutor.java:658) ~[tomcat-embed-core-10.1.40.jar:10.1.40]
	at org.apache.tomcat.util.threads.TaskThread$WrappingRunnable.run(TaskThread.java:63) ~[tomcat-embed-core-10.1.40.jar:10.1.40]
	at java.base/java.lang.Thread.run(Thread.java:1583) ~[na:na]

2025-05-01T18:59:05.690+05:45 ERROR 805344 --- [EcommerceCommon] [http-nio-8080-exec-10] org.thymeleaf.TemplateEngine             : [THYMELEAF][http-nio-8080-exec-10] Exception processing template "users": An error happened during template parsing (template: "class path resource [templates/users.html]")

org.thymeleaf.exceptions.TemplateInputException: An error happened during template parsing (template: "class path resource [templates/users.html]")
	at org.thymeleaf.templateparser.markup.AbstractMarkupTemplateParser.parse(AbstractMarkupTemplateParser.java:241) ~[thymeleaf-3.1.3.RELEASE.jar:3.1.3.RELEASE]
	at org.thymeleaf.templateparser.markup.AbstractMarkupTemplateParser.parseStandalone(AbstractMarkupTemplateParser.java:100) ~[thymeleaf-3.1.3.RELEASE.jar:3.1.3.RELEASE]
	at org.thymeleaf.engine.TemplateManager.parseAndProcess(TemplateManager.java:666) ~[thymeleaf-3.1.3.RELEASE.jar:3.1.3.RELEASE]
	at org.thymeleaf.TemplateEngine.process(TemplateEngine.java:1103) ~[thymeleaf-3.1.3.RELEASE.jar:3.1.3.RELEASE]
	at org.thymeleaf.TemplateEngine.process(TemplateEngine.java:1077) ~[thymeleaf-3.1.3.RELEASE.jar:3.1.3.RELEASE]
	at org.thymeleaf.spring6.view.ThymeleafView.renderFragment(ThymeleafView.java:372) ~[thymeleaf-spring6-3.1.3.RELEASE.jar:3.1.3.RELEASE]
	at org.thymeleaf.spring6.view.ThymeleafView.render(ThymeleafView.java:192) ~[thymeleaf-spring6-3.1.3.RELEASE.jar:3.1.3.RELEASE]
	at org.springframework.web.servlet.DispatcherServlet.render(DispatcherServlet.java:1432) ~[spring-webmvc-6.1.19.jar:6.1.19]
	at org.springframework.web.servlet.DispatcherServlet.processDispatchResult(DispatcherServlet.java:1168) ~[spring-webmvc-6.1.19.jar:6.1.19]
	at org.springframework.web.servlet.DispatcherServlet.doDispatch(DispatcherServlet.java:1106) ~[spring-webmvc-6.1.19.jar:6.1.19]
	at org.springframework.web.servlet.DispatcherServlet.doService(DispatcherServlet.java:979) ~[spring-webmvc-6.1.19.jar:6.1.19]
	at org.springframework.web.servlet.FrameworkServlet.processRequest(FrameworkServlet.java:1014) ~[spring-webmvc-6.1.19.jar:6.1.19]
	at org.springframework.web.servlet.FrameworkServlet.doGet(FrameworkServlet.java:903) ~[spring-webmvc-6.1.19.jar:6.1.19]
	at jakarta.servlet.http.HttpServlet.service(HttpServlet.java:564) ~[tomcat-embed-core-10.1.40.jar:6.0]
	at org.springframework.web.servlet.FrameworkServlet.service(FrameworkServlet.java:885) ~[spring-webmvc-6.1.19.jar:6.1.19]
	at jakarta.servlet.http.HttpServlet.service(HttpServlet.java:658) ~[tomcat-embed-core-10.1.40.jar:6.0]
	at org.apache.catalina.core.ApplicationFilterChain.internalDoFilter(ApplicationFilterChain.java:195) ~[tomcat-embed-core-10.1.40.jar:10.1.40]
	at org.apache.catalina.core.ApplicationFilterChain.doFilter(ApplicationFilterChain.java:140) ~[tomcat-embed-core-10.1.40.jar:10.1.40]
	at org.apache.tomcat.websocket.server.WsFilter.doFilter(WsFilter.java:51) ~[tomcat-embed-websocket-10.1.40.jar:10.1.40]
	at org.apache.catalina.core.ApplicationFilterChain.internalDoFilter(ApplicationFilterChain.java:164) ~[tomcat-embed-core-10.1.40.jar:10.1.40]
	at org.apache.catalina.core.ApplicationFilterChain.doFilter(ApplicationFilterChain.java:140) ~[tomcat-embed-core-10.1.40.jar:10.1.40]
	at org.springframework.web.servlet.resource.ResourceUrlEncodingFilter.doFilter(ResourceUrlEncodingFilter.java:66) ~[spring-webmvc-6.1.19.jar:6.1.19]
	at org.apache.catalina.core.ApplicationFilterChain.internalDoFilter(ApplicationFilterChain.java:164) ~[tomcat-embed-core-10.1.40.jar:10.1.40]
	at org.apache.catalina.core.ApplicationFilterChain.doFilter(ApplicationFilterChain.java:140) ~[tomcat-embed-core-10.1.40.jar:10.1.40]
	at org.springframework.web.filter.RequestContextFilter.doFilterInternal(RequestContextFilter.java:100) ~[spring-web-6.1.19.jar:6.1.19]
	at org.springframework.web.filter.OncePerRequestFilter.doFilter(OncePerRequestFilter.java:116) ~[spring-web-6.1.19.jar:6.1.19]
	at org.apache.catalina.core.ApplicationFilterChain.internalDoFilter(ApplicationFilterChain.java:164) ~[tomcat-embed-core-10.1.40.jar:10.1.40]
	at org.apache.catalina.core.ApplicationFilterChain.doFilter(ApplicationFilterChain.java:140) ~[tomcat-embed-core-10.1.40.jar:10.1.40]
	at org.springframework.web.filter.FormContentFilter.doFilterInternal(FormContentFilter.java:93) ~[spring-web-6.1.19.jar:6.1.19]
	at org.springframework.web.filter.OncePerRequestFilter.doFilter(OncePerRequestFilter.java:116) ~[spring-web-6.1.19.jar:6.1.19]
	at org.apache.catalina.core.ApplicationFilterChain.internalDoFilter(ApplicationFilterChain.java:164) ~[tomcat-embed-core-10.1.40.jar:10.1.40]
	at org.apache.catalina.core.ApplicationFilterChain.doFilter(ApplicationFilterChain.java:140) ~[tomcat-embed-core-10.1.40.jar:10.1.40]
	at org.springframework.web.filter.CharacterEncodingFilter.doFilterInternal(CharacterEncodingFilter.java:201) ~[spring-web-6.1.19.jar:6.1.19]
	at org.springframework.web.filter.OncePerRequestFilter.doFilter(OncePerRequestFilter.java:116) ~[spring-web-6.1.19.jar:6.1.19]
	at org.apache.catalina.core.ApplicationFilterChain.internalDoFilter(ApplicationFilterChain.java:164) ~[tomcat-embed-core-10.1.40.jar:10.1.40]
	at org.apache.catalina.core.ApplicationFilterChain.doFilter(ApplicationFilterChain.java:140) ~[tomcat-embed-core-10.1.40.jar:10.1.40]
	at org.apache.catalina.core.StandardWrapperValve.invoke(StandardWrapperValve.java:167) ~[tomcat-embed-core-10.1.40.jar:10.1.40]
	at org.apache.catalina.core.StandardContextValve.invoke(StandardContextValve.java:90) ~[tomcat-embed-core-10.1.40.jar:10.1.40]
	at org.apache.catalina.authenticator.AuthenticatorBase.invoke(AuthenticatorBase.java:483) ~[tomcat-embed-core-10.1.40.jar:10.1.40]
	at org.apache.catalina.core.StandardHostValve.invoke(StandardHostValve.java:116) ~[tomcat-embed-core-10.1.40.jar:10.1.40]
	at org.apache.catalina.valves.ErrorReportValve.invoke(ErrorReportValve.java:93) ~[tomcat-embed-core-10.1.40.jar:10.1.40]
	at org.apache.catalina.core.StandardEngineValve.invoke(StandardEngineValve.java:74) ~[tomcat-embed-core-10.1.40.jar:10.1.40]
	at org.apache.catalina.connector.CoyoteAdapter.service(CoyoteAdapter.java:344) ~[tomcat-embed-core-10.1.40.jar:10.1.40]
	at org.apache.coyote.http11.Http11Processor.service(Http11Processor.java:398) ~[tomcat-embed-core-10.1.40.jar:10.1.40]
	at org.apache.coyote.AbstractProcessorLight.process(AbstractProcessorLight.java:63) ~[tomcat-embed-core-10.1.40.jar:10.1.40]
	at org.apache.coyote.AbstractProtocol$ConnectionHandler.process(AbstractProtocol.java:903) ~[tomcat-embed-core-10.1.40.jar:10.1.40]
	at org.apache.tomcat.util.net.NioEndpoint$SocketProcessor.doRun(NioEndpoint.java:1740) ~[tomcat-embed-core-10.1.40.jar:10.1.40]
	at org.apache.tomcat.util.net.SocketProcessorBase.run(SocketProcessorBase.java:52) ~[tomcat-embed-core-10.1.40.jar:10.1.40]
	at org.apache.tomcat.util.threads.ThreadPoolExecutor.runWorker(ThreadPoolExecutor.java:1189) ~[tomcat-embed-core-10.1.40.jar:10.1.40]
	at org.apache.tomcat.util.threads.ThreadPoolExecutor$Worker.run(ThreadPoolExecutor.java:658) ~[tomcat-embed-core-10.1.40.jar:10.1.40]
	at org.apache.tomcat.util.threads.TaskThread$WrappingRunnable.run(TaskThread.java:63) ~[tomcat-embed-core-10.1.40.jar:10.1.40]
	at java.base/java.lang.Thread.run(Thread.java:1583) ~[na:na]
Caused by: org.attoparser.ParseException: Exception evaluating SpringEL expression: "user.roles[0].name" (template: "users" - line 62, col 23)
	at org.attoparser.MarkupParser.parseDocument(MarkupParser.java:393) ~[attoparser-2.0.7.RELEASE.jar:2.0.7.RELEASE]
	at org.attoparser.MarkupParser.parse(MarkupParser.java:257) ~[attoparser-2.0.7.RELEASE.jar:2.0.7.RELEASE]
	at org.thymeleaf.templateparser.markup.AbstractMarkupTemplateParser.parse(AbstractMarkupTemplateParser.java:230) ~[thymeleaf-3.1.3.RELEASE.jar:3.1.3.RELEASE]
	... 51 common frames omitted
Caused by: org.thymeleaf.exceptions.TemplateProcessingException: Exception evaluating SpringEL expression: "user.roles[0].name" (template: "users" - line 62, col 23)
	at org.thymeleaf.spring6.expression.SPELVariableExpressionEvaluator.evaluate(SPELVariableExpressionEvaluator.java:292) ~[thymeleaf-spring6-3.1.3.RELEASE.jar:3.1.3.RELEASE]
	at org.thymeleaf.standard.expression.VariableExpression.executeVariableExpression(VariableExpression.java:166) ~[thymeleaf-3.1.3.RELEASE.jar:3.1.3.RELEASE]
	at org.thymeleaf.standard.expression.SimpleExpression.executeSimple(SimpleExpression.java:66) ~[thymeleaf-3.1.3.RELEASE.jar:3.1.3.RELEASE]
	at org.thymeleaf.standard.expression.Expression.execute(Expression.java:109) ~[thymeleaf-3.1.3.RELEASE.jar:3.1.3.RELEASE]
	at org.thymeleaf.standard.expression.Expression.execute(Expression.java:138) ~[thymeleaf-3.1.3.RELEASE.jar:3.1.3.RELEASE]
	at org.thymeleaf.standard.processor.AbstractStandardExpressionAttributeTagProcessor.doProcess(AbstractStandardExpressionAttributeTagProcessor.java:144) ~[thymeleaf-3.1.3.RELEASE.jar:3.1.3.RELEASE]
	at org.thymeleaf.processor.element.AbstractAttributeTagProcessor.doProcess(AbstractAttributeTagProcessor.java:74) ~[thymeleaf-3.1.3.RELEASE.jar:3.1.3.RELEASE]
	at org.thymeleaf.processor.element.AbstractElementTagProcessor.process(AbstractElementTagProcessor.java:95) ~[thymeleaf-3.1.3.RELEASE.jar:3.1.3.RELEASE]
	at org.thymeleaf.util.ProcessorConfigurationUtils$ElementTagProcessorWrapper.process(ProcessorConfigurationUtils.java:633) ~[thymeleaf-3.1.3.RELEASE.jar:3.1.3.RELEASE]
	at org.thymeleaf.engine.ProcessorTemplateHandler.handleOpenElement(ProcessorTemplateHandler.java:1314) ~[thymeleaf-3.1.3.RELEASE.jar:3.1.3.RELEASE]
	at org.thymeleaf.engine.OpenElementTag.beHandled(OpenElementTag.java:205) ~[thymeleaf-3.1.3.RELEASE.jar:3.1.3.RELEASE]
	at org.thymeleaf.engine.Model.process(Model.java:282) ~[thymeleaf-3.1.3.RELEASE.jar:3.1.3.RELEASE]
	at org.thymeleaf.engine.Model.process(Model.java:290) ~[thymeleaf-3.1.3.RELEASE.jar:3.1.3.RELEASE]
	at org.thymeleaf.engine.IteratedGatheringModelProcessable.processIterationModel(IteratedGatheringModelProcessable.java:368) ~[thymeleaf-3.1.3.RELEASE.jar:3.1.3.RELEASE]
	at org.thymeleaf.engine.IteratedGatheringModelProcessable.process(IteratedGatheringModelProcessable.java:294) ~[thymeleaf-3.1.3.RELEASE.jar:3.1.3.RELEASE]
	at org.thymeleaf.engine.ProcessorTemplateHandler.handleCloseElement(ProcessorTemplateHandler.java:1640) ~[thymeleaf-3.1.3.RELEASE.jar:3.1.3.RELEASE]
	at org.thymeleaf.engine.TemplateHandlerAdapterMarkupHandler.handleCloseElementEnd(TemplateHandlerAdapterMarkupHandler.java:388) ~[thymeleaf-3.1.3.RELEASE.jar:3.1.3.RELEASE]
	at org.thymeleaf.templateparser.markup.InlinedOutputExpressionMarkupHandler$InlineMarkupAdapterPreProcessorHandler.handleCloseElementEnd(InlinedOutputExpressionMarkupHandler.java:322) ~[thymeleaf-3.1.3.RELEASE.jar:3.1.3.RELEASE]
	at org.thymeleaf.standard.inline.OutputExpressionInlinePreProcessorHandler.handleCloseElementEnd(OutputExpressionInlinePreProcessorHandler.java:220) ~[thymeleaf-3.1.3.RELEASE.jar:3.1.3.RELEASE]
	at org.thymeleaf.templateparser.markup.InlinedOutputExpressionMarkupHandler.handleCloseElementEnd(InlinedOutputExpressionMarkupHandler.java:164) ~[thymeleaf-3.1.3.RELEASE.jar:3.1.3.RELEASE]
	at org.attoparser.HtmlElement.handleCloseElementEnd(HtmlElement.java:169) ~[attoparser-2.0.7.RELEASE.jar:2.0.7.RELEASE]
	at org.attoparser.HtmlMarkupHandler.handleCloseElementEnd(HtmlMarkupHandler.java:412) ~[attoparser-2.0.7.RELEASE.jar:2.0.7.RELEASE]
	at org.attoparser.MarkupEventProcessorHandler.handleCloseElementEnd(MarkupEventProcessorHandler.java:473) ~[attoparser-2.0.7.RELEASE.jar:2.0.7.RELEASE]
	at org.attoparser.ParsingElementMarkupUtil.parseCloseElement(ParsingElementMarkupUtil.java:201) ~[attoparser-2.0.7.RELEASE.jar:2.0.7.RELEASE]
	at org.attoparser.MarkupParser.parseBuffer(MarkupParser.java:725) ~[attoparser-2.0.7.RELEASE.jar:2.0.7.RELEASE]
	at org.attoparser.MarkupParser.parseDocument(MarkupParser.java:301) ~[attoparser-2.0.7.RELEASE.jar:2.0.7.RELEASE]
	... 53 common frames omitted
Caused by: org.springframework.expression.spel.SpelEvaluationException: EL1025E: The collection has '0' elements, index '0' is invalid
	at org.springframework.expression.spel.ast.Indexer$CollectionIndexingValueRef.growCollectionIfNecessary(Indexer.java:708) ~[spring-expression-6.1.19.jar:6.1.19]
	at org.springframework.expression.spel.ast.Indexer$CollectionIndexingValueRef.getValue(Indexer.java:672) ~[spring-expression-6.1.19.jar:6.1.19]
	at org.springframework.expression.spel.ast.Indexer.getValueInternal(Indexer.java:100) ~[spring-expression-6.1.19.jar:6.1.19]
	at org.springframework.expression.spel.ast.CompoundExpression.getValueRef(CompoundExpression.java:66) ~[spring-expression-6.1.19.jar:6.1.19]
	at org.springframework.expression.spel.ast.CompoundExpression.getValueInternal(CompoundExpression.java:96) ~[spring-expression-6.1.19.jar:6.1.19]
	at org.springframework.expression.spel.ast.SpelNodeImpl.getValue(SpelNodeImpl.java:114) ~[spring-expression-6.1.19.jar:6.1.19]
	at org.springframework.expression.spel.standard.SpelExpression.getValue(SpelExpression.java:338) ~[spring-expression-6.1.19.jar:6.1.19]
	at org.thymeleaf.spring6.expression.SPELVariableExpressionEvaluator.evaluate(SPELVariableExpressionEvaluator.java:265) ~[thymeleaf-spring6-3.1.3.RELEASE.jar:3.1.3.RELEASE]
	... 78 common frames omitted

2025-05-01T18:59:05.693+05:45 ERROR 805344 --- [EcommerceCommon] [http-nio-8080-exec-10] o.a.c.c.C.[.[.[.[dispatcherServlet]      : Servlet.service() for servlet [dispatcherServlet] in context with path [/admin] threw exception [Request processing failed: org.thymeleaf.exceptions.TemplateInputException: An error happened during template parsing (template: "class path resource [templates/users.html]")] with root cause

org.springframework.expression.spel.SpelEvaluationException: EL1025E: The collection has '0' elements, index '0' is invalid
	at org.springframework.expression.spel.ast.Indexer$CollectionIndexingValueRef.growCollectionIfNecessary(Indexer.java:708) ~[spring-expression-6.1.19.jar:6.1.19]
	at org.springframework.expression.spel.ast.Indexer$CollectionIndexingValueRef.getValue(Indexer.java:672) ~[spring-expression-6.1.19.jar:6.1.19]
	at org.springframework.expression.spel.ast.Indexer.getValueInternal(Indexer.java:100) ~[spring-expression-6.1.19.jar:6.1.19]
	at org.springframework.expression.spel.ast.CompoundExpression.getValueRef(CompoundExpression.java:66) ~[spring-expression-6.1.19.jar:6.1.19]
	at org.springframework.expression.spel.ast.CompoundExpression.getValueInternal(CompoundExpression.java:96) ~[spring-expression-6.1.19.jar:6.1.19]
	at org.springframework.expression.spel.ast.SpelNodeImpl.getValue(SpelNodeImpl.java:114) ~[spring-expression-6.1.19.jar:6.1.19]
	at org.springframework.expression.spel.standard.SpelExpression.getValue(SpelExpression.java:338) ~[spring-expression-6.1.19.jar:6.1.19]
	at org.thymeleaf.spring6.expression.SPELVariableExpressionEvaluator.evaluate(SPELVariableExpressionEvaluator.java:265) ~[thymeleaf-spring6-3.1.3.RELEASE.jar:3.1.3.RELEASE]
	at org.thymeleaf.standard.expression.VariableExpression.executeVariableExpression(VariableExpression.java:166) ~[thymeleaf-3.1.3.RELEASE.jar:3.1.3.RELEASE]
	at org.thymeleaf.standard.expression.SimpleExpression.executeSimple(SimpleExpression.java:66) ~[thymeleaf-3.1.3.RELEASE.jar:3.1.3.RELEASE]
	at org.thymeleaf.standard.expression.Expression.execute(Expression.java:109) ~[thymeleaf-3.1.3.RELEASE.jar:3.1.3.RELEASE]
	at org.thymeleaf.standard.expression.Expression.execute(Expression.java:138) ~[thymeleaf-3.1.3.RELEASE.jar:3.1.3.RELEASE]
	at org.thymeleaf.standard.processor.AbstractStandardExpressionAttributeTagProcessor.doProcess(AbstractStandardExpressionAttributeTagProcessor.java:144) ~[thymeleaf-3.1.3.RELEASE.jar:3.1.3.RELEASE]
	at org.thymeleaf.processor.element.AbstractAttributeTagProcessor.doProcess(AbstractAttributeTagProcessor.java:74) ~[thymeleaf-3.1.3.RELEASE.jar:3.1.3.RELEASE]
	at org.thymeleaf.processor.element.AbstractElementTagProcessor.process(AbstractElementTagProcessor.java:95) ~[thymeleaf-3.1.3.RELEASE.jar:3.1.3.RELEASE]
	at org.thymeleaf.util.ProcessorConfigurationUtils$ElementTagProcessorWrapper.process(ProcessorConfigurationUtils.java:633) ~[thymeleaf-3.1.3.RELEASE.jar:3.1.3.RELEASE]
	at org.thymeleaf.engine.ProcessorTemplateHandler.handleOpenElement(ProcessorTemplateHandler.java:1314) ~[thymeleaf-3.1.3.RELEASE.jar:3.1.3.RELEASE]
	at org.thymeleaf.engine.OpenElementTag.beHandled(OpenElementTag.java:205) ~[thymeleaf-3.1.3.RELEASE.jar:3.1.3.RELEASE]
	at org.thymeleaf.engine.Model.process(Model.java:282) ~[thymeleaf-3.1.3.RELEASE.jar:3.1.3.RELEASE]
	at org.thymeleaf.engine.Model.process(Model.java:290) ~[thymeleaf-3.1.3.RELEASE.jar:3.1.3.RELEASE]
	at org.thymeleaf.engine.IteratedGatheringModelProcessable.processIterationModel(IteratedGatheringModelProcessable.java:368) ~[thymeleaf-3.1.3.RELEASE.jar:3.1.3.RELEASE]
	at org.thymeleaf.engine.IteratedGatheringModelProcessable.process(IteratedGatheringModelProcessable.java:294) ~[thymeleaf-3.1.3.RELEASE.jar:3.1.3.RELEASE]
	at org.thymeleaf.engine.ProcessorTemplateHandler.handleCloseElement(ProcessorTemplateHandler.java:1640) ~[thymeleaf-3.1.3.RELEASE.jar:3.1.3.RELEASE]
	at org.thymeleaf.engine.TemplateHandlerAdapterMarkupHandler.handleCloseElementEnd(TemplateHandlerAdapterMarkupHandler.java:388) ~[thymeleaf-3.1.3.RELEASE.jar:3.1.3.RELEASE]
	at org.thymeleaf.templateparser.markup.InlinedOutputExpressionMarkupHandler$InlineMarkupAdapterPreProcessorHandler.handleCloseElementEnd(InlinedOutputExpressionMarkupHandler.java:322) ~[thymeleaf-3.1.3.RELEASE.jar:3.1.3.RELEASE]
	at org.thymeleaf.standard.inline.OutputExpressionInlinePreProcessorHandler.handleCloseElementEnd(OutputExpressionInlinePreProcessorHandler.java:220) ~[thymeleaf-3.1.3.RELEASE.jar:3.1.3.RELEASE]
	at org.thymeleaf.templateparser.markup.InlinedOutputExpressionMarkupHandler.handleCloseElementEnd(InlinedOutputExpressionMarkupHandler.java:164) ~[thymeleaf-3.1.3.RELEASE.jar:3.1.3.RELEASE]
	at org.attoparser.HtmlElement.handleCloseElementEnd(HtmlElement.java:169) ~[attoparser-2.0.7.RELEASE.jar:2.0.7.RELEASE]
	at org.attoparser.HtmlMarkupHandler.handleCloseElementEnd(HtmlMarkupHandler.java:412) ~[attoparser-2.0.7.RELEASE.jar:2.0.7.RELEASE]
	at org.attoparser.MarkupEventProcessorHandler.handleCloseElementEnd(MarkupEventProcessorHandler.java:473) ~[attoparser-2.0.7.RELEASE.jar:2.0.7.RELEASE]
	at org.attoparser.ParsingElementMarkupUtil.parseCloseElement(ParsingElementMarkupUtil.java:201) ~[attoparser-2.0.7.RELEASE.jar:2.0.7.RELEASE]
	at org.attoparser.MarkupParser.parseBuffer(MarkupParser.java:725) ~[attoparser-2.0.7.RELEASE.jar:2.0.7.RELEASE]
	at org.attoparser.MarkupParser.parseDocument(MarkupParser.java:301) ~[attoparser-2.0.7.RELEASE.jar:2.0.7.RELEASE]
	at org.attoparser.MarkupParser.parse(MarkupParser.java:257) ~[attoparser-2.0.7.RELEASE.jar:2.0.7.RELEASE]
	at org.thymeleaf.templateparser.markup.AbstractMarkupTemplateParser.parse(AbstractMarkupTemplateParser.java:230) ~[thymeleaf-3.1.3.RELEASE.jar:3.1.3.RELEASE]
	at org.thymeleaf.templateparser.markup.AbstractMarkupTemplateParser.parseStandalone(AbstractMarkupTemplateParser.java:100) ~[thymeleaf-3.1.3.RELEASE.jar:3.1.3.RELEASE]
	at org.thymeleaf.engine.TemplateManager.parseAndProcess(TemplateManager.java:666) ~[thymeleaf-3.1.3.RELEASE.jar:3.1.3.RELEASE]
	at org.thymeleaf.TemplateEngine.process(TemplateEngine.java:1103) ~[thymeleaf-3.1.3.RELEASE.jar:3.1.3.RELEASE]
	at org.thymeleaf.TemplateEngine.process(TemplateEngine.java:1077) ~[thymeleaf-3.1.3.RELEASE.jar:3.1.3.RELEASE]
	at org.thymeleaf.spring6.view.ThymeleafView.renderFragment(ThymeleafView.java:372) ~[thymeleaf-spring6-3.1.3.RELEASE.jar:3.1.3.RELEASE]
	at org.thymeleaf.spring6.view.ThymeleafView.render(ThymeleafView.java:192) ~[thymeleaf-spring6-3.1.3.RELEASE.jar:3.1.3.RELEASE]
	at org.springframework.web.servlet.DispatcherServlet.render(DispatcherServlet.java:1432) ~[spring-webmvc-6.1.19.jar:6.1.19]
	at org.springframework.web.servlet.DispatcherServlet.processDispatchResult(DispatcherServlet.java:1168) ~[spring-webmvc-6.1.19.jar:6.1.19]
	at org.springframework.web.servlet.DispatcherServlet.doDispatch(DispatcherServlet.java:1106) ~[spring-webmvc-6.1.19.jar:6.1.19]
	at org.springframework.web.servlet.DispatcherServlet.doService(DispatcherServlet.java:979) ~[spring-webmvc-6.1.19.jar:6.1.19]
	at org.springframework.web.servlet.FrameworkServlet.processRequest(FrameworkServlet.java:1014) ~[spring-webmvc-6.1.19.jar:6.1.19]
	at org.springframework.web.servlet.FrameworkServlet.doGet(FrameworkServlet.java:903) ~[spring-webmvc-6.1.19.jar:6.1.19]
	at jakarta.servlet.http.HttpServlet.service(HttpServlet.java:564) ~[tomcat-embed-core-10.1.40.jar:6.0]
	at org.springframework.web.servlet.FrameworkServlet.service(FrameworkServlet.java:885) ~[spring-webmvc-6.1.19.jar:6.1.19]
	at jakarta.servlet.http.HttpServlet.service(HttpServlet.java:658) ~[tomcat-embed-core-10.1.40.jar:6.0]
	at org.apache.catalina.core.ApplicationFilterChain.internalDoFilter(ApplicationFilterChain.java:195) ~[tomcat-embed-core-10.1.40.jar:10.1.40]
	at org.apache.catalina.core.ApplicationFilterChain.doFilter(ApplicationFilterChain.java:140) ~[tomcat-embed-core-10.1.40.jar:10.1.40]
	at org.apache.tomcat.websocket.server.WsFilter.doFilter(WsFilter.java:51) ~[tomcat-embed-websocket-10.1.40.jar:10.1.40]
	at org.apache.catalina.core.ApplicationFilterChain.internalDoFilter(ApplicationFilterChain.java:164) ~[tomcat-embed-core-10.1.40.jar:10.1.40]
	at org.apache.catalina.core.ApplicationFilterChain.doFilter(ApplicationFilterChain.java:140) ~[tomcat-embed-core-10.1.40.jar:10.1.40]
	at org.springframework.web.servlet.resource.ResourceUrlEncodingFilter.doFilter(ResourceUrlEncodingFilter.java:66) ~[spring-webmvc-6.1.19.jar:6.1.19]
	at org.apache.catalina.core.ApplicationFilterChain.internalDoFilter(ApplicationFilterChain.java:164) ~[tomcat-embed-core-10.1.40.jar:10.1.40]
	at org.apache.catalina.core.ApplicationFilterChain.doFilter(ApplicationFilterChain.java:140) ~[tomcat-embed-core-10.1.40.jar:10.1.40]
	at org.springframework.web.filter.RequestContextFilter.doFilterInternal(RequestContextFilter.java:100) ~[spring-web-6.1.19.jar:6.1.19]
	at org.springframework.web.filter.OncePerRequestFilter.doFilter(OncePerRequestFilter.java:116) ~[spring-web-6.1.19.jar:6.1.19]
	at org.apache.catalina.core.ApplicationFilterChain.internalDoFilter(ApplicationFilterChain.java:164) ~[tomcat-embed-core-10.1.40.jar:10.1.40]
	at org.apache.catalina.core.ApplicationFilterChain.doFilter(ApplicationFilterChain.java:140) ~[tomcat-embed-core-10.1.40.jar:10.1.40]
	at org.springframework.web.filter.FormContentFilter.doFilterInternal(FormContentFilter.java:93) ~[spring-web-6.1.19.jar:6.1.19]
	at org.springframework.web.filter.OncePerRequestFilter.doFilter(OncePerRequestFilter.java:116) ~[spring-web-6.1.19.jar:6.1.19]
	at org.apache.catalina.core.ApplicationFilterChain.internalDoFilter(ApplicationFilterChain.java:164) ~[tomcat-embed-core-10.1.40.jar:10.1.40]
	at org.apache.catalina.core.ApplicationFilterChain.doFilter(ApplicationFilterChain.java:140) ~[tomcat-embed-core-10.1.40.jar:10.1.40]
	at org.springframework.web.filter.CharacterEncodingFilter.doFilterInternal(CharacterEncodingFilter.java:201) ~[spring-web-6.1.19.jar:6.1.19]
	at org.springframework.web.filter.OncePerRequestFilter.doFilter(OncePerRequestFilter.java:116) ~[spring-web-6.1.19.jar:6.1.19]
	at org.apache.catalina.core.ApplicationFilterChain.internalDoFilter(ApplicationFilterChain.java:164) ~[tomcat-embed-core-10.1.40.jar:10.1.40]
	at org.apache.catalina.core.ApplicationFilterChain.doFilter(ApplicationFilterChain.java:140) ~[tomcat-embed-core-10.1.40.jar:10.1.40]
	at org.apache.catalina.core.StandardWrapperValve.invoke(StandardWrapperValve.java:167) ~[tomcat-embed-core-10.1.40.jar:10.1.40]
	at org.apache.catalina.core.StandardContextValve.invoke(StandardContextValve.java:90) ~[tomcat-embed-core-10.1.40.jar:10.1.40]
	at org.apache.catalina.authenticator.AuthenticatorBase.invoke(AuthenticatorBase.java:483) ~[tomcat-embed-core-10.1.40.jar:10.1.40]
	at org.apache.catalina.core.StandardHostValve.invoke(StandardHostValve.java:116) ~[tomcat-embed-core-10.1.40.jar:10.1.40]
	at org.apache.catalina.valves.ErrorReportValve.invoke(ErrorReportValve.java:93) ~[tomcat-embed-core-10.1.40.jar:10.1.40]
	at org.apache.catalina.core.StandardEngineValve.invoke(StandardEngineValve.java:74) ~[tomcat-embed-core-10.1.40.jar:10.1.40]
	at org.apache.catalina.connector.CoyoteAdapter.service(CoyoteAdapter.java:344) ~[tomcat-embed-core-10.1.40.jar:10.1.40]
	at org.apache.coyote.http11.Http11Processor.service(Http11Processor.java:398) ~[tomcat-embed-core-10.1.40.jar:10.1.40]
	at org.apache.coyote.AbstractProcessorLight.process(AbstractProcessorLight.java:63) ~[tomcat-embed-core-10.1.40.jar:10.1.40]
	at org.apache.coyote.AbstractProtocol$ConnectionHandler.process(AbstractProtocol.java:903) ~[tomcat-embed-core-10.1.40.jar:10.1.40]
	at org.apache.tomcat.util.net.NioEndpoint$SocketProcessor.doRun(NioEndpoint.java:1740) ~[tomcat-embed-core-10.1.40.jar:10.1.40]
	at org.apache.tomcat.util.net.SocketProcessorBase.run(SocketProcessorBase.java:52) ~[tomcat-embed-core-10.1.40.jar:10.1.40]
	at org.apache.tomcat.util.threads.ThreadPoolExecutor.runWorker(ThreadPoolExecutor.java:1189) ~[tomcat-embed-core-10.1.40.jar:10.1.40]
	at org.apache.tomcat.util.threads.ThreadPoolExecutor$Worker.run(ThreadPoolExecutor.java:658) ~[tomcat-embed-core-10.1.40.jar:10.1.40]
	at org.apache.tomcat.util.threads.TaskThread$WrappingRunnable.run(TaskThread.java:63) ~[tomcat-embed-core-10.1.40.jar:10.1.40]
	at java.base/java.lang.Thread.run(Thread.java:1583) ~[na:na]

2025-05-01T18:59:12.815+05:45 ERROR 805344 --- [EcommerceCommon] [http-nio-8080-exec-5] org.thymeleaf.TemplateEngine             : [THYMELEAF][http-nio-8080-exec-5] Exception processing template "users": An error happened during template parsing (template: "class path resource [templates/users.html]")

org.thymeleaf.exceptions.TemplateInputException: An error happened during template parsing (template: "class path resource [templates/users.html]")
	at org.thymeleaf.templateparser.markup.AbstractMarkupTemplateParser.parse(AbstractMarkupTemplateParser.java:241) ~[thymeleaf-3.1.3.RELEASE.jar:3.1.3.RELEASE]
	at org.thymeleaf.templateparser.markup.AbstractMarkupTemplateParser.parseStandalone(AbstractMarkupTemplateParser.java:100) ~[thymeleaf-3.1.3.RELEASE.jar:3.1.3.RELEASE]
	at org.thymeleaf.engine.TemplateManager.parseAndProcess(TemplateManager.java:666) ~[thymeleaf-3.1.3.RELEASE.jar:3.1.3.RELEASE]
	at org.thymeleaf.TemplateEngine.process(TemplateEngine.java:1103) ~[thymeleaf-3.1.3.RELEASE.jar:3.1.3.RELEASE]
	at org.thymeleaf.TemplateEngine.process(TemplateEngine.java:1077) ~[thymeleaf-3.1.3.RELEASE.jar:3.1.3.RELEASE]
	at org.thymeleaf.spring6.view.ThymeleafView.renderFragment(ThymeleafView.java:372) ~[thymeleaf-spring6-3.1.3.RELEASE.jar:3.1.3.RELEASE]
	at org.thymeleaf.spring6.view.ThymeleafView.render(ThymeleafView.java:192) ~[thymeleaf-spring6-3.1.3.RELEASE.jar:3.1.3.RELEASE]
	at org.springframework.web.servlet.DispatcherServlet.render(DispatcherServlet.java:1432) ~[spring-webmvc-6.1.19.jar:6.1.19]
	at org.springframework.web.servlet.DispatcherServlet.processDispatchResult(DispatcherServlet.java:1168) ~[spring-webmvc-6.1.19.jar:6.1.19]
	at org.springframework.web.servlet.DispatcherServlet.doDispatch(DispatcherServlet.java:1106) ~[spring-webmvc-6.1.19.jar:6.1.19]
	at org.springframework.web.servlet.DispatcherServlet.doService(DispatcherServlet.java:979) ~[spring-webmvc-6.1.19.jar:6.1.19]
	at org.springframework.web.servlet.FrameworkServlet.processRequest(FrameworkServlet.java:1014) ~[spring-webmvc-6.1.19.jar:6.1.19]
	at org.springframework.web.servlet.FrameworkServlet.doGet(FrameworkServlet.java:903) ~[spring-webmvc-6.1.19.jar:6.1.19]
	at jakarta.servlet.http.HttpServlet.service(HttpServlet.java:564) ~[tomcat-embed-core-10.1.40.jar:6.0]
	at org.springframework.web.servlet.FrameworkServlet.service(FrameworkServlet.java:885) ~[spring-webmvc-6.1.19.jar:6.1.19]
	at jakarta.servlet.http.HttpServlet.service(HttpServlet.java:658) ~[tomcat-embed-core-10.1.40.jar:6.0]
	at org.apache.catalina.core.ApplicationFilterChain.internalDoFilter(ApplicationFilterChain.java:195) ~[tomcat-embed-core-10.1.40.jar:10.1.40]
	at org.apache.catalina.core.ApplicationFilterChain.doFilter(ApplicationFilterChain.java:140) ~[tomcat-embed-core-10.1.40.jar:10.1.40]
	at org.apache.tomcat.websocket.server.WsFilter.doFilter(WsFilter.java:51) ~[tomcat-embed-websocket-10.1.40.jar:10.1.40]
	at org.apache.catalina.core.ApplicationFilterChain.internalDoFilter(ApplicationFilterChain.java:164) ~[tomcat-embed-core-10.1.40.jar:10.1.40]
	at org.apache.catalina.core.ApplicationFilterChain.doFilter(ApplicationFilterChain.java:140) ~[tomcat-embed-core-10.1.40.jar:10.1.40]
	at org.springframework.web.servlet.resource.ResourceUrlEncodingFilter.doFilter(ResourceUrlEncodingFilter.java:66) ~[spring-webmvc-6.1.19.jar:6.1.19]
	at org.apache.catalina.core.ApplicationFilterChain.internalDoFilter(ApplicationFilterChain.java:164) ~[tomcat-embed-core-10.1.40.jar:10.1.40]
	at org.apache.catalina.core.ApplicationFilterChain.doFilter(ApplicationFilterChain.java:140) ~[tomcat-embed-core-10.1.40.jar:10.1.40]
	at org.springframework.web.filter.RequestContextFilter.doFilterInternal(RequestContextFilter.java:100) ~[spring-web-6.1.19.jar:6.1.19]
	at org.springframework.web.filter.OncePerRequestFilter.doFilter(OncePerRequestFilter.java:116) ~[spring-web-6.1.19.jar:6.1.19]
	at org.apache.catalina.core.ApplicationFilterChain.internalDoFilter(ApplicationFilterChain.java:164) ~[tomcat-embed-core-10.1.40.jar:10.1.40]
	at org.apache.catalina.core.ApplicationFilterChain.doFilter(ApplicationFilterChain.java:140) ~[tomcat-embed-core-10.1.40.jar:10.1.40]
	at org.springframework.web.filter.FormContentFilter.doFilterInternal(FormContentFilter.java:93) ~[spring-web-6.1.19.jar:6.1.19]
	at org.springframework.web.filter.OncePerRequestFilter.doFilter(OncePerRequestFilter.java:116) ~[spring-web-6.1.19.jar:6.1.19]
	at org.apache.catalina.core.ApplicationFilterChain.internalDoFilter(ApplicationFilterChain.java:164) ~[tomcat-embed-core-10.1.40.jar:10.1.40]
	at org.apache.catalina.core.ApplicationFilterChain.doFilter(ApplicationFilterChain.java:140) ~[tomcat-embed-core-10.1.40.jar:10.1.40]
	at org.springframework.web.filter.CharacterEncodingFilter.doFilterInternal(CharacterEncodingFilter.java:201) ~[spring-web-6.1.19.jar:6.1.19]
	at org.springframework.web.filter.OncePerRequestFilter.doFilter(OncePerRequestFilter.java:116) ~[spring-web-6.1.19.jar:6.1.19]
	at org.apache.catalina.core.ApplicationFilterChain.internalDoFilter(ApplicationFilterChain.java:164) ~[tomcat-embed-core-10.1.40.jar:10.1.40]
	at org.apache.catalina.core.ApplicationFilterChain.doFilter(ApplicationFilterChain.java:140) ~[tomcat-embed-core-10.1.40.jar:10.1.40]
	at org.apache.catalina.core.StandardWrapperValve.invoke(StandardWrapperValve.java:167) ~[tomcat-embed-core-10.1.40.jar:10.1.40]
	at org.apache.catalina.core.StandardContextValve.invoke(StandardContextValve.java:90) ~[tomcat-embed-core-10.1.40.jar:10.1.40]
	at org.apache.catalina.authenticator.AuthenticatorBase.invoke(AuthenticatorBase.java:483) ~[tomcat-embed-core-10.1.40.jar:10.1.40]
	at org.apache.catalina.core.StandardHostValve.invoke(StandardHostValve.java:116) ~[tomcat-embed-core-10.1.40.jar:10.1.40]
	at org.apache.catalina.valves.ErrorReportValve.invoke(ErrorReportValve.java:93) ~[tomcat-embed-core-10.1.40.jar:10.1.40]
	at org.apache.catalina.core.StandardEngineValve.invoke(StandardEngineValve.java:74) ~[tomcat-embed-core-10.1.40.jar:10.1.40]
	at org.apache.catalina.connector.CoyoteAdapter.service(CoyoteAdapter.java:344) ~[tomcat-embed-core-10.1.40.jar:10.1.40]
	at org.apache.coyote.http11.Http11Processor.service(Http11Processor.java:398) ~[tomcat-embed-core-10.1.40.jar:10.1.40]
	at org.apache.coyote.AbstractProcessorLight.process(AbstractProcessorLight.java:63) ~[tomcat-embed-core-10.1.40.jar:10.1.40]
	at org.apache.coyote.AbstractProtocol$ConnectionHandler.process(AbstractProtocol.java:903) ~[tomcat-embed-core-10.1.40.jar:10.1.40]
	at org.apache.tomcat.util.net.NioEndpoint$SocketProcessor.doRun(NioEndpoint.java:1740) ~[tomcat-embed-core-10.1.40.jar:10.1.40]
	at org.apache.tomcat.util.net.SocketProcessorBase.run(SocketProcessorBase.java:52) ~[tomcat-embed-core-10.1.40.jar:10.1.40]
	at org.apache.tomcat.util.threads.ThreadPoolExecutor.runWorker(ThreadPoolExecutor.java:1189) ~[tomcat-embed-core-10.1.40.jar:10.1.40]
	at org.apache.tomcat.util.threads.ThreadPoolExecutor$Worker.run(ThreadPoolExecutor.java:658) ~[tomcat-embed-core-10.1.40.jar:10.1.40]
	at org.apache.tomcat.util.threads.TaskThread$WrappingRunnable.run(TaskThread.java:63) ~[tomcat-embed-core-10.1.40.jar:10.1.40]
	at java.base/java.lang.Thread.run(Thread.java:1583) ~[na:na]
Caused by: org.attoparser.ParseException: Exception evaluating SpringEL expression: "user.roles[0].name" (template: "users" - line 62, col 23)
	at org.attoparser.MarkupParser.parseDocument(MarkupParser.java:393) ~[attoparser-2.0.7.RELEASE.jar:2.0.7.RELEASE]
	at org.attoparser.MarkupParser.parse(MarkupParser.java:257) ~[attoparser-2.0.7.RELEASE.jar:2.0.7.RELEASE]
	at org.thymeleaf.templateparser.markup.AbstractMarkupTemplateParser.parse(AbstractMarkupTemplateParser.java:230) ~[thymeleaf-3.1.3.RELEASE.jar:3.1.3.RELEASE]
	... 51 common frames omitted
Caused by: org.thymeleaf.exceptions.TemplateProcessingException: Exception evaluating SpringEL expression: "user.roles[0].name" (template: "users" - line 62, col 23)
	at org.thymeleaf.spring6.expression.SPELVariableExpressionEvaluator.evaluate(SPELVariableExpressionEvaluator.java:292) ~[thymeleaf-spring6-3.1.3.RELEASE.jar:3.1.3.RELEASE]
	at org.thymeleaf.standard.expression.VariableExpression.executeVariableExpression(VariableExpression.java:166) ~[thymeleaf-3.1.3.RELEASE.jar:3.1.3.RELEASE]
	at org.thymeleaf.standard.expression.SimpleExpression.executeSimple(SimpleExpression.java:66) ~[thymeleaf-3.1.3.RELEASE.jar:3.1.3.RELEASE]
	at org.thymeleaf.standard.expression.Expression.execute(Expression.java:109) ~[thymeleaf-3.1.3.RELEASE.jar:3.1.3.RELEASE]
	at org.thymeleaf.standard.expression.Expression.execute(Expression.java:138) ~[thymeleaf-3.1.3.RELEASE.jar:3.1.3.RELEASE]
	at org.thymeleaf.standard.processor.AbstractStandardExpressionAttributeTagProcessor.doProcess(AbstractStandardExpressionAttributeTagProcessor.java:144) ~[thymeleaf-3.1.3.RELEASE.jar:3.1.3.RELEASE]
	at org.thymeleaf.processor.element.AbstractAttributeTagProcessor.doProcess(AbstractAttributeTagProcessor.java:74) ~[thymeleaf-3.1.3.RELEASE.jar:3.1.3.RELEASE]
	at org.thymeleaf.processor.element.AbstractElementTagProcessor.process(AbstractElementTagProcessor.java:95) ~[thymeleaf-3.1.3.RELEASE.jar:3.1.3.RELEASE]
	at org.thymeleaf.util.ProcessorConfigurationUtils$ElementTagProcessorWrapper.process(ProcessorConfigurationUtils.java:633) ~[thymeleaf-3.1.3.RELEASE.jar:3.1.3.RELEASE]
	at org.thymeleaf.engine.ProcessorTemplateHandler.handleOpenElement(ProcessorTemplateHandler.java:1314) ~[thymeleaf-3.1.3.RELEASE.jar:3.1.3.RELEASE]
	at org.thymeleaf.engine.OpenElementTag.beHandled(OpenElementTag.java:205) ~[thymeleaf-3.1.3.RELEASE.jar:3.1.3.RELEASE]
	at org.thymeleaf.engine.Model.process(Model.java:282) ~[thymeleaf-3.1.3.RELEASE.jar:3.1.3.RELEASE]
	at org.thymeleaf.engine.Model.process(Model.java:290) ~[thymeleaf-3.1.3.RELEASE.jar:3.1.3.RELEASE]
	at org.thymeleaf.engine.IteratedGatheringModelProcessable.processIterationModel(IteratedGatheringModelProcessable.java:368) ~[thymeleaf-3.1.3.RELEASE.jar:3.1.3.RELEASE]
	at org.thymeleaf.engine.IteratedGatheringModelProcessable.process(IteratedGatheringModelProcessable.java:294) ~[thymeleaf-3.1.3.RELEASE.jar:3.1.3.RELEASE]
	at org.thymeleaf.engine.ProcessorTemplateHandler.handleCloseElement(ProcessorTemplateHandler.java:1640) ~[thymeleaf-3.1.3.RELEASE.jar:3.1.3.RELEASE]
	at org.thymeleaf.engine.TemplateHandlerAdapterMarkupHandler.handleCloseElementEnd(TemplateHandlerAdapterMarkupHandler.java:388) ~[thymeleaf-3.1.3.RELEASE.jar:3.1.3.RELEASE]
	at org.thymeleaf.templateparser.markup.InlinedOutputExpressionMarkupHandler$InlineMarkupAdapterPreProcessorHandler.handleCloseElementEnd(InlinedOutputExpressionMarkupHandler.java:322) ~[thymeleaf-3.1.3.RELEASE.jar:3.1.3.RELEASE]
	at org.thymeleaf.standard.inline.OutputExpressionInlinePreProcessorHandler.handleCloseElementEnd(OutputExpressionInlinePreProcessorHandler.java:220) ~[thymeleaf-3.1.3.RELEASE.jar:3.1.3.RELEASE]
	at org.thymeleaf.templateparser.markup.InlinedOutputExpressionMarkupHandler.handleCloseElementEnd(InlinedOutputExpressionMarkupHandler.java:164) ~[thymeleaf-3.1.3.RELEASE.jar:3.1.3.RELEASE]
	at org.attoparser.HtmlElement.handleCloseElementEnd(HtmlElement.java:169) ~[attoparser-2.0.7.RELEASE.jar:2.0.7.RELEASE]
	at org.attoparser.HtmlMarkupHandler.handleCloseElementEnd(HtmlMarkupHandler.java:412) ~[attoparser-2.0.7.RELEASE.jar:2.0.7.RELEASE]
	at org.attoparser.MarkupEventProcessorHandler.handleCloseElementEnd(MarkupEventProcessorHandler.java:473) ~[attoparser-2.0.7.RELEASE.jar:2.0.7.RELEASE]
	at org.attoparser.ParsingElementMarkupUtil.parseCloseElement(ParsingElementMarkupUtil.java:201) ~[attoparser-2.0.7.RELEASE.jar:2.0.7.RELEASE]
	at org.attoparser.MarkupParser.parseBuffer(MarkupParser.java:725) ~[attoparser-2.0.7.RELEASE.jar:2.0.7.RELEASE]
	at org.attoparser.MarkupParser.parseDocument(MarkupParser.java:301) ~[attoparser-2.0.7.RELEASE.jar:2.0.7.RELEASE]
	... 53 common frames omitted
Caused by: org.springframework.expression.spel.SpelEvaluationException: EL1025E: The collection has '0' elements, index '0' is invalid
	at org.springframework.expression.spel.ast.Indexer$CollectionIndexingValueRef.growCollectionIfNecessary(Indexer.java:708) ~[spring-expression-6.1.19.jar:6.1.19]
	at org.springframework.expression.spel.ast.Indexer$CollectionIndexingValueRef.getValue(Indexer.java:672) ~[spring-expression-6.1.19.jar:6.1.19]
	at org.springframework.expression.spel.ast.Indexer.getValueInternal(Indexer.java:100) ~[spring-expression-6.1.19.jar:6.1.19]
	at org.springframework.expression.spel.ast.CompoundExpression.getValueRef(CompoundExpression.java:66) ~[spring-expression-6.1.19.jar:6.1.19]
	at org.springframework.expression.spel.ast.CompoundExpression.getValueInternal(CompoundExpression.java:96) ~[spring-expression-6.1.19.jar:6.1.19]
	at org.springframework.expression.spel.ast.SpelNodeImpl.getValue(SpelNodeImpl.java:114) ~[spring-expression-6.1.19.jar:6.1.19]
	at org.springframework.expression.spel.standard.SpelExpression.getValue(SpelExpression.java:338) ~[spring-expression-6.1.19.jar:6.1.19]
	at org.thymeleaf.spring6.expression.SPELVariableExpressionEvaluator.evaluate(SPELVariableExpressionEvaluator.java:265) ~[thymeleaf-spring6-3.1.3.RELEASE.jar:3.1.3.RELEASE]
	... 78 common frames omitted

2025-05-01T18:59:12.818+05:45 ERROR 805344 --- [EcommerceCommon] [http-nio-8080-exec-5] o.a.c.c.C.[.[.[.[dispatcherServlet]      : Servlet.service() for servlet [dispatcherServlet] in context with path [/admin] threw exception [Request processing failed: org.thymeleaf.exceptions.TemplateInputException: An error happened during template parsing (template: "class path resource [templates/users.html]")] with root cause

org.springframework.expression.spel.SpelEvaluationException: EL1025E: The collection has '0' elements, index '0' is invalid
	at org.springframework.expression.spel.ast.Indexer$CollectionIndexingValueRef.growCollectionIfNecessary(Indexer.java:708) ~[spring-expression-6.1.19.jar:6.1.19]
	at org.springframework.expression.spel.ast.Indexer$CollectionIndexingValueRef.getValue(Indexer.java:672) ~[spring-expression-6.1.19.jar:6.1.19]
	at org.springframework.expression.spel.ast.Indexer.getValueInternal(Indexer.java:100) ~[spring-expression-6.1.19.jar:6.1.19]
	at org.springframework.expression.spel.ast.CompoundExpression.getValueRef(CompoundExpression.java:66) ~[spring-expression-6.1.19.jar:6.1.19]
	at org.springframework.expression.spel.ast.CompoundExpression.getValueInternal(CompoundExpression.java:96) ~[spring-expression-6.1.19.jar:6.1.19]
	at org.springframework.expression.spel.ast.SpelNodeImpl.getValue(SpelNodeImpl.java:114) ~[spring-expression-6.1.19.jar:6.1.19]
	at org.springframework.expression.spel.standard.SpelExpression.getValue(SpelExpression.java:338) ~[spring-expression-6.1.19.jar:6.1.19]
	at org.thymeleaf.spring6.expression.SPELVariableExpressionEvaluator.evaluate(SPELVariableExpressionEvaluator.java:265) ~[thymeleaf-spring6-3.1.3.RELEASE.jar:3.1.3.RELEASE]
	at org.thymeleaf.standard.expression.VariableExpression.executeVariableExpression(VariableExpression.java:166) ~[thymeleaf-3.1.3.RELEASE.jar:3.1.3.RELEASE]
	at org.thymeleaf.standard.expression.SimpleExpression.executeSimple(SimpleExpression.java:66) ~[thymeleaf-3.1.3.RELEASE.jar:3.1.3.RELEASE]
	at org.thymeleaf.standard.expression.Expression.execute(Expression.java:109) ~[thymeleaf-3.1.3.RELEASE.jar:3.1.3.RELEASE]
	at org.thymeleaf.standard.expression.Expression.execute(Expression.java:138) ~[thymeleaf-3.1.3.RELEASE.jar:3.1.3.RELEASE]
	at org.thymeleaf.standard.processor.AbstractStandardExpressionAttributeTagProcessor.doProcess(AbstractStandardExpressionAttributeTagProcessor.java:144) ~[thymeleaf-3.1.3.RELEASE.jar:3.1.3.RELEASE]
	at org.thymeleaf.processor.element.AbstractAttributeTagProcessor.doProcess(AbstractAttributeTagProcessor.java:74) ~[thymeleaf-3.1.3.RELEASE.jar:3.1.3.RELEASE]
	at org.thymeleaf.processor.element.AbstractElementTagProcessor.process(AbstractElementTagProcessor.java:95) ~[thymeleaf-3.1.3.RELEASE.jar:3.1.3.RELEASE]
	at org.thymeleaf.util.ProcessorConfigurationUtils$ElementTagProcessorWrapper.process(ProcessorConfigurationUtils.java:633) ~[thymeleaf-3.1.3.RELEASE.jar:3.1.3.RELEASE]
	at org.thymeleaf.engine.ProcessorTemplateHandler.handleOpenElement(ProcessorTemplateHandler.java:1314) ~[thymeleaf-3.1.3.RELEASE.jar:3.1.3.RELEASE]
	at org.thymeleaf.engine.OpenElementTag.beHandled(OpenElementTag.java:205) ~[thymeleaf-3.1.3.RELEASE.jar:3.1.3.RELEASE]
	at org.thymeleaf.engine.Model.process(Model.java:282) ~[thymeleaf-3.1.3.RELEASE.jar:3.1.3.RELEASE]
	at org.thymeleaf.engine.Model.process(Model.java:290) ~[thymeleaf-3.1.3.RELEASE.jar:3.1.3.RELEASE]
	at org.thymeleaf.engine.IteratedGatheringModelProcessable.processIterationModel(IteratedGatheringModelProcessable.java:368) ~[thymeleaf-3.1.3.RELEASE.jar:3.1.3.RELEASE]
	at org.thymeleaf.engine.IteratedGatheringModelProcessable.process(IteratedGatheringModelProcessable.java:294) ~[thymeleaf-3.1.3.RELEASE.jar:3.1.3.RELEASE]
	at org.thymeleaf.engine.ProcessorTemplateHandler.handleCloseElement(ProcessorTemplateHandler.java:1640) ~[thymeleaf-3.1.3.RELEASE.jar:3.1.3.RELEASE]
	at org.thymeleaf.engine.TemplateHandlerAdapterMarkupHandler.handleCloseElementEnd(TemplateHandlerAdapterMarkupHandler.java:388) ~[thymeleaf-3.1.3.RELEASE.jar:3.1.3.RELEASE]
	at org.thymeleaf.templateparser.markup.InlinedOutputExpressionMarkupHandler$InlineMarkupAdapterPreProcessorHandler.handleCloseElementEnd(InlinedOutputExpressionMarkupHandler.java:322) ~[thymeleaf-3.1.3.RELEASE.jar:3.1.3.RELEASE]
	at org.thymeleaf.standard.inline.OutputExpressionInlinePreProcessorHandler.handleCloseElementEnd(OutputExpressionInlinePreProcessorHandler.java:220) ~[thymeleaf-3.1.3.RELEASE.jar:3.1.3.RELEASE]
	at org.thymeleaf.templateparser.markup.InlinedOutputExpressionMarkupHandler.handleCloseElementEnd(InlinedOutputExpressionMarkupHandler.java:164) ~[thymeleaf-3.1.3.RELEASE.jar:3.1.3.RELEASE]
	at org.attoparser.HtmlElement.handleCloseElementEnd(HtmlElement.java:169) ~[attoparser-2.0.7.RELEASE.jar:2.0.7.RELEASE]
	at org.attoparser.HtmlMarkupHandler.handleCloseElementEnd(HtmlMarkupHandler.java:412) ~[attoparser-2.0.7.RELEASE.jar:2.0.7.RELEASE]
	at org.attoparser.MarkupEventProcessorHandler.handleCloseElementEnd(MarkupEventProcessorHandler.java:473) ~[attoparser-2.0.7.RELEASE.jar:2.0.7.RELEASE]
	at org.attoparser.ParsingElementMarkupUtil.parseCloseElement(ParsingElementMarkupUtil.java:201) ~[attoparser-2.0.7.RELEASE.jar:2.0.7.RELEASE]
	at org.attoparser.MarkupParser.parseBuffer(MarkupParser.java:725) ~[attoparser-2.0.7.RELEASE.jar:2.0.7.RELEASE]
	at org.attoparser.MarkupParser.parseDocument(MarkupParser.java:301) ~[attoparser-2.0.7.RELEASE.jar:2.0.7.RELEASE]
	at org.attoparser.MarkupParser.parse(MarkupParser.java:257) ~[attoparser-2.0.7.RELEASE.jar:2.0.7.RELEASE]
	at org.thymeleaf.templateparser.markup.AbstractMarkupTemplateParser.parse(AbstractMarkupTemplateParser.java:230) ~[thymeleaf-3.1.3.RELEASE.jar:3.1.3.RELEASE]
	at org.thymeleaf.templateparser.markup.AbstractMarkupTemplateParser.parseStandalone(AbstractMarkupTemplateParser.java:100) ~[thymeleaf-3.1.3.RELEASE.jar:3.1.3.RELEASE]
	at org.thymeleaf.engine.TemplateManager.parseAndProcess(TemplateManager.java:666) ~[thymeleaf-3.1.3.RELEASE.jar:3.1.3.RELEASE]
	at org.thymeleaf.TemplateEngine.process(TemplateEngine.java:1103) ~[thymeleaf-3.1.3.RELEASE.jar:3.1.3.RELEASE]
	at org.thymeleaf.TemplateEngine.process(TemplateEngine.java:1077) ~[thymeleaf-3.1.3.RELEASE.jar:3.1.3.RELEASE]
	at org.thymeleaf.spring6.view.ThymeleafView.renderFragment(ThymeleafView.java:372) ~[thymeleaf-spring6-3.1.3.RELEASE.jar:3.1.3.RELEASE]
	at org.thymeleaf.spring6.view.ThymeleafView.render(ThymeleafView.java:192) ~[thymeleaf-spring6-3.1.3.RELEASE.jar:3.1.3.RELEASE]
	at org.springframework.web.servlet.DispatcherServlet.render(DispatcherServlet.java:1432) ~[spring-webmvc-6.1.19.jar:6.1.19]
	at org.springframework.web.servlet.DispatcherServlet.processDispatchResult(DispatcherServlet.java:1168) ~[spring-webmvc-6.1.19.jar:6.1.19]
	at org.springframework.web.servlet.DispatcherServlet.doDispatch(DispatcherServlet.java:1106) ~[spring-webmvc-6.1.19.jar:6.1.19]
	at org.springframework.web.servlet.DispatcherServlet.doService(DispatcherServlet.java:979) ~[spring-webmvc-6.1.19.jar:6.1.19]
	at org.springframework.web.servlet.FrameworkServlet.processRequest(FrameworkServlet.java:1014) ~[spring-webmvc-6.1.19.jar:6.1.19]
	at org.springframework.web.servlet.FrameworkServlet.doGet(FrameworkServlet.java:903) ~[spring-webmvc-6.1.19.jar:6.1.19]
	at jakarta.servlet.http.HttpServlet.service(HttpServlet.java:564) ~[tomcat-embed-core-10.1.40.jar:6.0]
	at org.springframework.web.servlet.FrameworkServlet.service(FrameworkServlet.java:885) ~[spring-webmvc-6.1.19.jar:6.1.19]
	at jakarta.servlet.http.HttpServlet.service(HttpServlet.java:658) ~[tomcat-embed-core-10.1.40.jar:6.0]
	at org.apache.catalina.core.ApplicationFilterChain.internalDoFilter(ApplicationFilterChain.java:195) ~[tomcat-embed-core-10.1.40.jar:10.1.40]
	at org.apache.catalina.core.ApplicationFilterChain.doFilter(ApplicationFilterChain.java:140) ~[tomcat-embed-core-10.1.40.jar:10.1.40]
	at org.apache.tomcat.websocket.server.WsFilter.doFilter(WsFilter.java:51) ~[tomcat-embed-websocket-10.1.40.jar:10.1.40]
	at org.apache.catalina.core.ApplicationFilterChain.internalDoFilter(ApplicationFilterChain.java:164) ~[tomcat-embed-core-10.1.40.jar:10.1.40]
	at org.apache.catalina.core.ApplicationFilterChain.doFilter(ApplicationFilterChain.java:140) ~[tomcat-embed-core-10.1.40.jar:10.1.40]
	at org.springframework.web.servlet.resource.ResourceUrlEncodingFilter.doFilter(ResourceUrlEncodingFilter.java:66) ~[spring-webmvc-6.1.19.jar:6.1.19]
	at org.apache.catalina.core.ApplicationFilterChain.internalDoFilter(ApplicationFilterChain.java:164) ~[tomcat-embed-core-10.1.40.jar:10.1.40]
	at org.apache.catalina.core.ApplicationFilterChain.doFilter(ApplicationFilterChain.java:140) ~[tomcat-embed-core-10.1.40.jar:10.1.40]
	at org.springframework.web.filter.RequestContextFilter.doFilterInternal(RequestContextFilter.java:100) ~[spring-web-6.1.19.jar:6.1.19]
	at org.springframework.web.filter.OncePerRequestFilter.doFilter(OncePerRequestFilter.java:116) ~[spring-web-6.1.19.jar:6.1.19]
	at org.apache.catalina.core.ApplicationFilterChain.internalDoFilter(ApplicationFilterChain.java:164) ~[tomcat-embed-core-10.1.40.jar:10.1.40]
	at org.apache.catalina.core.ApplicationFilterChain.doFilter(ApplicationFilterChain.java:140) ~[tomcat-embed-core-10.1.40.jar:10.1.40]
	at org.springframework.web.filter.FormContentFilter.doFilterInternal(FormContentFilter.java:93) ~[spring-web-6.1.19.jar:6.1.19]
	at org.springframework.web.filter.OncePerRequestFilter.doFilter(OncePerRequestFilter.java:116) ~[spring-web-6.1.19.jar:6.1.19]
	at org.apache.catalina.core.ApplicationFilterChain.internalDoFilter(ApplicationFilterChain.java:164) ~[tomcat-embed-core-10.1.40.jar:10.1.40]
	at org.apache.catalina.core.ApplicationFilterChain.doFilter(ApplicationFilterChain.java:140) ~[tomcat-embed-core-10.1.40.jar:10.1.40]
	at org.springframework.web.filter.CharacterEncodingFilter.doFilterInternal(CharacterEncodingFilter.java:201) ~[spring-web-6.1.19.jar:6.1.19]
	at org.springframework.web.filter.OncePerRequestFilter.doFilter(OncePerRequestFilter.java:116) ~[spring-web-6.1.19.jar:6.1.19]
	at org.apache.catalina.core.ApplicationFilterChain.internalDoFilter(ApplicationFilterChain.java:164) ~[tomcat-embed-core-10.1.40.jar:10.1.40]
	at org.apache.catalina.core.ApplicationFilterChain.doFilter(ApplicationFilterChain.java:140) ~[tomcat-embed-core-10.1.40.jar:10.1.40]
	at org.apache.catalina.core.StandardWrapperValve.invoke(StandardWrapperValve.java:167) ~[tomcat-embed-core-10.1.40.jar:10.1.40]
	at org.apache.catalina.core.StandardContextValve.invoke(StandardContextValve.java:90) ~[tomcat-embed-core-10.1.40.jar:10.1.40]
	at org.apache.catalina.authenticator.AuthenticatorBase.invoke(AuthenticatorBase.java:483) ~[tomcat-embed-core-10.1.40.jar:10.1.40]
	at org.apache.catalina.core.StandardHostValve.invoke(StandardHostValve.java:116) ~[tomcat-embed-core-10.1.40.jar:10.1.40]
	at org.apache.catalina.valves.ErrorReportValve.invoke(ErrorReportValve.java:93) ~[tomcat-embed-core-10.1.40.jar:10.1.40]
	at org.apache.catalina.core.StandardEngineValve.invoke(StandardEngineValve.java:74) ~[tomcat-embed-core-10.1.40.jar:10.1.40]
	at org.apache.catalina.connector.CoyoteAdapter.service(CoyoteAdapter.java:344) ~[tomcat-embed-core-10.1.40.jar:10.1.40]
	at org.apache.coyote.http11.Http11Processor.service(Http11Processor.java:398) ~[tomcat-embed-core-10.1.40.jar:10.1.40]
	at org.apache.coyote.AbstractProcessorLight.process(AbstractProcessorLight.java:63) ~[tomcat-embed-core-10.1.40.jar:10.1.40]
	at org.apache.coyote.AbstractProtocol$ConnectionHandler.process(AbstractProtocol.java:903) ~[tomcat-embed-core-10.1.40.jar:10.1.40]
	at org.apache.tomcat.util.net.NioEndpoint$SocketProcessor.doRun(NioEndpoint.java:1740) ~[tomcat-embed-core-10.1.40.jar:10.1.40]
	at org.apache.tomcat.util.net.SocketProcessorBase.run(SocketProcessorBase.java:52) ~[tomcat-embed-core-10.1.40.jar:10.1.40]
	at org.apache.tomcat.util.threads.ThreadPoolExecutor.runWorker(ThreadPoolExecutor.java:1189) ~[tomcat-embed-core-10.1.40.jar:10.1.40]
	at org.apache.tomcat.util.threads.ThreadPoolExecutor$Worker.run(ThreadPoolExecutor.java:658) ~[tomcat-embed-core-10.1.40.jar:10.1.40]
	at org.apache.tomcat.util.threads.TaskThread$WrappingRunnable.run(TaskThread.java:63) ~[tomcat-embed-core-10.1.40.jar:10.1.40]
	at java.base/java.lang.Thread.run(Thread.java:1583) ~[na:na]

2025-05-01T19:04:05.517+05:45 ERROR 805344 --- [EcommerceCommon] [http-nio-8080-exec-9] org.thymeleaf.TemplateEngine             : [THYMELEAF][http-nio-8080-exec-9] Exception processing template "users": An error happened during template parsing (template: "class path resource [templates/users.html]")

org.thymeleaf.exceptions.TemplateInputException: An error happened during template parsing (template: "class path resource [templates/users.html]")
	at org.thymeleaf.templateparser.markup.AbstractMarkupTemplateParser.parse(AbstractMarkupTemplateParser.java:241) ~[thymeleaf-3.1.3.RELEASE.jar:3.1.3.RELEASE]
	at org.thymeleaf.templateparser.markup.AbstractMarkupTemplateParser.parseStandalone(AbstractMarkupTemplateParser.java:100) ~[thymeleaf-3.1.3.RELEASE.jar:3.1.3.RELEASE]
	at org.thymeleaf.engine.TemplateManager.parseAndProcess(TemplateManager.java:666) ~[thymeleaf-3.1.3.RELEASE.jar:3.1.3.RELEASE]
	at org.thymeleaf.TemplateEngine.process(TemplateEngine.java:1103) ~[thymeleaf-3.1.3.RELEASE.jar:3.1.3.RELEASE]
	at org.thymeleaf.TemplateEngine.process(TemplateEngine.java:1077) ~[thymeleaf-3.1.3.RELEASE.jar:3.1.3.RELEASE]
	at org.thymeleaf.spring6.view.ThymeleafView.renderFragment(ThymeleafView.java:372) ~[thymeleaf-spring6-3.1.3.RELEASE.jar:3.1.3.RELEASE]
	at org.thymeleaf.spring6.view.ThymeleafView.render(ThymeleafView.java:192) ~[thymeleaf-spring6-3.1.3.RELEASE.jar:3.1.3.RELEASE]
	at org.springframework.web.servlet.DispatcherServlet.render(DispatcherServlet.java:1432) ~[spring-webmvc-6.1.19.jar:6.1.19]
	at org.springframework.web.servlet.DispatcherServlet.processDispatchResult(DispatcherServlet.java:1168) ~[spring-webmvc-6.1.19.jar:6.1.19]
	at org.springframework.web.servlet.DispatcherServlet.doDispatch(DispatcherServlet.java:1106) ~[spring-webmvc-6.1.19.jar:6.1.19]
	at org.springframework.web.servlet.DispatcherServlet.doService(DispatcherServlet.java:979) ~[spring-webmvc-6.1.19.jar:6.1.19]
	at org.springframework.web.servlet.FrameworkServlet.processRequest(FrameworkServlet.java:1014) ~[spring-webmvc-6.1.19.jar:6.1.19]
	at org.springframework.web.servlet.FrameworkServlet.doGet(FrameworkServlet.java:903) ~[spring-webmvc-6.1.19.jar:6.1.19]
	at jakarta.servlet.http.HttpServlet.service(HttpServlet.java:564) ~[tomcat-embed-core-10.1.40.jar:6.0]
	at org.springframework.web.servlet.FrameworkServlet.service(FrameworkServlet.java:885) ~[spring-webmvc-6.1.19.jar:6.1.19]
	at jakarta.servlet.http.HttpServlet.service(HttpServlet.java:658) ~[tomcat-embed-core-10.1.40.jar:6.0]
	at org.apache.catalina.core.ApplicationFilterChain.internalDoFilter(ApplicationFilterChain.java:195) ~[tomcat-embed-core-10.1.40.jar:10.1.40]
	at org.apache.catalina.core.ApplicationFilterChain.doFilter(ApplicationFilterChain.java:140) ~[tomcat-embed-core-10.1.40.jar:10.1.40]
	at org.apache.tomcat.websocket.server.WsFilter.doFilter(WsFilter.java:51) ~[tomcat-embed-websocket-10.1.40.jar:10.1.40]
	at org.apache.catalina.core.ApplicationFilterChain.internalDoFilter(ApplicationFilterChain.java:164) ~[tomcat-embed-core-10.1.40.jar:10.1.40]
	at org.apache.catalina.core.ApplicationFilterChain.doFilter(ApplicationFilterChain.java:140) ~[tomcat-embed-core-10.1.40.jar:10.1.40]
	at org.springframework.web.servlet.resource.ResourceUrlEncodingFilter.doFilter(ResourceUrlEncodingFilter.java:66) ~[spring-webmvc-6.1.19.jar:6.1.19]
	at org.apache.catalina.core.ApplicationFilterChain.internalDoFilter(ApplicationFilterChain.java:164) ~[tomcat-embed-core-10.1.40.jar:10.1.40]
	at org.apache.catalina.core.ApplicationFilterChain.doFilter(ApplicationFilterChain.java:140) ~[tomcat-embed-core-10.1.40.jar:10.1.40]
	at org.springframework.web.filter.RequestContextFilter.doFilterInternal(RequestContextFilter.java:100) ~[spring-web-6.1.19.jar:6.1.19]
	at org.springframework.web.filter.OncePerRequestFilter.doFilter(OncePerRequestFilter.java:116) ~[spring-web-6.1.19.jar:6.1.19]
	at org.apache.catalina.core.ApplicationFilterChain.internalDoFilter(ApplicationFilterChain.java:164) ~[tomcat-embed-core-10.1.40.jar:10.1.40]
	at org.apache.catalina.core.ApplicationFilterChain.doFilter(ApplicationFilterChain.java:140) ~[tomcat-embed-core-10.1.40.jar:10.1.40]
	at org.springframework.web.filter.FormContentFilter.doFilterInternal(FormContentFilter.java:93) ~[spring-web-6.1.19.jar:6.1.19]
	at org.springframework.web.filter.OncePerRequestFilter.doFilter(OncePerRequestFilter.java:116) ~[spring-web-6.1.19.jar:6.1.19]
	at org.apache.catalina.core.ApplicationFilterChain.internalDoFilter(ApplicationFilterChain.java:164) ~[tomcat-embed-core-10.1.40.jar:10.1.40]
	at org.apache.catalina.core.ApplicationFilterChain.doFilter(ApplicationFilterChain.java:140) ~[tomcat-embed-core-10.1.40.jar:10.1.40]
	at org.springframework.web.filter.CharacterEncodingFilter.doFilterInternal(CharacterEncodingFilter.java:201) ~[spring-web-6.1.19.jar:6.1.19]
	at org.springframework.web.filter.OncePerRequestFilter.doFilter(OncePerRequestFilter.java:116) ~[spring-web-6.1.19.jar:6.1.19]
	at org.apache.catalina.core.ApplicationFilterChain.internalDoFilter(ApplicationFilterChain.java:164) ~[tomcat-embed-core-10.1.40.jar:10.1.40]
	at org.apache.catalina.core.ApplicationFilterChain.doFilter(ApplicationFilterChain.java:140) ~[tomcat-embed-core-10.1.40.jar:10.1.40]
	at org.apache.catalina.core.StandardWrapperValve.invoke(StandardWrapperValve.java:167) ~[tomcat-embed-core-10.1.40.jar:10.1.40]
	at org.apache.catalina.core.StandardContextValve.invoke(StandardContextValve.java:90) ~[tomcat-embed-core-10.1.40.jar:10.1.40]
	at org.apache.catalina.authenticator.AuthenticatorBase.invoke(AuthenticatorBase.java:483) ~[tomcat-embed-core-10.1.40.jar:10.1.40]
	at org.apache.catalina.core.StandardHostValve.invoke(StandardHostValve.java:116) ~[tomcat-embed-core-10.1.40.jar:10.1.40]
	at org.apache.catalina.valves.ErrorReportValve.invoke(ErrorReportValve.java:93) ~[tomcat-embed-core-10.1.40.jar:10.1.40]
	at org.apache.catalina.core.StandardEngineValve.invoke(StandardEngineValve.java:74) ~[tomcat-embed-core-10.1.40.jar:10.1.40]
	at org.apache.catalina.connector.CoyoteAdapter.service(CoyoteAdapter.java:344) ~[tomcat-embed-core-10.1.40.jar:10.1.40]
	at org.apache.coyote.http11.Http11Processor.service(Http11Processor.java:398) ~[tomcat-embed-core-10.1.40.jar:10.1.40]
	at org.apache.coyote.AbstractProcessorLight.process(AbstractProcessorLight.java:63) ~[tomcat-embed-core-10.1.40.jar:10.1.40]
	at org.apache.coyote.AbstractProtocol$ConnectionHandler.process(AbstractProtocol.java:903) ~[tomcat-embed-core-10.1.40.jar:10.1.40]
	at org.apache.tomcat.util.net.NioEndpoint$SocketProcessor.doRun(NioEndpoint.java:1740) ~[tomcat-embed-core-10.1.40.jar:10.1.40]
	at org.apache.tomcat.util.net.SocketProcessorBase.run(SocketProcessorBase.java:52) ~[tomcat-embed-core-10.1.40.jar:10.1.40]
	at org.apache.tomcat.util.threads.ThreadPoolExecutor.runWorker(ThreadPoolExecutor.java:1189) ~[tomcat-embed-core-10.1.40.jar:10.1.40]
	at org.apache.tomcat.util.threads.ThreadPoolExecutor$Worker.run(ThreadPoolExecutor.java:658) ~[tomcat-embed-core-10.1.40.jar:10.1.40]
	at org.apache.tomcat.util.threads.TaskThread$WrappingRunnable.run(TaskThread.java:63) ~[tomcat-embed-core-10.1.40.jar:10.1.40]
	at java.base/java.lang.Thread.run(Thread.java:1583) ~[na:na]
Caused by: org.attoparser.ParseException: Exception evaluating SpringEL expression: "user.roles[1]" (template: "users" - line 62, col 23)
	at org.attoparser.MarkupParser.parseDocument(MarkupParser.java:393) ~[attoparser-2.0.7.RELEASE.jar:2.0.7.RELEASE]
	at org.attoparser.MarkupParser.parse(MarkupParser.java:257) ~[attoparser-2.0.7.RELEASE.jar:2.0.7.RELEASE]
	at org.thymeleaf.templateparser.markup.AbstractMarkupTemplateParser.parse(AbstractMarkupTemplateParser.java:230) ~[thymeleaf-3.1.3.RELEASE.jar:3.1.3.RELEASE]
	... 51 common frames omitted
Caused by: org.thymeleaf.exceptions.TemplateProcessingException: Exception evaluating SpringEL expression: "user.roles[1]" (template: "users" - line 62, col 23)
	at org.thymeleaf.spring6.expression.SPELVariableExpressionEvaluator.evaluate(SPELVariableExpressionEvaluator.java:292) ~[thymeleaf-spring6-3.1.3.RELEASE.jar:3.1.3.RELEASE]
	at org.thymeleaf.standard.expression.VariableExpression.executeVariableExpression(VariableExpression.java:166) ~[thymeleaf-3.1.3.RELEASE.jar:3.1.3.RELEASE]
	at org.thymeleaf.standard.expression.SimpleExpression.executeSimple(SimpleExpression.java:66) ~[thymeleaf-3.1.3.RELEASE.jar:3.1.3.RELEASE]
	at org.thymeleaf.standard.expression.Expression.execute(Expression.java:109) ~[thymeleaf-3.1.3.RELEASE.jar:3.1.3.RELEASE]
	at org.thymeleaf.standard.expression.Expression.execute(Expression.java:138) ~[thymeleaf-3.1.3.RELEASE.jar:3.1.3.RELEASE]
	at org.thymeleaf.standard.processor.AbstractStandardExpressionAttributeTagProcessor.doProcess(AbstractStandardExpressionAttributeTagProcessor.java:144) ~[thymeleaf-3.1.3.RELEASE.jar:3.1.3.RELEASE]
	at org.thymeleaf.processor.element.AbstractAttributeTagProcessor.doProcess(AbstractAttributeTagProcessor.java:74) ~[thymeleaf-3.1.3.RELEASE.jar:3.1.3.RELEASE]
	at org.thymeleaf.processor.element.AbstractElementTagProcessor.process(AbstractElementTagProcessor.java:95) ~[thymeleaf-3.1.3.RELEASE.jar:3.1.3.RELEASE]
	at org.thymeleaf.util.ProcessorConfigurationUtils$ElementTagProcessorWrapper.process(ProcessorConfigurationUtils.java:633) ~[thymeleaf-3.1.3.RELEASE.jar:3.1.3.RELEASE]
	at org.thymeleaf.engine.ProcessorTemplateHandler.handleOpenElement(ProcessorTemplateHandler.java:1314) ~[thymeleaf-3.1.3.RELEASE.jar:3.1.3.RELEASE]
	at org.thymeleaf.engine.OpenElementTag.beHandled(OpenElementTag.java:205) ~[thymeleaf-3.1.3.RELEASE.jar:3.1.3.RELEASE]
	at org.thymeleaf.engine.Model.process(Model.java:282) ~[thymeleaf-3.1.3.RELEASE.jar:3.1.3.RELEASE]
	at org.thymeleaf.engine.Model.process(Model.java:290) ~[thymeleaf-3.1.3.RELEASE.jar:3.1.3.RELEASE]
	at org.thymeleaf.engine.IteratedGatheringModelProcessable.processIterationModel(IteratedGatheringModelProcessable.java:368) ~[thymeleaf-3.1.3.RELEASE.jar:3.1.3.RELEASE]
	at org.thymeleaf.engine.IteratedGatheringModelProcessable.process(IteratedGatheringModelProcessable.java:222) ~[thymeleaf-3.1.3.RELEASE.jar:3.1.3.RELEASE]
	at org.thymeleaf.engine.ProcessorTemplateHandler.handleCloseElement(ProcessorTemplateHandler.java:1640) ~[thymeleaf-3.1.3.RELEASE.jar:3.1.3.RELEASE]
	at org.thymeleaf.engine.TemplateHandlerAdapterMarkupHandler.handleCloseElementEnd(TemplateHandlerAdapterMarkupHandler.java:388) ~[thymeleaf-3.1.3.RELEASE.jar:3.1.3.RELEASE]
	at org.thymeleaf.templateparser.markup.InlinedOutputExpressionMarkupHandler$InlineMarkupAdapterPreProcessorHandler.handleCloseElementEnd(InlinedOutputExpressionMarkupHandler.java:322) ~[thymeleaf-3.1.3.RELEASE.jar:3.1.3.RELEASE]
	at org.thymeleaf.standard.inline.OutputExpressionInlinePreProcessorHandler.handleCloseElementEnd(OutputExpressionInlinePreProcessorHandler.java:220) ~[thymeleaf-3.1.3.RELEASE.jar:3.1.3.RELEASE]
	at org.thymeleaf.templateparser.markup.InlinedOutputExpressionMarkupHandler.handleCloseElementEnd(InlinedOutputExpressionMarkupHandler.java:164) ~[thymeleaf-3.1.3.RELEASE.jar:3.1.3.RELEASE]
	at org.attoparser.HtmlElement.handleCloseElementEnd(HtmlElement.java:169) ~[attoparser-2.0.7.RELEASE.jar:2.0.7.RELEASE]
	at org.attoparser.HtmlMarkupHandler.handleCloseElementEnd(HtmlMarkupHandler.java:412) ~[attoparser-2.0.7.RELEASE.jar:2.0.7.RELEASE]
	at org.attoparser.MarkupEventProcessorHandler.handleCloseElementEnd(MarkupEventProcessorHandler.java:473) ~[attoparser-2.0.7.RELEASE.jar:2.0.7.RELEASE]
	at org.attoparser.ParsingElementMarkupUtil.parseCloseElement(ParsingElementMarkupUtil.java:201) ~[attoparser-2.0.7.RELEASE.jar:2.0.7.RELEASE]
	at org.attoparser.MarkupParser.parseBuffer(MarkupParser.java:725) ~[attoparser-2.0.7.RELEASE.jar:2.0.7.RELEASE]
	at org.attoparser.MarkupParser.parseDocument(MarkupParser.java:301) ~[attoparser-2.0.7.RELEASE.jar:2.0.7.RELEASE]
	... 53 common frames omitted
Caused by: org.springframework.expression.spel.SpelEvaluationException: EL1025E: The collection has '1' elements, index '1' is invalid
	at org.springframework.expression.spel.ast.Indexer$CollectionIndexingValueRef.growCollectionIfNecessary(Indexer.java:708) ~[spring-expression-6.1.19.jar:6.1.19]
	at org.springframework.expression.spel.ast.Indexer$CollectionIndexingValueRef.getValue(Indexer.java:672) ~[spring-expression-6.1.19.jar:6.1.19]
	at org.springframework.expression.spel.ast.CompoundExpression.getValueInternal(CompoundExpression.java:97) ~[spring-expression-6.1.19.jar:6.1.19]
	at org.springframework.expression.spel.ast.SpelNodeImpl.getValue(SpelNodeImpl.java:114) ~[spring-expression-6.1.19.jar:6.1.19]
	at org.springframework.expression.spel.standard.SpelExpression.getValue(SpelExpression.java:338) ~[spring-expression-6.1.19.jar:6.1.19]
	at org.thymeleaf.spring6.expression.SPELVariableExpressionEvaluator.evaluate(SPELVariableExpressionEvaluator.java:265) ~[thymeleaf-spring6-3.1.3.RELEASE.jar:3.1.3.RELEASE]
	... 78 common frames omitted

2025-05-01T19:04:05.520+05:45 ERROR 805344 --- [EcommerceCommon] [http-nio-8080-exec-9] o.a.c.c.C.[.[.[.[dispatcherServlet]      : Servlet.service() for servlet [dispatcherServlet] in context with path [/admin] threw exception [Request processing failed: org.thymeleaf.exceptions.TemplateInputException: An error happened during template parsing (template: "class path resource [templates/users.html]")] with root cause

org.springframework.expression.spel.SpelEvaluationException: EL1025E: The collection has '1' elements, index '1' is invalid
	at org.springframework.expression.spel.ast.Indexer$CollectionIndexingValueRef.growCollectionIfNecessary(Indexer.java:708) ~[spring-expression-6.1.19.jar:6.1.19]
	at org.springframework.expression.spel.ast.Indexer$CollectionIndexingValueRef.getValue(Indexer.java:672) ~[spring-expression-6.1.19.jar:6.1.19]
	at org.springframework.expression.spel.ast.CompoundExpression.getValueInternal(CompoundExpression.java:97) ~[spring-expression-6.1.19.jar:6.1.19]
	at org.springframework.expression.spel.ast.SpelNodeImpl.getValue(SpelNodeImpl.java:114) ~[spring-expression-6.1.19.jar:6.1.19]
	at org.springframework.expression.spel.standard.SpelExpression.getValue(SpelExpression.java:338) ~[spring-expression-6.1.19.jar:6.1.19]
	at org.thymeleaf.spring6.expression.SPELVariableExpressionEvaluator.evaluate(SPELVariableExpressionEvaluator.java:265) ~[thymeleaf-spring6-3.1.3.RELEASE.jar:3.1.3.RELEASE]
	at org.thymeleaf.standard.expression.VariableExpression.executeVariableExpression(VariableExpression.java:166) ~[thymeleaf-3.1.3.RELEASE.jar:3.1.3.RELEASE]
	at org.thymeleaf.standard.expression.SimpleExpression.executeSimple(SimpleExpression.java:66) ~[thymeleaf-3.1.3.RELEASE.jar:3.1.3.RELEASE]
	at org.thymeleaf.standard.expression.Expression.execute(Expression.java:109) ~[thymeleaf-3.1.3.RELEASE.jar:3.1.3.RELEASE]
	at org.thymeleaf.standard.expression.Expression.execute(Expression.java:138) ~[thymeleaf-3.1.3.RELEASE.jar:3.1.3.RELEASE]
	at org.thymeleaf.standard.processor.AbstractStandardExpressionAttributeTagProcessor.doProcess(AbstractStandardExpressionAttributeTagProcessor.java:144) ~[thymeleaf-3.1.3.RELEASE.jar:3.1.3.RELEASE]
	at org.thymeleaf.processor.element.AbstractAttributeTagProcessor.doProcess(AbstractAttributeTagProcessor.java:74) ~[thymeleaf-3.1.3.RELEASE.jar:3.1.3.RELEASE]
	at org.thymeleaf.processor.element.AbstractElementTagProcessor.process(AbstractElementTagProcessor.java:95) ~[thymeleaf-3.1.3.RELEASE.jar:3.1.3.RELEASE]
	at org.thymeleaf.util.ProcessorConfigurationUtils$ElementTagProcessorWrapper.process(ProcessorConfigurationUtils.java:633) ~[thymeleaf-3.1.3.RELEASE.jar:3.1.3.RELEASE]
	at org.thymeleaf.engine.ProcessorTemplateHandler.handleOpenElement(ProcessorTemplateHandler.java:1314) ~[thymeleaf-3.1.3.RELEASE.jar:3.1.3.RELEASE]
	at org.thymeleaf.engine.OpenElementTag.beHandled(OpenElementTag.java:205) ~[thymeleaf-3.1.3.RELEASE.jar:3.1.3.RELEASE]
	at org.thymeleaf.engine.Model.process(Model.java:282) ~[thymeleaf-3.1.3.RELEASE.jar:3.1.3.RELEASE]
	at org.thymeleaf.engine.Model.process(Model.java:290) ~[thymeleaf-3.1.3.RELEASE.jar:3.1.3.RELEASE]
	at org.thymeleaf.engine.IteratedGatheringModelProcessable.processIterationModel(IteratedGatheringModelProcessable.java:368) ~[thymeleaf-3.1.3.RELEASE.jar:3.1.3.RELEASE]
	at org.thymeleaf.engine.IteratedGatheringModelProcessable.process(IteratedGatheringModelProcessable.java:222) ~[thymeleaf-3.1.3.RELEASE.jar:3.1.3.RELEASE]
	at org.thymeleaf.engine.ProcessorTemplateHandler.handleCloseElement(ProcessorTemplateHandler.java:1640) ~[thymeleaf-3.1.3.RELEASE.jar:3.1.3.RELEASE]
	at org.thymeleaf.engine.TemplateHandlerAdapterMarkupHandler.handleCloseElementEnd(TemplateHandlerAdapterMarkupHandler.java:388) ~[thymeleaf-3.1.3.RELEASE.jar:3.1.3.RELEASE]
	at org.thymeleaf.templateparser.markup.InlinedOutputExpressionMarkupHandler$InlineMarkupAdapterPreProcessorHandler.handleCloseElementEnd(InlinedOutputExpressionMarkupHandler.java:322) ~[thymeleaf-3.1.3.RELEASE.jar:3.1.3.RELEASE]
	at org.thymeleaf.standard.inline.OutputExpressionInlinePreProcessorHandler.handleCloseElementEnd(OutputExpressionInlinePreProcessorHandler.java:220) ~[thymeleaf-3.1.3.RELEASE.jar:3.1.3.RELEASE]
	at org.thymeleaf.templateparser.markup.InlinedOutputExpressionMarkupHandler.handleCloseElementEnd(InlinedOutputExpressionMarkupHandler.java:164) ~[thymeleaf-3.1.3.RELEASE.jar:3.1.3.RELEASE]
	at org.attoparser.HtmlElement.handleCloseElementEnd(HtmlElement.java:169) ~[attoparser-2.0.7.RELEASE.jar:2.0.7.RELEASE]
	at org.attoparser.HtmlMarkupHandler.handleCloseElementEnd(HtmlMarkupHandler.java:412) ~[attoparser-2.0.7.RELEASE.jar:2.0.7.RELEASE]
	at org.attoparser.MarkupEventProcessorHandler.handleCloseElementEnd(MarkupEventProcessorHandler.java:473) ~[attoparser-2.0.7.RELEASE.jar:2.0.7.RELEASE]
	at org.attoparser.ParsingElementMarkupUtil.parseCloseElement(ParsingElementMarkupUtil.java:201) ~[attoparser-2.0.7.RELEASE.jar:2.0.7.RELEASE]
	at org.attoparser.MarkupParser.parseBuffer(MarkupParser.java:725) ~[attoparser-2.0.7.RELEASE.jar:2.0.7.RELEASE]
	at org.attoparser.MarkupParser.parseDocument(MarkupParser.java:301) ~[attoparser-2.0.7.RELEASE.jar:2.0.7.RELEASE]
	at org.attoparser.MarkupParser.parse(MarkupParser.java:257) ~[attoparser-2.0.7.RELEASE.jar:2.0.7.RELEASE]
	at org.thymeleaf.templateparser.markup.AbstractMarkupTemplateParser.parse(AbstractMarkupTemplateParser.java:230) ~[thymeleaf-3.1.3.RELEASE.jar:3.1.3.RELEASE]
	at org.thymeleaf.templateparser.markup.AbstractMarkupTemplateParser.parseStandalone(AbstractMarkupTemplateParser.java:100) ~[thymeleaf-3.1.3.RELEASE.jar:3.1.3.RELEASE]
	at org.thymeleaf.engine.TemplateManager.parseAndProcess(TemplateManager.java:666) ~[thymeleaf-3.1.3.RELEASE.jar:3.1.3.RELEASE]
	at org.thymeleaf.TemplateEngine.process(TemplateEngine.java:1103) ~[thymeleaf-3.1.3.RELEASE.jar:3.1.3.RELEASE]
	at org.thymeleaf.TemplateEngine.process(TemplateEngine.java:1077) ~[thymeleaf-3.1.3.RELEASE.jar:3.1.3.RELEASE]
	at org.thymeleaf.spring6.view.ThymeleafView.renderFragment(ThymeleafView.java:372) ~[thymeleaf-spring6-3.1.3.RELEASE.jar:3.1.3.RELEASE]
	at org.thymeleaf.spring6.view.ThymeleafView.render(ThymeleafView.java:192) ~[thymeleaf-spring6-3.1.3.RELEASE.jar:3.1.3.RELEASE]
	at org.springframework.web.servlet.DispatcherServlet.render(DispatcherServlet.java:1432) ~[spring-webmvc-6.1.19.jar:6.1.19]
	at org.springframework.web.servlet.DispatcherServlet.processDispatchResult(DispatcherServlet.java:1168) ~[spring-webmvc-6.1.19.jar:6.1.19]
	at org.springframework.web.servlet.DispatcherServlet.doDispatch(DispatcherServlet.java:1106) ~[spring-webmvc-6.1.19.jar:6.1.19]
	at org.springframework.web.servlet.DispatcherServlet.doService(DispatcherServlet.java:979) ~[spring-webmvc-6.1.19.jar:6.1.19]
	at org.springframework.web.servlet.FrameworkServlet.processRequest(FrameworkServlet.java:1014) ~[spring-webmvc-6.1.19.jar:6.1.19]
	at org.springframework.web.servlet.FrameworkServlet.doGet(FrameworkServlet.java:903) ~[spring-webmvc-6.1.19.jar:6.1.19]
	at jakarta.servlet.http.HttpServlet.service(HttpServlet.java:564) ~[tomcat-embed-core-10.1.40.jar:6.0]
	at org.springframework.web.servlet.FrameworkServlet.service(FrameworkServlet.java:885) ~[spring-webmvc-6.1.19.jar:6.1.19]
	at jakarta.servlet.http.HttpServlet.service(HttpServlet.java:658) ~[tomcat-embed-core-10.1.40.jar:6.0]
	at org.apache.catalina.core.ApplicationFilterChain.internalDoFilter(ApplicationFilterChain.java:195) ~[tomcat-embed-core-10.1.40.jar:10.1.40]
	at org.apache.catalina.core.ApplicationFilterChain.doFilter(ApplicationFilterChain.java:140) ~[tomcat-embed-core-10.1.40.jar:10.1.40]
	at org.apache.tomcat.websocket.server.WsFilter.doFilter(WsFilter.java:51) ~[tomcat-embed-websocket-10.1.40.jar:10.1.40]
	at org.apache.catalina.core.ApplicationFilterChain.internalDoFilter(ApplicationFilterChain.java:164) ~[tomcat-embed-core-10.1.40.jar:10.1.40]
	at org.apache.catalina.core.ApplicationFilterChain.doFilter(ApplicationFilterChain.java:140) ~[tomcat-embed-core-10.1.40.jar:10.1.40]
	at org.springframework.web.servlet.resource.ResourceUrlEncodingFilter.doFilter(ResourceUrlEncodingFilter.java:66) ~[spring-webmvc-6.1.19.jar:6.1.19]
	at org.apache.catalina.core.ApplicationFilterChain.internalDoFilter(ApplicationFilterChain.java:164) ~[tomcat-embed-core-10.1.40.jar:10.1.40]
	at org.apache.catalina.core.ApplicationFilterChain.doFilter(ApplicationFilterChain.java:140) ~[tomcat-embed-core-10.1.40.jar:10.1.40]
	at org.springframework.web.filter.RequestContextFilter.doFilterInternal(RequestContextFilter.java:100) ~[spring-web-6.1.19.jar:6.1.19]
	at org.springframework.web.filter.OncePerRequestFilter.doFilter(OncePerRequestFilter.java:116) ~[spring-web-6.1.19.jar:6.1.19]
	at org.apache.catalina.core.ApplicationFilterChain.internalDoFilter(ApplicationFilterChain.java:164) ~[tomcat-embed-core-10.1.40.jar:10.1.40]
	at org.apache.catalina.core.ApplicationFilterChain.doFilter(ApplicationFilterChain.java:140) ~[tomcat-embed-core-10.1.40.jar:10.1.40]
	at org.springframework.web.filter.FormContentFilter.doFilterInternal(FormContentFilter.java:93) ~[spring-web-6.1.19.jar:6.1.19]
	at org.springframework.web.filter.OncePerRequestFilter.doFilter(OncePerRequestFilter.java:116) ~[spring-web-6.1.19.jar:6.1.19]
	at org.apache.catalina.core.ApplicationFilterChain.internalDoFilter(ApplicationFilterChain.java:164) ~[tomcat-embed-core-10.1.40.jar:10.1.40]
	at org.apache.catalina.core.ApplicationFilterChain.doFilter(ApplicationFilterChain.java:140) ~[tomcat-embed-core-10.1.40.jar:10.1.40]
	at org.springframework.web.filter.CharacterEncodingFilter.doFilterInternal(CharacterEncodingFilter.java:201) ~[spring-web-6.1.19.jar:6.1.19]
	at org.springframework.web.filter.OncePerRequestFilter.doFilter(OncePerRequestFilter.java:116) ~[spring-web-6.1.19.jar:6.1.19]
	at org.apache.catalina.core.ApplicationFilterChain.internalDoFilter(ApplicationFilterChain.java:164) ~[tomcat-embed-core-10.1.40.jar:10.1.40]
	at org.apache.catalina.core.ApplicationFilterChain.doFilter(ApplicationFilterChain.java:140) ~[tomcat-embed-core-10.1.40.jar:10.1.40]
	at org.apache.catalina.core.StandardWrapperValve.invoke(StandardWrapperValve.java:167) ~[tomcat-embed-core-10.1.40.jar:10.1.40]
	at org.apache.catalina.core.StandardContextValve.invoke(StandardContextValve.java:90) ~[tomcat-embed-core-10.1.40.jar:10.1.40]
	at org.apache.catalina.authenticator.AuthenticatorBase.invoke(AuthenticatorBase.java:483) ~[tomcat-embed-core-10.1.40.jar:10.1.40]
	at org.apache.catalina.core.StandardHostValve.invoke(StandardHostValve.java:116) ~[tomcat-embed-core-10.1.40.jar:10.1.40]
	at org.apache.catalina.valves.ErrorReportValve.invoke(ErrorReportValve.java:93) ~[tomcat-embed-core-10.1.40.jar:10.1.40]
	at org.apache.catalina.core.StandardEngineValve.invoke(StandardEngineValve.java:74) ~[tomcat-embed-core-10.1.40.jar:10.1.40]
	at org.apache.catalina.connector.CoyoteAdapter.service(CoyoteAdapter.java:344) ~[tomcat-embed-core-10.1.40.jar:10.1.40]
	at org.apache.coyote.http11.Http11Processor.service(Http11Processor.java:398) ~[tomcat-embed-core-10.1.40.jar:10.1.40]
	at org.apache.coyote.AbstractProcessorLight.process(AbstractProcessorLight.java:63) ~[tomcat-embed-core-10.1.40.jar:10.1.40]
	at org.apache.coyote.AbstractProtocol$ConnectionHandler.process(AbstractProtocol.java:903) ~[tomcat-embed-core-10.1.40.jar:10.1.40]
	at org.apache.tomcat.util.net.NioEndpoint$SocketProcessor.doRun(NioEndpoint.java:1740) ~[tomcat-embed-core-10.1.40.jar:10.1.40]
	at org.apache.tomcat.util.net.SocketProcessorBase.run(SocketProcessorBase.java:52) ~[tomcat-embed-core-10.1.40.jar:10.1.40]
	at org.apache.tomcat.util.threads.ThreadPoolExecutor.runWorker(ThreadPoolExecutor.java:1189) ~[tomcat-embed-core-10.1.40.jar:10.1.40]
	at org.apache.tomcat.util.threads.ThreadPoolExecutor$Worker.run(ThreadPoolExecutor.java:658) ~[tomcat-embed-core-10.1.40.jar:10.1.40]
	at org.apache.tomcat.util.threads.TaskThread$WrappingRunnable.run(TaskThread.java:63) ~[tomcat-embed-core-10.1.40.jar:10.1.40]
	at java.base/java.lang.Thread.run(Thread.java:1583) ~[na:na]

2025-05-01T19:04:24.198+05:45 ERROR 805344 --- [EcommerceCommon] [http-nio-8080-exec-3] org.thymeleaf.TemplateEngine             : [THYMELEAF][http-nio-8080-exec-3] Exception processing template "users": An error happened during template parsing (template: "class path resource [templates/users.html]")

org.thymeleaf.exceptions.TemplateInputException: An error happened during template parsing (template: "class path resource [templates/users.html]")
	at org.thymeleaf.templateparser.markup.AbstractMarkupTemplateParser.parse(AbstractMarkupTemplateParser.java:241) ~[thymeleaf-3.1.3.RELEASE.jar:3.1.3.RELEASE]
	at org.thymeleaf.templateparser.markup.AbstractMarkupTemplateParser.parseStandalone(AbstractMarkupTemplateParser.java:100) ~[thymeleaf-3.1.3.RELEASE.jar:3.1.3.RELEASE]
	at org.thymeleaf.engine.TemplateManager.parseAndProcess(TemplateManager.java:666) ~[thymeleaf-3.1.3.RELEASE.jar:3.1.3.RELEASE]
	at org.thymeleaf.TemplateEngine.process(TemplateEngine.java:1103) ~[thymeleaf-3.1.3.RELEASE.jar:3.1.3.RELEASE]
	at org.thymeleaf.TemplateEngine.process(TemplateEngine.java:1077) ~[thymeleaf-3.1.3.RELEASE.jar:3.1.3.RELEASE]
	at org.thymeleaf.spring6.view.ThymeleafView.renderFragment(ThymeleafView.java:372) ~[thymeleaf-spring6-3.1.3.RELEASE.jar:3.1.3.RELEASE]
	at org.thymeleaf.spring6.view.ThymeleafView.render(ThymeleafView.java:192) ~[thymeleaf-spring6-3.1.3.RELEASE.jar:3.1.3.RELEASE]
	at org.springframework.web.servlet.DispatcherServlet.render(DispatcherServlet.java:1432) ~[spring-webmvc-6.1.19.jar:6.1.19]
	at org.springframework.web.servlet.DispatcherServlet.processDispatchResult(DispatcherServlet.java:1168) ~[spring-webmvc-6.1.19.jar:6.1.19]
	at org.springframework.web.servlet.DispatcherServlet.doDispatch(DispatcherServlet.java:1106) ~[spring-webmvc-6.1.19.jar:6.1.19]
	at org.springframework.web.servlet.DispatcherServlet.doService(DispatcherServlet.java:979) ~[spring-webmvc-6.1.19.jar:6.1.19]
	at org.springframework.web.servlet.FrameworkServlet.processRequest(FrameworkServlet.java:1014) ~[spring-webmvc-6.1.19.jar:6.1.19]
	at org.springframework.web.servlet.FrameworkServlet.doGet(FrameworkServlet.java:903) ~[spring-webmvc-6.1.19.jar:6.1.19]
	at jakarta.servlet.http.HttpServlet.service(HttpServlet.java:564) ~[tomcat-embed-core-10.1.40.jar:6.0]
	at org.springframework.web.servlet.FrameworkServlet.service(FrameworkServlet.java:885) ~[spring-webmvc-6.1.19.jar:6.1.19]
	at jakarta.servlet.http.HttpServlet.service(HttpServlet.java:658) ~[tomcat-embed-core-10.1.40.jar:6.0]
	at org.apache.catalina.core.ApplicationFilterChain.internalDoFilter(ApplicationFilterChain.java:195) ~[tomcat-embed-core-10.1.40.jar:10.1.40]
	at org.apache.catalina.core.ApplicationFilterChain.doFilter(ApplicationFilterChain.java:140) ~[tomcat-embed-core-10.1.40.jar:10.1.40]
	at org.apache.tomcat.websocket.server.WsFilter.doFilter(WsFilter.java:51) ~[tomcat-embed-websocket-10.1.40.jar:10.1.40]
	at org.apache.catalina.core.ApplicationFilterChain.internalDoFilter(ApplicationFilterChain.java:164) ~[tomcat-embed-core-10.1.40.jar:10.1.40]
	at org.apache.catalina.core.ApplicationFilterChain.doFilter(ApplicationFilterChain.java:140) ~[tomcat-embed-core-10.1.40.jar:10.1.40]
	at org.springframework.web.servlet.resource.ResourceUrlEncodingFilter.doFilter(ResourceUrlEncodingFilter.java:66) ~[spring-webmvc-6.1.19.jar:6.1.19]
	at org.apache.catalina.core.ApplicationFilterChain.internalDoFilter(ApplicationFilterChain.java:164) ~[tomcat-embed-core-10.1.40.jar:10.1.40]
	at org.apache.catalina.core.ApplicationFilterChain.doFilter(ApplicationFilterChain.java:140) ~[tomcat-embed-core-10.1.40.jar:10.1.40]
	at org.springframework.web.filter.RequestContextFilter.doFilterInternal(RequestContextFilter.java:100) ~[spring-web-6.1.19.jar:6.1.19]
	at org.springframework.web.filter.OncePerRequestFilter.doFilter(OncePerRequestFilter.java:116) ~[spring-web-6.1.19.jar:6.1.19]
	at org.apache.catalina.core.ApplicationFilterChain.internalDoFilter(ApplicationFilterChain.java:164) ~[tomcat-embed-core-10.1.40.jar:10.1.40]
	at org.apache.catalina.core.ApplicationFilterChain.doFilter(ApplicationFilterChain.java:140) ~[tomcat-embed-core-10.1.40.jar:10.1.40]
	at org.springframework.web.filter.FormContentFilter.doFilterInternal(FormContentFilter.java:93) ~[spring-web-6.1.19.jar:6.1.19]
	at org.springframework.web.filter.OncePerRequestFilter.doFilter(OncePerRequestFilter.java:116) ~[spring-web-6.1.19.jar:6.1.19]
	at org.apache.catalina.core.ApplicationFilterChain.internalDoFilter(ApplicationFilterChain.java:164) ~[tomcat-embed-core-10.1.40.jar:10.1.40]
	at org.apache.catalina.core.ApplicationFilterChain.doFilter(ApplicationFilterChain.java:140) ~[tomcat-embed-core-10.1.40.jar:10.1.40]
	at org.springframework.web.filter.CharacterEncodingFilter.doFilterInternal(CharacterEncodingFilter.java:201) ~[spring-web-6.1.19.jar:6.1.19]
	at org.springframework.web.filter.OncePerRequestFilter.doFilter(OncePerRequestFilter.java:116) ~[spring-web-6.1.19.jar:6.1.19]
	at org.apache.catalina.core.ApplicationFilterChain.internalDoFilter(ApplicationFilterChain.java:164) ~[tomcat-embed-core-10.1.40.jar:10.1.40]
	at org.apache.catalina.core.ApplicationFilterChain.doFilter(ApplicationFilterChain.java:140) ~[tomcat-embed-core-10.1.40.jar:10.1.40]
	at org.apache.catalina.core.StandardWrapperValve.invoke(StandardWrapperValve.java:167) ~[tomcat-embed-core-10.1.40.jar:10.1.40]
	at org.apache.catalina.core.StandardContextValve.invoke(StandardContextValve.java:90) ~[tomcat-embed-core-10.1.40.jar:10.1.40]
	at org.apache.catalina.authenticator.AuthenticatorBase.invoke(AuthenticatorBase.java:483) ~[tomcat-embed-core-10.1.40.jar:10.1.40]
	at org.apache.catalina.core.StandardHostValve.invoke(StandardHostValve.java:116) ~[tomcat-embed-core-10.1.40.jar:10.1.40]
	at org.apache.catalina.valves.ErrorReportValve.invoke(ErrorReportValve.java:93) ~[tomcat-embed-core-10.1.40.jar:10.1.40]
	at org.apache.catalina.core.StandardEngineValve.invoke(StandardEngineValve.java:74) ~[tomcat-embed-core-10.1.40.jar:10.1.40]
	at org.apache.catalina.connector.CoyoteAdapter.service(CoyoteAdapter.java:344) ~[tomcat-embed-core-10.1.40.jar:10.1.40]
	at org.apache.coyote.http11.Http11Processor.service(Http11Processor.java:398) ~[tomcat-embed-core-10.1.40.jar:10.1.40]
	at org.apache.coyote.AbstractProcessorLight.process(AbstractProcessorLight.java:63) ~[tomcat-embed-core-10.1.40.jar:10.1.40]
	at org.apache.coyote.AbstractProtocol$ConnectionHandler.process(AbstractProtocol.java:903) ~[tomcat-embed-core-10.1.40.jar:10.1.40]
	at org.apache.tomcat.util.net.NioEndpoint$SocketProcessor.doRun(NioEndpoint.java:1740) ~[tomcat-embed-core-10.1.40.jar:10.1.40]
	at org.apache.tomcat.util.net.SocketProcessorBase.run(SocketProcessorBase.java:52) ~[tomcat-embed-core-10.1.40.jar:10.1.40]
	at org.apache.tomcat.util.threads.ThreadPoolExecutor.runWorker(ThreadPoolExecutor.java:1189) ~[tomcat-embed-core-10.1.40.jar:10.1.40]
	at org.apache.tomcat.util.threads.ThreadPoolExecutor$Worker.run(ThreadPoolExecutor.java:658) ~[tomcat-embed-core-10.1.40.jar:10.1.40]
	at org.apache.tomcat.util.threads.TaskThread$WrappingRunnable.run(TaskThread.java:63) ~[tomcat-embed-core-10.1.40.jar:10.1.40]
	at java.base/java.lang.Thread.run(Thread.java:1583) ~[na:na]
Caused by: org.attoparser.ParseException: Exception evaluating SpringEL expression: "user.roles[1]" (template: "users" - line 62, col 23)
	at org.attoparser.MarkupParser.parseDocument(MarkupParser.java:393) ~[attoparser-2.0.7.RELEASE.jar:2.0.7.RELEASE]
	at org.attoparser.MarkupParser.parse(MarkupParser.java:257) ~[attoparser-2.0.7.RELEASE.jar:2.0.7.RELEASE]
	at org.thymeleaf.templateparser.markup.AbstractMarkupTemplateParser.parse(AbstractMarkupTemplateParser.java:230) ~[thymeleaf-3.1.3.RELEASE.jar:3.1.3.RELEASE]
	... 51 common frames omitted
Caused by: org.thymeleaf.exceptions.TemplateProcessingException: Exception evaluating SpringEL expression: "user.roles[1]" (template: "users" - line 62, col 23)
	at org.thymeleaf.spring6.expression.SPELVariableExpressionEvaluator.evaluate(SPELVariableExpressionEvaluator.java:292) ~[thymeleaf-spring6-3.1.3.RELEASE.jar:3.1.3.RELEASE]
	at org.thymeleaf.standard.expression.VariableExpression.executeVariableExpression(VariableExpression.java:166) ~[thymeleaf-3.1.3.RELEASE.jar:3.1.3.RELEASE]
	at org.thymeleaf.standard.expression.SimpleExpression.executeSimple(SimpleExpression.java:66) ~[thymeleaf-3.1.3.RELEASE.jar:3.1.3.RELEASE]
	at org.thymeleaf.standard.expression.Expression.execute(Expression.java:109) ~[thymeleaf-3.1.3.RELEASE.jar:3.1.3.RELEASE]
	at org.thymeleaf.standard.expression.Expression.execute(Expression.java:138) ~[thymeleaf-3.1.3.RELEASE.jar:3.1.3.RELEASE]
	at org.thymeleaf.standard.processor.AbstractStandardExpressionAttributeTagProcessor.doProcess(AbstractStandardExpressionAttributeTagProcessor.java:144) ~[thymeleaf-3.1.3.RELEASE.jar:3.1.3.RELEASE]
	at org.thymeleaf.processor.element.AbstractAttributeTagProcessor.doProcess(AbstractAttributeTagProcessor.java:74) ~[thymeleaf-3.1.3.RELEASE.jar:3.1.3.RELEASE]
	at org.thymeleaf.processor.element.AbstractElementTagProcessor.process(AbstractElementTagProcessor.java:95) ~[thymeleaf-3.1.3.RELEASE.jar:3.1.3.RELEASE]
	at org.thymeleaf.util.ProcessorConfigurationUtils$ElementTagProcessorWrapper.process(ProcessorConfigurationUtils.java:633) ~[thymeleaf-3.1.3.RELEASE.jar:3.1.3.RELEASE]
	at org.thymeleaf.engine.ProcessorTemplateHandler.handleOpenElement(ProcessorTemplateHandler.java:1314) ~[thymeleaf-3.1.3.RELEASE.jar:3.1.3.RELEASE]
	at org.thymeleaf.engine.OpenElementTag.beHandled(OpenElementTag.java:205) ~[thymeleaf-3.1.3.RELEASE.jar:3.1.3.RELEASE]
	at org.thymeleaf.engine.Model.process(Model.java:282) ~[thymeleaf-3.1.3.RELEASE.jar:3.1.3.RELEASE]
	at org.thymeleaf.engine.Model.process(Model.java:290) ~[thymeleaf-3.1.3.RELEASE.jar:3.1.3.RELEASE]
	at org.thymeleaf.engine.IteratedGatheringModelProcessable.processIterationModel(IteratedGatheringModelProcessable.java:368) ~[thymeleaf-3.1.3.RELEASE.jar:3.1.3.RELEASE]
	at org.thymeleaf.engine.IteratedGatheringModelProcessable.process(IteratedGatheringModelProcessable.java:222) ~[thymeleaf-3.1.3.RELEASE.jar:3.1.3.RELEASE]
	at org.thymeleaf.engine.ProcessorTemplateHandler.handleCloseElement(ProcessorTemplateHandler.java:1640) ~[thymeleaf-3.1.3.RELEASE.jar:3.1.3.RELEASE]
	at org.thymeleaf.engine.TemplateHandlerAdapterMarkupHandler.handleCloseElementEnd(TemplateHandlerAdapterMarkupHandler.java:388) ~[thymeleaf-3.1.3.RELEASE.jar:3.1.3.RELEASE]
	at org.thymeleaf.templateparser.markup.InlinedOutputExpressionMarkupHandler$InlineMarkupAdapterPreProcessorHandler.handleCloseElementEnd(InlinedOutputExpressionMarkupHandler.java:322) ~[thymeleaf-3.1.3.RELEASE.jar:3.1.3.RELEASE]
	at org.thymeleaf.standard.inline.OutputExpressionInlinePreProcessorHandler.handleCloseElementEnd(OutputExpressionInlinePreProcessorHandler.java:220) ~[thymeleaf-3.1.3.RELEASE.jar:3.1.3.RELEASE]
	at org.thymeleaf.templateparser.markup.InlinedOutputExpressionMarkupHandler.handleCloseElementEnd(InlinedOutputExpressionMarkupHandler.java:164) ~[thymeleaf-3.1.3.RELEASE.jar:3.1.3.RELEASE]
	at org.attoparser.HtmlElement.handleCloseElementEnd(HtmlElement.java:169) ~[attoparser-2.0.7.RELEASE.jar:2.0.7.RELEASE]
	at org.attoparser.HtmlMarkupHandler.handleCloseElementEnd(HtmlMarkupHandler.java:412) ~[attoparser-2.0.7.RELEASE.jar:2.0.7.RELEASE]
	at org.attoparser.MarkupEventProcessorHandler.handleCloseElementEnd(MarkupEventProcessorHandler.java:473) ~[attoparser-2.0.7.RELEASE.jar:2.0.7.RELEASE]
	at org.attoparser.ParsingElementMarkupUtil.parseCloseElement(ParsingElementMarkupUtil.java:201) ~[attoparser-2.0.7.RELEASE.jar:2.0.7.RELEASE]
	at org.attoparser.MarkupParser.parseBuffer(MarkupParser.java:725) ~[attoparser-2.0.7.RELEASE.jar:2.0.7.RELEASE]
	at org.attoparser.MarkupParser.parseDocument(MarkupParser.java:301) ~[attoparser-2.0.7.RELEASE.jar:2.0.7.RELEASE]
	... 53 common frames omitted
Caused by: org.springframework.expression.spel.SpelEvaluationException: EL1025E: The collection has '1' elements, index '1' is invalid
	at org.springframework.expression.spel.ast.Indexer$CollectionIndexingValueRef.growCollectionIfNecessary(Indexer.java:708) ~[spring-expression-6.1.19.jar:6.1.19]
	at org.springframework.expression.spel.ast.Indexer$CollectionIndexingValueRef.getValue(Indexer.java:672) ~[spring-expression-6.1.19.jar:6.1.19]
	at org.springframework.expression.spel.ast.CompoundExpression.getValueInternal(CompoundExpression.java:97) ~[spring-expression-6.1.19.jar:6.1.19]
	at org.springframework.expression.spel.ast.SpelNodeImpl.getValue(SpelNodeImpl.java:114) ~[spring-expression-6.1.19.jar:6.1.19]
	at org.springframework.expression.spel.standard.SpelExpression.getValue(SpelExpression.java:338) ~[spring-expression-6.1.19.jar:6.1.19]
	at org.thymeleaf.spring6.expression.SPELVariableExpressionEvaluator.evaluate(SPELVariableExpressionEvaluator.java:265) ~[thymeleaf-spring6-3.1.3.RELEASE.jar:3.1.3.RELEASE]
	... 78 common frames omitted

2025-05-01T19:04:24.200+05:45 ERROR 805344 --- [EcommerceCommon] [http-nio-8080-exec-3] o.a.c.c.C.[.[.[.[dispatcherServlet]      : Servlet.service() for servlet [dispatcherServlet] in context with path [/admin] threw exception [Request processing failed: org.thymeleaf.exceptions.TemplateInputException: An error happened during template parsing (template: "class path resource [templates/users.html]")] with root cause

org.springframework.expression.spel.SpelEvaluationException: EL1025E: The collection has '1' elements, index '1' is invalid
	at org.springframework.expression.spel.ast.Indexer$CollectionIndexingValueRef.growCollectionIfNecessary(Indexer.java:708) ~[spring-expression-6.1.19.jar:6.1.19]
	at org.springframework.expression.spel.ast.Indexer$CollectionIndexingValueRef.getValue(Indexer.java:672) ~[spring-expression-6.1.19.jar:6.1.19]
	at org.springframework.expression.spel.ast.CompoundExpression.getValueInternal(CompoundExpression.java:97) ~[spring-expression-6.1.19.jar:6.1.19]
	at org.springframework.expression.spel.ast.SpelNodeImpl.getValue(SpelNodeImpl.java:114) ~[spring-expression-6.1.19.jar:6.1.19]
	at org.springframework.expression.spel.standard.SpelExpression.getValue(SpelExpression.java:338) ~[spring-expression-6.1.19.jar:6.1.19]
	at org.thymeleaf.spring6.expression.SPELVariableExpressionEvaluator.evaluate(SPELVariableExpressionEvaluator.java:265) ~[thymeleaf-spring6-3.1.3.RELEASE.jar:3.1.3.RELEASE]
	at org.thymeleaf.standard.expression.VariableExpression.executeVariableExpression(VariableExpression.java:166) ~[thymeleaf-3.1.3.RELEASE.jar:3.1.3.RELEASE]
	at org.thymeleaf.standard.expression.SimpleExpression.executeSimple(SimpleExpression.java:66) ~[thymeleaf-3.1.3.RELEASE.jar:3.1.3.RELEASE]
	at org.thymeleaf.standard.expression.Expression.execute(Expression.java:109) ~[thymeleaf-3.1.3.RELEASE.jar:3.1.3.RELEASE]
	at org.thymeleaf.standard.expression.Expression.execute(Expression.java:138) ~[thymeleaf-3.1.3.RELEASE.jar:3.1.3.RELEASE]
	at org.thymeleaf.standard.processor.AbstractStandardExpressionAttributeTagProcessor.doProcess(AbstractStandardExpressionAttributeTagProcessor.java:144) ~[thymeleaf-3.1.3.RELEASE.jar:3.1.3.RELEASE]
	at org.thymeleaf.processor.element.AbstractAttributeTagProcessor.doProcess(AbstractAttributeTagProcessor.java:74) ~[thymeleaf-3.1.3.RELEASE.jar:3.1.3.RELEASE]
	at org.thymeleaf.processor.element.AbstractElementTagProcessor.process(AbstractElementTagProcessor.java:95) ~[thymeleaf-3.1.3.RELEASE.jar:3.1.3.RELEASE]
	at org.thymeleaf.util.ProcessorConfigurationUtils$ElementTagProcessorWrapper.process(ProcessorConfigurationUtils.java:633) ~[thymeleaf-3.1.3.RELEASE.jar:3.1.3.RELEASE]
	at org.thymeleaf.engine.ProcessorTemplateHandler.handleOpenElement(ProcessorTemplateHandler.java:1314) ~[thymeleaf-3.1.3.RELEASE.jar:3.1.3.RELEASE]
	at org.thymeleaf.engine.OpenElementTag.beHandled(OpenElementTag.java:205) ~[thymeleaf-3.1.3.RELEASE.jar:3.1.3.RELEASE]
	at org.thymeleaf.engine.Model.process(Model.java:282) ~[thymeleaf-3.1.3.RELEASE.jar:3.1.3.RELEASE]
	at org.thymeleaf.engine.Model.process(Model.java:290) ~[thymeleaf-3.1.3.RELEASE.jar:3.1.3.RELEASE]
	at org.thymeleaf.engine.IteratedGatheringModelProcessable.processIterationModel(IteratedGatheringModelProcessable.java:368) ~[thymeleaf-3.1.3.RELEASE.jar:3.1.3.RELEASE]
	at org.thymeleaf.engine.IteratedGatheringModelProcessable.process(IteratedGatheringModelProcessable.java:222) ~[thymeleaf-3.1.3.RELEASE.jar:3.1.3.RELEASE]
	at org.thymeleaf.engine.ProcessorTemplateHandler.handleCloseElement(ProcessorTemplateHandler.java:1640) ~[thymeleaf-3.1.3.RELEASE.jar:3.1.3.RELEASE]
	at org.thymeleaf.engine.TemplateHandlerAdapterMarkupHandler.handleCloseElementEnd(TemplateHandlerAdapterMarkupHandler.java:388) ~[thymeleaf-3.1.3.RELEASE.jar:3.1.3.RELEASE]
	at org.thymeleaf.templateparser.markup.InlinedOutputExpressionMarkupHandler$InlineMarkupAdapterPreProcessorHandler.handleCloseElementEnd(InlinedOutputExpressionMarkupHandler.java:322) ~[thymeleaf-3.1.3.RELEASE.jar:3.1.3.RELEASE]
	at org.thymeleaf.standard.inline.OutputExpressionInlinePreProcessorHandler.handleCloseElementEnd(OutputExpressionInlinePreProcessorHandler.java:220) ~[thymeleaf-3.1.3.RELEASE.jar:3.1.3.RELEASE]
	at org.thymeleaf.templateparser.markup.InlinedOutputExpressionMarkupHandler.handleCloseElementEnd(InlinedOutputExpressionMarkupHandler.java:164) ~[thymeleaf-3.1.3.RELEASE.jar:3.1.3.RELEASE]
	at org.attoparser.HtmlElement.handleCloseElementEnd(HtmlElement.java:169) ~[attoparser-2.0.7.RELEASE.jar:2.0.7.RELEASE]
	at org.attoparser.HtmlMarkupHandler.handleCloseElementEnd(HtmlMarkupHandler.java:412) ~[attoparser-2.0.7.RELEASE.jar:2.0.7.RELEASE]
	at org.attoparser.MarkupEventProcessorHandler.handleCloseElementEnd(MarkupEventProcessorHandler.java:473) ~[attoparser-2.0.7.RELEASE.jar:2.0.7.RELEASE]
	at org.attoparser.ParsingElementMarkupUtil.parseCloseElement(ParsingElementMarkupUtil.java:201) ~[attoparser-2.0.7.RELEASE.jar:2.0.7.RELEASE]
	at org.attoparser.MarkupParser.parseBuffer(MarkupParser.java:725) ~[attoparser-2.0.7.RELEASE.jar:2.0.7.RELEASE]
	at org.attoparser.MarkupParser.parseDocument(MarkupParser.java:301) ~[attoparser-2.0.7.RELEASE.jar:2.0.7.RELEASE]
	at org.attoparser.MarkupParser.parse(MarkupParser.java:257) ~[attoparser-2.0.7.RELEASE.jar:2.0.7.RELEASE]
	at org.thymeleaf.templateparser.markup.AbstractMarkupTemplateParser.parse(AbstractMarkupTemplateParser.java:230) ~[thymeleaf-3.1.3.RELEASE.jar:3.1.3.RELEASE]
	at org.thymeleaf.templateparser.markup.AbstractMarkupTemplateParser.parseStandalone(AbstractMarkupTemplateParser.java:100) ~[thymeleaf-3.1.3.RELEASE.jar:3.1.3.RELEASE]
	at org.thymeleaf.engine.TemplateManager.parseAndProcess(TemplateManager.java:666) ~[thymeleaf-3.1.3.RELEASE.jar:3.1.3.RELEASE]
	at org.thymeleaf.TemplateEngine.process(TemplateEngine.java:1103) ~[thymeleaf-3.1.3.RELEASE.jar:3.1.3.RELEASE]
	at org.thymeleaf.TemplateEngine.process(TemplateEngine.java:1077) ~[thymeleaf-3.1.3.RELEASE.jar:3.1.3.RELEASE]
	at org.thymeleaf.spring6.view.ThymeleafView.renderFragment(ThymeleafView.java:372) ~[thymeleaf-spring6-3.1.3.RELEASE.jar:3.1.3.RELEASE]
	at org.thymeleaf.spring6.view.ThymeleafView.render(ThymeleafView.java:192) ~[thymeleaf-spring6-3.1.3.RELEASE.jar:3.1.3.RELEASE]
	at org.springframework.web.servlet.DispatcherServlet.render(DispatcherServlet.java:1432) ~[spring-webmvc-6.1.19.jar:6.1.19]
	at org.springframework.web.servlet.DispatcherServlet.processDispatchResult(DispatcherServlet.java:1168) ~[spring-webmvc-6.1.19.jar:6.1.19]
	at org.springframework.web.servlet.DispatcherServlet.doDispatch(DispatcherServlet.java:1106) ~[spring-webmvc-6.1.19.jar:6.1.19]
	at org.springframework.web.servlet.DispatcherServlet.doService(DispatcherServlet.java:979) ~[spring-webmvc-6.1.19.jar:6.1.19]
	at org.springframework.web.servlet.FrameworkServlet.processRequest(FrameworkServlet.java:1014) ~[spring-webmvc-6.1.19.jar:6.1.19]
	at org.springframework.web.servlet.FrameworkServlet.doGet(FrameworkServlet.java:903) ~[spring-webmvc-6.1.19.jar:6.1.19]
	at jakarta.servlet.http.HttpServlet.service(HttpServlet.java:564) ~[tomcat-embed-core-10.1.40.jar:6.0]
	at org.springframework.web.servlet.FrameworkServlet.service(FrameworkServlet.java:885) ~[spring-webmvc-6.1.19.jar:6.1.19]
	at jakarta.servlet.http.HttpServlet.service(HttpServlet.java:658) ~[tomcat-embed-core-10.1.40.jar:6.0]
	at org.apache.catalina.core.ApplicationFilterChain.internalDoFilter(ApplicationFilterChain.java:195) ~[tomcat-embed-core-10.1.40.jar:10.1.40]
	at org.apache.catalina.core.ApplicationFilterChain.doFilter(ApplicationFilterChain.java:140) ~[tomcat-embed-core-10.1.40.jar:10.1.40]
	at org.apache.tomcat.websocket.server.WsFilter.doFilter(WsFilter.java:51) ~[tomcat-embed-websocket-10.1.40.jar:10.1.40]
	at org.apache.catalina.core.ApplicationFilterChain.internalDoFilter(ApplicationFilterChain.java:164) ~[tomcat-embed-core-10.1.40.jar:10.1.40]
	at org.apache.catalina.core.ApplicationFilterChain.doFilter(ApplicationFilterChain.java:140) ~[tomcat-embed-core-10.1.40.jar:10.1.40]
	at org.springframework.web.servlet.resource.ResourceUrlEncodingFilter.doFilter(ResourceUrlEncodingFilter.java:66) ~[spring-webmvc-6.1.19.jar:6.1.19]
	at org.apache.catalina.core.ApplicationFilterChain.internalDoFilter(ApplicationFilterChain.java:164) ~[tomcat-embed-core-10.1.40.jar:10.1.40]
	at org.apache.catalina.core.ApplicationFilterChain.doFilter(ApplicationFilterChain.java:140) ~[tomcat-embed-core-10.1.40.jar:10.1.40]
	at org.springframework.web.filter.RequestContextFilter.doFilterInternal(RequestContextFilter.java:100) ~[spring-web-6.1.19.jar:6.1.19]
	at org.springframework.web.filter.OncePerRequestFilter.doFilter(OncePerRequestFilter.java:116) ~[spring-web-6.1.19.jar:6.1.19]
	at org.apache.catalina.core.ApplicationFilterChain.internalDoFilter(ApplicationFilterChain.java:164) ~[tomcat-embed-core-10.1.40.jar:10.1.40]
	at org.apache.catalina.core.ApplicationFilterChain.doFilter(ApplicationFilterChain.java:140) ~[tomcat-embed-core-10.1.40.jar:10.1.40]
	at org.springframework.web.filter.FormContentFilter.doFilterInternal(FormContentFilter.java:93) ~[spring-web-6.1.19.jar:6.1.19]
	at org.springframework.web.filter.OncePerRequestFilter.doFilter(OncePerRequestFilter.java:116) ~[spring-web-6.1.19.jar:6.1.19]
	at org.apache.catalina.core.ApplicationFilterChain.internalDoFilter(ApplicationFilterChain.java:164) ~[tomcat-embed-core-10.1.40.jar:10.1.40]
	at org.apache.catalina.core.ApplicationFilterChain.doFilter(ApplicationFilterChain.java:140) ~[tomcat-embed-core-10.1.40.jar:10.1.40]
	at org.springframework.web.filter.CharacterEncodingFilter.doFilterInternal(CharacterEncodingFilter.java:201) ~[spring-web-6.1.19.jar:6.1.19]
	at org.springframework.web.filter.OncePerRequestFilter.doFilter(OncePerRequestFilter.java:116) ~[spring-web-6.1.19.jar:6.1.19]
	at org.apache.catalina.core.ApplicationFilterChain.internalDoFilter(ApplicationFilterChain.java:164) ~[tomcat-embed-core-10.1.40.jar:10.1.40]
	at org.apache.catalina.core.ApplicationFilterChain.doFilter(ApplicationFilterChain.java:140) ~[tomcat-embed-core-10.1.40.jar:10.1.40]
	at org.apache.catalina.core.StandardWrapperValve.invoke(StandardWrapperValve.java:167) ~[tomcat-embed-core-10.1.40.jar:10.1.40]
	at org.apache.catalina.core.StandardContextValve.invoke(StandardContextValve.java:90) ~[tomcat-embed-core-10.1.40.jar:10.1.40]
	at org.apache.catalina.authenticator.AuthenticatorBase.invoke(AuthenticatorBase.java:483) ~[tomcat-embed-core-10.1.40.jar:10.1.40]
	at org.apache.catalina.core.StandardHostValve.invoke(StandardHostValve.java:116) ~[tomcat-embed-core-10.1.40.jar:10.1.40]
	at org.apache.catalina.valves.ErrorReportValve.invoke(ErrorReportValve.java:93) ~[tomcat-embed-core-10.1.40.jar:10.1.40]
	at org.apache.catalina.core.StandardEngineValve.invoke(StandardEngineValve.java:74) ~[tomcat-embed-core-10.1.40.jar:10.1.40]
	at org.apache.catalina.connector.CoyoteAdapter.service(CoyoteAdapter.java:344) ~[tomcat-embed-core-10.1.40.jar:10.1.40]
	at org.apache.coyote.http11.Http11Processor.service(Http11Processor.java:398) ~[tomcat-embed-core-10.1.40.jar:10.1.40]
	at org.apache.coyote.AbstractProcessorLight.process(AbstractProcessorLight.java:63) ~[tomcat-embed-core-10.1.40.jar:10.1.40]
	at org.apache.coyote.AbstractProtocol$ConnectionHandler.process(AbstractProtocol.java:903) ~[tomcat-embed-core-10.1.40.jar:10.1.40]
	at org.apache.tomcat.util.net.NioEndpoint$SocketProcessor.doRun(NioEndpoint.java:1740) ~[tomcat-embed-core-10.1.40.jar:10.1.40]
	at org.apache.tomcat.util.net.SocketProcessorBase.run(SocketProcessorBase.java:52) ~[tomcat-embed-core-10.1.40.jar:10.1.40]
	at org.apache.tomcat.util.threads.ThreadPoolExecutor.runWorker(ThreadPoolExecutor.java:1189) ~[tomcat-embed-core-10.1.40.jar:10.1.40]
	at org.apache.tomcat.util.threads.ThreadPoolExecutor$Worker.run(ThreadPoolExecutor.java:658) ~[tomcat-embed-core-10.1.40.jar:10.1.40]
	at org.apache.tomcat.util.threads.TaskThread$WrappingRunnable.run(TaskThread.java:63) ~[tomcat-embed-core-10.1.40.jar:10.1.40]
	at java.base/java.lang.Thread.run(Thread.java:1583) ~[na:na]

2025-05-01T19:05:11.831+05:45 ERROR 805344 --- [EcommerceCommon] [http-nio-8080-exec-6] org.thymeleaf.TemplateEngine             : [THYMELEAF][http-nio-8080-exec-6] Exception processing template "users": An error happened during template parsing (template: "class path resource [templates/users.html]")

org.thymeleaf.exceptions.TemplateInputException: An error happened during template parsing (template: "class path resource [templates/users.html]")
	at org.thymeleaf.templateparser.markup.AbstractMarkupTemplateParser.parse(AbstractMarkupTemplateParser.java:241) ~[thymeleaf-3.1.3.RELEASE.jar:3.1.3.RELEASE]
	at org.thymeleaf.templateparser.markup.AbstractMarkupTemplateParser.parseStandalone(AbstractMarkupTemplateParser.java:100) ~[thymeleaf-3.1.3.RELEASE.jar:3.1.3.RELEASE]
	at org.thymeleaf.engine.TemplateManager.parseAndProcess(TemplateManager.java:666) ~[thymeleaf-3.1.3.RELEASE.jar:3.1.3.RELEASE]
	at org.thymeleaf.TemplateEngine.process(TemplateEngine.java:1103) ~[thymeleaf-3.1.3.RELEASE.jar:3.1.3.RELEASE]
	at org.thymeleaf.TemplateEngine.process(TemplateEngine.java:1077) ~[thymeleaf-3.1.3.RELEASE.jar:3.1.3.RELEASE]
	at org.thymeleaf.spring6.view.ThymeleafView.renderFragment(ThymeleafView.java:372) ~[thymeleaf-spring6-3.1.3.RELEASE.jar:3.1.3.RELEASE]
	at org.thymeleaf.spring6.view.ThymeleafView.render(ThymeleafView.java:192) ~[thymeleaf-spring6-3.1.3.RELEASE.jar:3.1.3.RELEASE]
	at org.springframework.web.servlet.DispatcherServlet.render(DispatcherServlet.java:1432) ~[spring-webmvc-6.1.19.jar:6.1.19]
	at org.springframework.web.servlet.DispatcherServlet.processDispatchResult(DispatcherServlet.java:1168) ~[spring-webmvc-6.1.19.jar:6.1.19]
	at org.springframework.web.servlet.DispatcherServlet.doDispatch(DispatcherServlet.java:1106) ~[spring-webmvc-6.1.19.jar:6.1.19]
	at org.springframework.web.servlet.DispatcherServlet.doService(DispatcherServlet.java:979) ~[spring-webmvc-6.1.19.jar:6.1.19]
	at org.springframework.web.servlet.FrameworkServlet.processRequest(FrameworkServlet.java:1014) ~[spring-webmvc-6.1.19.jar:6.1.19]
	at org.springframework.web.servlet.FrameworkServlet.doGet(FrameworkServlet.java:903) ~[spring-webmvc-6.1.19.jar:6.1.19]
	at jakarta.servlet.http.HttpServlet.service(HttpServlet.java:564) ~[tomcat-embed-core-10.1.40.jar:6.0]
	at org.springframework.web.servlet.FrameworkServlet.service(FrameworkServlet.java:885) ~[spring-webmvc-6.1.19.jar:6.1.19]
	at jakarta.servlet.http.HttpServlet.service(HttpServlet.java:658) ~[tomcat-embed-core-10.1.40.jar:6.0]
	at org.apache.catalina.core.ApplicationFilterChain.internalDoFilter(ApplicationFilterChain.java:195) ~[tomcat-embed-core-10.1.40.jar:10.1.40]
	at org.apache.catalina.core.ApplicationFilterChain.doFilter(ApplicationFilterChain.java:140) ~[tomcat-embed-core-10.1.40.jar:10.1.40]
	at org.apache.tomcat.websocket.server.WsFilter.doFilter(WsFilter.java:51) ~[tomcat-embed-websocket-10.1.40.jar:10.1.40]
	at org.apache.catalina.core.ApplicationFilterChain.internalDoFilter(ApplicationFilterChain.java:164) ~[tomcat-embed-core-10.1.40.jar:10.1.40]
	at org.apache.catalina.core.ApplicationFilterChain.doFilter(ApplicationFilterChain.java:140) ~[tomcat-embed-core-10.1.40.jar:10.1.40]
	at org.springframework.web.servlet.resource.ResourceUrlEncodingFilter.doFilter(ResourceUrlEncodingFilter.java:66) ~[spring-webmvc-6.1.19.jar:6.1.19]
	at org.apache.catalina.core.ApplicationFilterChain.internalDoFilter(ApplicationFilterChain.java:164) ~[tomcat-embed-core-10.1.40.jar:10.1.40]
	at org.apache.catalina.core.ApplicationFilterChain.doFilter(ApplicationFilterChain.java:140) ~[tomcat-embed-core-10.1.40.jar:10.1.40]
	at org.springframework.web.filter.RequestContextFilter.doFilterInternal(RequestContextFilter.java:100) ~[spring-web-6.1.19.jar:6.1.19]
	at org.springframework.web.filter.OncePerRequestFilter.doFilter(OncePerRequestFilter.java:116) ~[spring-web-6.1.19.jar:6.1.19]
	at org.apache.catalina.core.ApplicationFilterChain.internalDoFilter(ApplicationFilterChain.java:164) ~[tomcat-embed-core-10.1.40.jar:10.1.40]
	at org.apache.catalina.core.ApplicationFilterChain.doFilter(ApplicationFilterChain.java:140) ~[tomcat-embed-core-10.1.40.jar:10.1.40]
	at org.springframework.web.filter.FormContentFilter.doFilterInternal(FormContentFilter.java:93) ~[spring-web-6.1.19.jar:6.1.19]
	at org.springframework.web.filter.OncePerRequestFilter.doFilter(OncePerRequestFilter.java:116) ~[spring-web-6.1.19.jar:6.1.19]
	at org.apache.catalina.core.ApplicationFilterChain.internalDoFilter(ApplicationFilterChain.java:164) ~[tomcat-embed-core-10.1.40.jar:10.1.40]
	at org.apache.catalina.core.ApplicationFilterChain.doFilter(ApplicationFilterChain.java:140) ~[tomcat-embed-core-10.1.40.jar:10.1.40]
	at org.springframework.web.filter.CharacterEncodingFilter.doFilterInternal(CharacterEncodingFilter.java:201) ~[spring-web-6.1.19.jar:6.1.19]
	at org.springframework.web.filter.OncePerRequestFilter.doFilter(OncePerRequestFilter.java:116) ~[spring-web-6.1.19.jar:6.1.19]
	at org.apache.catalina.core.ApplicationFilterChain.internalDoFilter(ApplicationFilterChain.java:164) ~[tomcat-embed-core-10.1.40.jar:10.1.40]
	at org.apache.catalina.core.ApplicationFilterChain.doFilter(ApplicationFilterChain.java:140) ~[tomcat-embed-core-10.1.40.jar:10.1.40]
	at org.apache.catalina.core.StandardWrapperValve.invoke(StandardWrapperValve.java:167) ~[tomcat-embed-core-10.1.40.jar:10.1.40]
	at org.apache.catalina.core.StandardContextValve.invoke(StandardContextValve.java:90) ~[tomcat-embed-core-10.1.40.jar:10.1.40]
	at org.apache.catalina.authenticator.AuthenticatorBase.invoke(AuthenticatorBase.java:483) ~[tomcat-embed-core-10.1.40.jar:10.1.40]
	at org.apache.catalina.core.StandardHostValve.invoke(StandardHostValve.java:116) ~[tomcat-embed-core-10.1.40.jar:10.1.40]
	at org.apache.catalina.valves.ErrorReportValve.invoke(ErrorReportValve.java:93) ~[tomcat-embed-core-10.1.40.jar:10.1.40]
	at org.apache.catalina.core.StandardEngineValve.invoke(StandardEngineValve.java:74) ~[tomcat-embed-core-10.1.40.jar:10.1.40]
	at org.apache.catalina.connector.CoyoteAdapter.service(CoyoteAdapter.java:344) ~[tomcat-embed-core-10.1.40.jar:10.1.40]
	at org.apache.coyote.http11.Http11Processor.service(Http11Processor.java:398) ~[tomcat-embed-core-10.1.40.jar:10.1.40]
	at org.apache.coyote.AbstractProcessorLight.process(AbstractProcessorLight.java:63) ~[tomcat-embed-core-10.1.40.jar:10.1.40]
	at org.apache.coyote.AbstractProtocol$ConnectionHandler.process(AbstractProtocol.java:903) ~[tomcat-embed-core-10.1.40.jar:10.1.40]
	at org.apache.tomcat.util.net.NioEndpoint$SocketProcessor.doRun(NioEndpoint.java:1740) ~[tomcat-embed-core-10.1.40.jar:10.1.40]
	at org.apache.tomcat.util.net.SocketProcessorBase.run(SocketProcessorBase.java:52) ~[tomcat-embed-core-10.1.40.jar:10.1.40]
	at org.apache.tomcat.util.threads.ThreadPoolExecutor.runWorker(ThreadPoolExecutor.java:1189) ~[tomcat-embed-core-10.1.40.jar:10.1.40]
	at org.apache.tomcat.util.threads.ThreadPoolExecutor$Worker.run(ThreadPoolExecutor.java:658) ~[tomcat-embed-core-10.1.40.jar:10.1.40]
	at org.apache.tomcat.util.threads.TaskThread$WrappingRunnable.run(TaskThread.java:63) ~[tomcat-embed-core-10.1.40.jar:10.1.40]
	at java.base/java.lang.Thread.run(Thread.java:1583) ~[na:na]
Caused by: org.attoparser.ParseException: Exception evaluating SpringEL expression: "user.roles[1]" (template: "users" - line 62, col 23)
	at org.attoparser.MarkupParser.parseDocument(MarkupParser.java:393) ~[attoparser-2.0.7.RELEASE.jar:2.0.7.RELEASE]
	at org.attoparser.MarkupParser.parse(MarkupParser.java:257) ~[attoparser-2.0.7.RELEASE.jar:2.0.7.RELEASE]
	at org.thymeleaf.templateparser.markup.AbstractMarkupTemplateParser.parse(AbstractMarkupTemplateParser.java:230) ~[thymeleaf-3.1.3.RELEASE.jar:3.1.3.RELEASE]
	... 51 common frames omitted
Caused by: org.thymeleaf.exceptions.TemplateProcessingException: Exception evaluating SpringEL expression: "user.roles[1]" (template: "users" - line 62, col 23)
	at org.thymeleaf.spring6.expression.SPELVariableExpressionEvaluator.evaluate(SPELVariableExpressionEvaluator.java:292) ~[thymeleaf-spring6-3.1.3.RELEASE.jar:3.1.3.RELEASE]
	at org.thymeleaf.standard.expression.VariableExpression.executeVariableExpression(VariableExpression.java:166) ~[thymeleaf-3.1.3.RELEASE.jar:3.1.3.RELEASE]
	at org.thymeleaf.standard.expression.SimpleExpression.executeSimple(SimpleExpression.java:66) ~[thymeleaf-3.1.3.RELEASE.jar:3.1.3.RELEASE]
	at org.thymeleaf.standard.expression.Expression.execute(Expression.java:109) ~[thymeleaf-3.1.3.RELEASE.jar:3.1.3.RELEASE]
	at org.thymeleaf.standard.expression.Expression.execute(Expression.java:138) ~[thymeleaf-3.1.3.RELEASE.jar:3.1.3.RELEASE]
	at org.thymeleaf.standard.processor.AbstractStandardExpressionAttributeTagProcessor.doProcess(AbstractStandardExpressionAttributeTagProcessor.java:144) ~[thymeleaf-3.1.3.RELEASE.jar:3.1.3.RELEASE]
	at org.thymeleaf.processor.element.AbstractAttributeTagProcessor.doProcess(AbstractAttributeTagProcessor.java:74) ~[thymeleaf-3.1.3.RELEASE.jar:3.1.3.RELEASE]
	at org.thymeleaf.processor.element.AbstractElementTagProcessor.process(AbstractElementTagProcessor.java:95) ~[thymeleaf-3.1.3.RELEASE.jar:3.1.3.RELEASE]
	at org.thymeleaf.util.ProcessorConfigurationUtils$ElementTagProcessorWrapper.process(ProcessorConfigurationUtils.java:633) ~[thymeleaf-3.1.3.RELEASE.jar:3.1.3.RELEASE]
	at org.thymeleaf.engine.ProcessorTemplateHandler.handleOpenElement(ProcessorTemplateHandler.java:1314) ~[thymeleaf-3.1.3.RELEASE.jar:3.1.3.RELEASE]
	at org.thymeleaf.engine.OpenElementTag.beHandled(OpenElementTag.java:205) ~[thymeleaf-3.1.3.RELEASE.jar:3.1.3.RELEASE]
	at org.thymeleaf.engine.Model.process(Model.java:282) ~[thymeleaf-3.1.3.RELEASE.jar:3.1.3.RELEASE]
	at org.thymeleaf.engine.Model.process(Model.java:290) ~[thymeleaf-3.1.3.RELEASE.jar:3.1.3.RELEASE]
	at org.thymeleaf.engine.IteratedGatheringModelProcessable.processIterationModel(IteratedGatheringModelProcessable.java:368) ~[thymeleaf-3.1.3.RELEASE.jar:3.1.3.RELEASE]
	at org.thymeleaf.engine.IteratedGatheringModelProcessable.process(IteratedGatheringModelProcessable.java:222) ~[thymeleaf-3.1.3.RELEASE.jar:3.1.3.RELEASE]
	at org.thymeleaf.engine.ProcessorTemplateHandler.handleCloseElement(ProcessorTemplateHandler.java:1640) ~[thymeleaf-3.1.3.RELEASE.jar:3.1.3.RELEASE]
	at org.thymeleaf.engine.TemplateHandlerAdapterMarkupHandler.handleCloseElementEnd(TemplateHandlerAdapterMarkupHandler.java:388) ~[thymeleaf-3.1.3.RELEASE.jar:3.1.3.RELEASE]
	at org.thymeleaf.templateparser.markup.InlinedOutputExpressionMarkupHandler$InlineMarkupAdapterPreProcessorHandler.handleCloseElementEnd(InlinedOutputExpressionMarkupHandler.java:322) ~[thymeleaf-3.1.3.RELEASE.jar:3.1.3.RELEASE]
	at org.thymeleaf.standard.inline.OutputExpressionInlinePreProcessorHandler.handleCloseElementEnd(OutputExpressionInlinePreProcessorHandler.java:220) ~[thymeleaf-3.1.3.RELEASE.jar:3.1.3.RELEASE]
	at org.thymeleaf.templateparser.markup.InlinedOutputExpressionMarkupHandler.handleCloseElementEnd(InlinedOutputExpressionMarkupHandler.java:164) ~[thymeleaf-3.1.3.RELEASE.jar:3.1.3.RELEASE]
	at org.attoparser.HtmlElement.handleCloseElementEnd(HtmlElement.java:169) ~[attoparser-2.0.7.RELEASE.jar:2.0.7.RELEASE]
	at org.attoparser.HtmlMarkupHandler.handleCloseElementEnd(HtmlMarkupHandler.java:412) ~[attoparser-2.0.7.RELEASE.jar:2.0.7.RELEASE]
	at org.attoparser.MarkupEventProcessorHandler.handleCloseElementEnd(MarkupEventProcessorHandler.java:473) ~[attoparser-2.0.7.RELEASE.jar:2.0.7.RELEASE]
	at org.attoparser.ParsingElementMarkupUtil.parseCloseElement(ParsingElementMarkupUtil.java:201) ~[attoparser-2.0.7.RELEASE.jar:2.0.7.RELEASE]
	at org.attoparser.MarkupParser.parseBuffer(MarkupParser.java:725) ~[attoparser-2.0.7.RELEASE.jar:2.0.7.RELEASE]
	at org.attoparser.MarkupParser.parseDocument(MarkupParser.java:301) ~[attoparser-2.0.7.RELEASE.jar:2.0.7.RELEASE]
	... 53 common frames omitted
Caused by: org.springframework.expression.spel.SpelEvaluationException: EL1025E: The collection has '1' elements, index '1' is invalid
	at org.springframework.expression.spel.ast.Indexer$CollectionIndexingValueRef.growCollectionIfNecessary(Indexer.java:708) ~[spring-expression-6.1.19.jar:6.1.19]
	at org.springframework.expression.spel.ast.Indexer$CollectionIndexingValueRef.getValue(Indexer.java:672) ~[spring-expression-6.1.19.jar:6.1.19]
	at org.springframework.expression.spel.ast.CompoundExpression.getValueInternal(CompoundExpression.java:97) ~[spring-expression-6.1.19.jar:6.1.19]
	at org.springframework.expression.spel.ast.SpelNodeImpl.getValue(SpelNodeImpl.java:114) ~[spring-expression-6.1.19.jar:6.1.19]
	at org.springframework.expression.spel.standard.SpelExpression.getValue(SpelExpression.java:338) ~[spring-expression-6.1.19.jar:6.1.19]
	at org.thymeleaf.spring6.expression.SPELVariableExpressionEvaluator.evaluate(SPELVariableExpressionEvaluator.java:265) ~[thymeleaf-spring6-3.1.3.RELEASE.jar:3.1.3.RELEASE]
	... 78 common frames omitted

2025-05-01T19:05:11.832+05:45 ERROR 805344 --- [EcommerceCommon] [http-nio-8080-exec-6] o.a.c.c.C.[.[.[.[dispatcherServlet]      : Servlet.service() for servlet [dispatcherServlet] in context with path [/admin] threw exception [Request processing failed: org.thymeleaf.exceptions.TemplateInputException: An error happened during template parsing (template: "class path resource [templates/users.html]")] with root cause

org.springframework.expression.spel.SpelEvaluationException: EL1025E: The collection has '1' elements, index '1' is invalid
	at org.springframework.expression.spel.ast.Indexer$CollectionIndexingValueRef.growCollectionIfNecessary(Indexer.java:708) ~[spring-expression-6.1.19.jar:6.1.19]
	at org.springframework.expression.spel.ast.Indexer$CollectionIndexingValueRef.getValue(Indexer.java:672) ~[spring-expression-6.1.19.jar:6.1.19]
	at org.springframework.expression.spel.ast.CompoundExpression.getValueInternal(CompoundExpression.java:97) ~[spring-expression-6.1.19.jar:6.1.19]
	at org.springframework.expression.spel.ast.SpelNodeImpl.getValue(SpelNodeImpl.java:114) ~[spring-expression-6.1.19.jar:6.1.19]
	at org.springframework.expression.spel.standard.SpelExpression.getValue(SpelExpression.java:338) ~[spring-expression-6.1.19.jar:6.1.19]
	at org.thymeleaf.spring6.expression.SPELVariableExpressionEvaluator.evaluate(SPELVariableExpressionEvaluator.java:265) ~[thymeleaf-spring6-3.1.3.RELEASE.jar:3.1.3.RELEASE]
	at org.thymeleaf.standard.expression.VariableExpression.executeVariableExpression(VariableExpression.java:166) ~[thymeleaf-3.1.3.RELEASE.jar:3.1.3.RELEASE]
	at org.thymeleaf.standard.expression.SimpleExpression.executeSimple(SimpleExpression.java:66) ~[thymeleaf-3.1.3.RELEASE.jar:3.1.3.RELEASE]
	at org.thymeleaf.standard.expression.Expression.execute(Expression.java:109) ~[thymeleaf-3.1.3.RELEASE.jar:3.1.3.RELEASE]
	at org.thymeleaf.standard.expression.Expression.execute(Expression.java:138) ~[thymeleaf-3.1.3.RELEASE.jar:3.1.3.RELEASE]
	at org.thymeleaf.standard.processor.AbstractStandardExpressionAttributeTagProcessor.doProcess(AbstractStandardExpressionAttributeTagProcessor.java:144) ~[thymeleaf-3.1.3.RELEASE.jar:3.1.3.RELEASE]
	at org.thymeleaf.processor.element.AbstractAttributeTagProcessor.doProcess(AbstractAttributeTagProcessor.java:74) ~[thymeleaf-3.1.3.RELEASE.jar:3.1.3.RELEASE]
	at org.thymeleaf.processor.element.AbstractElementTagProcessor.process(AbstractElementTagProcessor.java:95) ~[thymeleaf-3.1.3.RELEASE.jar:3.1.3.RELEASE]
	at org.thymeleaf.util.ProcessorConfigurationUtils$ElementTagProcessorWrapper.process(ProcessorConfigurationUtils.java:633) ~[thymeleaf-3.1.3.RELEASE.jar:3.1.3.RELEASE]
	at org.thymeleaf.engine.ProcessorTemplateHandler.handleOpenElement(ProcessorTemplateHandler.java:1314) ~[thymeleaf-3.1.3.RELEASE.jar:3.1.3.RELEASE]
	at org.thymeleaf.engine.OpenElementTag.beHandled(OpenElementTag.java:205) ~[thymeleaf-3.1.3.RELEASE.jar:3.1.3.RELEASE]
	at org.thymeleaf.engine.Model.process(Model.java:282) ~[thymeleaf-3.1.3.RELEASE.jar:3.1.3.RELEASE]
	at org.thymeleaf.engine.Model.process(Model.java:290) ~[thymeleaf-3.1.3.RELEASE.jar:3.1.3.RELEASE]
	at org.thymeleaf.engine.IteratedGatheringModelProcessable.processIterationModel(IteratedGatheringModelProcessable.java:368) ~[thymeleaf-3.1.3.RELEASE.jar:3.1.3.RELEASE]
	at org.thymeleaf.engine.IteratedGatheringModelProcessable.process(IteratedGatheringModelProcessable.java:222) ~[thymeleaf-3.1.3.RELEASE.jar:3.1.3.RELEASE]
	at org.thymeleaf.engine.ProcessorTemplateHandler.handleCloseElement(ProcessorTemplateHandler.java:1640) ~[thymeleaf-3.1.3.RELEASE.jar:3.1.3.RELEASE]
	at org.thymeleaf.engine.TemplateHandlerAdapterMarkupHandler.handleCloseElementEnd(TemplateHandlerAdapterMarkupHandler.java:388) ~[thymeleaf-3.1.3.RELEASE.jar:3.1.3.RELEASE]
	at org.thymeleaf.templateparser.markup.InlinedOutputExpressionMarkupHandler$InlineMarkupAdapterPreProcessorHandler.handleCloseElementEnd(InlinedOutputExpressionMarkupHandler.java:322) ~[thymeleaf-3.1.3.RELEASE.jar:3.1.3.RELEASE]
	at org.thymeleaf.standard.inline.OutputExpressionInlinePreProcessorHandler.handleCloseElementEnd(OutputExpressionInlinePreProcessorHandler.java:220) ~[thymeleaf-3.1.3.RELEASE.jar:3.1.3.RELEASE]
	at org.thymeleaf.templateparser.markup.InlinedOutputExpressionMarkupHandler.handleCloseElementEnd(InlinedOutputExpressionMarkupHandler.java:164) ~[thymeleaf-3.1.3.RELEASE.jar:3.1.3.RELEASE]
	at org.attoparser.HtmlElement.handleCloseElementEnd(HtmlElement.java:169) ~[attoparser-2.0.7.RELEASE.jar:2.0.7.RELEASE]
	at org.attoparser.HtmlMarkupHandler.handleCloseElementEnd(HtmlMarkupHandler.java:412) ~[attoparser-2.0.7.RELEASE.jar:2.0.7.RELEASE]
	at org.attoparser.MarkupEventProcessorHandler.handleCloseElementEnd(MarkupEventProcessorHandler.java:473) ~[attoparser-2.0.7.RELEASE.jar:2.0.7.RELEASE]
	at org.attoparser.ParsingElementMarkupUtil.parseCloseElement(ParsingElementMarkupUtil.java:201) ~[attoparser-2.0.7.RELEASE.jar:2.0.7.RELEASE]
	at org.attoparser.MarkupParser.parseBuffer(MarkupParser.java:725) ~[attoparser-2.0.7.RELEASE.jar:2.0.7.RELEASE]
	at org.attoparser.MarkupParser.parseDocument(MarkupParser.java:301) ~[attoparser-2.0.7.RELEASE.jar:2.0.7.RELEASE]
	at org.attoparser.MarkupParser.parse(MarkupParser.java:257) ~[attoparser-2.0.7.RELEASE.jar:2.0.7.RELEASE]
	at org.thymeleaf.templateparser.markup.AbstractMarkupTemplateParser.parse(AbstractMarkupTemplateParser.java:230) ~[thymeleaf-3.1.3.RELEASE.jar:3.1.3.RELEASE]
	at org.thymeleaf.templateparser.markup.AbstractMarkupTemplateParser.parseStandalone(AbstractMarkupTemplateParser.java:100) ~[thymeleaf-3.1.3.RELEASE.jar:3.1.3.RELEASE]
	at org.thymeleaf.engine.TemplateManager.parseAndProcess(TemplateManager.java:666) ~[thymeleaf-3.1.3.RELEASE.jar:3.1.3.RELEASE]
	at org.thymeleaf.TemplateEngine.process(TemplateEngine.java:1103) ~[thymeleaf-3.1.3.RELEASE.jar:3.1.3.RELEASE]
	at org.thymeleaf.TemplateEngine.process(TemplateEngine.java:1077) ~[thymeleaf-3.1.3.RELEASE.jar:3.1.3.RELEASE]
	at org.thymeleaf.spring6.view.ThymeleafView.renderFragment(ThymeleafView.java:372) ~[thymeleaf-spring6-3.1.3.RELEASE.jar:3.1.3.RELEASE]
	at org.thymeleaf.spring6.view.ThymeleafView.render(ThymeleafView.java:192) ~[thymeleaf-spring6-3.1.3.RELEASE.jar:3.1.3.RELEASE]
	at org.springframework.web.servlet.DispatcherServlet.render(DispatcherServlet.java:1432) ~[spring-webmvc-6.1.19.jar:6.1.19]
	at org.springframework.web.servlet.DispatcherServlet.processDispatchResult(DispatcherServlet.java:1168) ~[spring-webmvc-6.1.19.jar:6.1.19]
	at org.springframework.web.servlet.DispatcherServlet.doDispatch(DispatcherServlet.java:1106) ~[spring-webmvc-6.1.19.jar:6.1.19]
	at org.springframework.web.servlet.DispatcherServlet.doService(DispatcherServlet.java:979) ~[spring-webmvc-6.1.19.jar:6.1.19]
	at org.springframework.web.servlet.FrameworkServlet.processRequest(FrameworkServlet.java:1014) ~[spring-webmvc-6.1.19.jar:6.1.19]
	at org.springframework.web.servlet.FrameworkServlet.doGet(FrameworkServlet.java:903) ~[spring-webmvc-6.1.19.jar:6.1.19]
	at jakarta.servlet.http.HttpServlet.service(HttpServlet.java:564) ~[tomcat-embed-core-10.1.40.jar:6.0]
	at org.springframework.web.servlet.FrameworkServlet.service(FrameworkServlet.java:885) ~[spring-webmvc-6.1.19.jar:6.1.19]
	at jakarta.servlet.http.HttpServlet.service(HttpServlet.java:658) ~[tomcat-embed-core-10.1.40.jar:6.0]
	at org.apache.catalina.core.ApplicationFilterChain.internalDoFilter(ApplicationFilterChain.java:195) ~[tomcat-embed-core-10.1.40.jar:10.1.40]
	at org.apache.catalina.core.ApplicationFilterChain.doFilter(ApplicationFilterChain.java:140) ~[tomcat-embed-core-10.1.40.jar:10.1.40]
	at org.apache.tomcat.websocket.server.WsFilter.doFilter(WsFilter.java:51) ~[tomcat-embed-websocket-10.1.40.jar:10.1.40]
	at org.apache.catalina.core.ApplicationFilterChain.internalDoFilter(ApplicationFilterChain.java:164) ~[tomcat-embed-core-10.1.40.jar:10.1.40]
	at org.apache.catalina.core.ApplicationFilterChain.doFilter(ApplicationFilterChain.java:140) ~[tomcat-embed-core-10.1.40.jar:10.1.40]
	at org.springframework.web.servlet.resource.ResourceUrlEncodingFilter.doFilter(ResourceUrlEncodingFilter.java:66) ~[spring-webmvc-6.1.19.jar:6.1.19]
	at org.apache.catalina.core.ApplicationFilterChain.internalDoFilter(ApplicationFilterChain.java:164) ~[tomcat-embed-core-10.1.40.jar:10.1.40]
	at org.apache.catalina.core.ApplicationFilterChain.doFilter(ApplicationFilterChain.java:140) ~[tomcat-embed-core-10.1.40.jar:10.1.40]
	at org.springframework.web.filter.RequestContextFilter.doFilterInternal(RequestContextFilter.java:100) ~[spring-web-6.1.19.jar:6.1.19]
	at org.springframework.web.filter.OncePerRequestFilter.doFilter(OncePerRequestFilter.java:116) ~[spring-web-6.1.19.jar:6.1.19]
	at org.apache.catalina.core.ApplicationFilterChain.internalDoFilter(ApplicationFilterChain.java:164) ~[tomcat-embed-core-10.1.40.jar:10.1.40]
	at org.apache.catalina.core.ApplicationFilterChain.doFilter(ApplicationFilterChain.java:140) ~[tomcat-embed-core-10.1.40.jar:10.1.40]
	at org.springframework.web.filter.FormContentFilter.doFilterInternal(FormContentFilter.java:93) ~[spring-web-6.1.19.jar:6.1.19]
	at org.springframework.web.filter.OncePerRequestFilter.doFilter(OncePerRequestFilter.java:116) ~[spring-web-6.1.19.jar:6.1.19]
	at org.apache.catalina.core.ApplicationFilterChain.internalDoFilter(ApplicationFilterChain.java:164) ~[tomcat-embed-core-10.1.40.jar:10.1.40]
	at org.apache.catalina.core.ApplicationFilterChain.doFilter(ApplicationFilterChain.java:140) ~[tomcat-embed-core-10.1.40.jar:10.1.40]
	at org.springframework.web.filter.CharacterEncodingFilter.doFilterInternal(CharacterEncodingFilter.java:201) ~[spring-web-6.1.19.jar:6.1.19]
	at org.springframework.web.filter.OncePerRequestFilter.doFilter(OncePerRequestFilter.java:116) ~[spring-web-6.1.19.jar:6.1.19]
	at org.apache.catalina.core.ApplicationFilterChain.internalDoFilter(ApplicationFilterChain.java:164) ~[tomcat-embed-core-10.1.40.jar:10.1.40]
	at org.apache.catalina.core.ApplicationFilterChain.doFilter(ApplicationFilterChain.java:140) ~[tomcat-embed-core-10.1.40.jar:10.1.40]
	at org.apache.catalina.core.StandardWrapperValve.invoke(StandardWrapperValve.java:167) ~[tomcat-embed-core-10.1.40.jar:10.1.40]
	at org.apache.catalina.core.StandardContextValve.invoke(StandardContextValve.java:90) ~[tomcat-embed-core-10.1.40.jar:10.1.40]
	at org.apache.catalina.authenticator.AuthenticatorBase.invoke(AuthenticatorBase.java:483) ~[tomcat-embed-core-10.1.40.jar:10.1.40]
	at org.apache.catalina.core.StandardHostValve.invoke(StandardHostValve.java:116) ~[tomcat-embed-core-10.1.40.jar:10.1.40]
	at org.apache.catalina.valves.ErrorReportValve.invoke(ErrorReportValve.java:93) ~[tomcat-embed-core-10.1.40.jar:10.1.40]
	at org.apache.catalina.core.StandardEngineValve.invoke(StandardEngineValve.java:74) ~[tomcat-embed-core-10.1.40.jar:10.1.40]
	at org.apache.catalina.connector.CoyoteAdapter.service(CoyoteAdapter.java:344) ~[tomcat-embed-core-10.1.40.jar:10.1.40]
	at org.apache.coyote.http11.Http11Processor.service(Http11Processor.java:398) ~[tomcat-embed-core-10.1.40.jar:10.1.40]
	at org.apache.coyote.AbstractProcessorLight.process(AbstractProcessorLight.java:63) ~[tomcat-embed-core-10.1.40.jar:10.1.40]
	at org.apache.coyote.AbstractProtocol$ConnectionHandler.process(AbstractProtocol.java:903) ~[tomcat-embed-core-10.1.40.jar:10.1.40]
	at org.apache.tomcat.util.net.NioEndpoint$SocketProcessor.doRun(NioEndpoint.java:1740) ~[tomcat-embed-core-10.1.40.jar:10.1.40]
	at org.apache.tomcat.util.net.SocketProcessorBase.run(SocketProcessorBase.java:52) ~[tomcat-embed-core-10.1.40.jar:10.1.40]
	at org.apache.tomcat.util.threads.ThreadPoolExecutor.runWorker(ThreadPoolExecutor.java:1189) ~[tomcat-embed-core-10.1.40.jar:10.1.40]
	at org.apache.tomcat.util.threads.ThreadPoolExecutor$Worker.run(ThreadPoolExecutor.java:658) ~[tomcat-embed-core-10.1.40.jar:10.1.40]
	at org.apache.tomcat.util.threads.TaskThread$WrappingRunnable.run(TaskThread.java:63) ~[tomcat-embed-core-10.1.40.jar:10.1.40]
	at java.base/java.lang.Thread.run(Thread.java:1583) ~[na:na]

2025-05-01T19:05:13.865+05:45 ERROR 805344 --- [EcommerceCommon] [http-nio-8080-exec-7] org.thymeleaf.TemplateEngine             : [THYMELEAF][http-nio-8080-exec-7] Exception processing template "users": An error happened during template parsing (template: "class path resource [templates/users.html]")

org.thymeleaf.exceptions.TemplateInputException: An error happened during template parsing (template: "class path resource [templates/users.html]")
	at org.thymeleaf.templateparser.markup.AbstractMarkupTemplateParser.parse(AbstractMarkupTemplateParser.java:241) ~[thymeleaf-3.1.3.RELEASE.jar:3.1.3.RELEASE]
	at org.thymeleaf.templateparser.markup.AbstractMarkupTemplateParser.parseStandalone(AbstractMarkupTemplateParser.java:100) ~[thymeleaf-3.1.3.RELEASE.jar:3.1.3.RELEASE]
	at org.thymeleaf.engine.TemplateManager.parseAndProcess(TemplateManager.java:666) ~[thymeleaf-3.1.3.RELEASE.jar:3.1.3.RELEASE]
	at org.thymeleaf.TemplateEngine.process(TemplateEngine.java:1103) ~[thymeleaf-3.1.3.RELEASE.jar:3.1.3.RELEASE]
	at org.thymeleaf.TemplateEngine.process(TemplateEngine.java:1077) ~[thymeleaf-3.1.3.RELEASE.jar:3.1.3.RELEASE]
	at org.thymeleaf.spring6.view.ThymeleafView.renderFragment(ThymeleafView.java:372) ~[thymeleaf-spring6-3.1.3.RELEASE.jar:3.1.3.RELEASE]
	at org.thymeleaf.spring6.view.ThymeleafView.render(ThymeleafView.java:192) ~[thymeleaf-spring6-3.1.3.RELEASE.jar:3.1.3.RELEASE]
	at org.springframework.web.servlet.DispatcherServlet.render(DispatcherServlet.java:1432) ~[spring-webmvc-6.1.19.jar:6.1.19]
	at org.springframework.web.servlet.DispatcherServlet.processDispatchResult(DispatcherServlet.java:1168) ~[spring-webmvc-6.1.19.jar:6.1.19]
	at org.springframework.web.servlet.DispatcherServlet.doDispatch(DispatcherServlet.java:1106) ~[spring-webmvc-6.1.19.jar:6.1.19]
	at org.springframework.web.servlet.DispatcherServlet.doService(DispatcherServlet.java:979) ~[spring-webmvc-6.1.19.jar:6.1.19]
	at org.springframework.web.servlet.FrameworkServlet.processRequest(FrameworkServlet.java:1014) ~[spring-webmvc-6.1.19.jar:6.1.19]
	at org.springframework.web.servlet.FrameworkServlet.doGet(FrameworkServlet.java:903) ~[spring-webmvc-6.1.19.jar:6.1.19]
	at jakarta.servlet.http.HttpServlet.service(HttpServlet.java:564) ~[tomcat-embed-core-10.1.40.jar:6.0]
	at org.springframework.web.servlet.FrameworkServlet.service(FrameworkServlet.java:885) ~[spring-webmvc-6.1.19.jar:6.1.19]
	at jakarta.servlet.http.HttpServlet.service(HttpServlet.java:658) ~[tomcat-embed-core-10.1.40.jar:6.0]
	at org.apache.catalina.core.ApplicationFilterChain.internalDoFilter(ApplicationFilterChain.java:195) ~[tomcat-embed-core-10.1.40.jar:10.1.40]
	at org.apache.catalina.core.ApplicationFilterChain.doFilter(ApplicationFilterChain.java:140) ~[tomcat-embed-core-10.1.40.jar:10.1.40]
	at org.apache.tomcat.websocket.server.WsFilter.doFilter(WsFilter.java:51) ~[tomcat-embed-websocket-10.1.40.jar:10.1.40]
	at org.apache.catalina.core.ApplicationFilterChain.internalDoFilter(ApplicationFilterChain.java:164) ~[tomcat-embed-core-10.1.40.jar:10.1.40]
	at org.apache.catalina.core.ApplicationFilterChain.doFilter(ApplicationFilterChain.java:140) ~[tomcat-embed-core-10.1.40.jar:10.1.40]
	at org.springframework.web.servlet.resource.ResourceUrlEncodingFilter.doFilter(ResourceUrlEncodingFilter.java:66) ~[spring-webmvc-6.1.19.jar:6.1.19]
	at org.apache.catalina.core.ApplicationFilterChain.internalDoFilter(ApplicationFilterChain.java:164) ~[tomcat-embed-core-10.1.40.jar:10.1.40]
	at org.apache.catalina.core.ApplicationFilterChain.doFilter(ApplicationFilterChain.java:140) ~[tomcat-embed-core-10.1.40.jar:10.1.40]
	at org.springframework.web.filter.RequestContextFilter.doFilterInternal(RequestContextFilter.java:100) ~[spring-web-6.1.19.jar:6.1.19]
	at org.springframework.web.filter.OncePerRequestFilter.doFilter(OncePerRequestFilter.java:116) ~[spring-web-6.1.19.jar:6.1.19]
	at org.apache.catalina.core.ApplicationFilterChain.internalDoFilter(ApplicationFilterChain.java:164) ~[tomcat-embed-core-10.1.40.jar:10.1.40]
	at org.apache.catalina.core.ApplicationFilterChain.doFilter(ApplicationFilterChain.java:140) ~[tomcat-embed-core-10.1.40.jar:10.1.40]
	at org.springframework.web.filter.FormContentFilter.doFilterInternal(FormContentFilter.java:93) ~[spring-web-6.1.19.jar:6.1.19]
	at org.springframework.web.filter.OncePerRequestFilter.doFilter(OncePerRequestFilter.java:116) ~[spring-web-6.1.19.jar:6.1.19]
	at org.apache.catalina.core.ApplicationFilterChain.internalDoFilter(ApplicationFilterChain.java:164) ~[tomcat-embed-core-10.1.40.jar:10.1.40]
	at org.apache.catalina.core.ApplicationFilterChain.doFilter(ApplicationFilterChain.java:140) ~[tomcat-embed-core-10.1.40.jar:10.1.40]
	at org.springframework.web.filter.CharacterEncodingFilter.doFilterInternal(CharacterEncodingFilter.java:201) ~[spring-web-6.1.19.jar:6.1.19]
	at org.springframework.web.filter.OncePerRequestFilter.doFilter(OncePerRequestFilter.java:116) ~[spring-web-6.1.19.jar:6.1.19]
	at org.apache.catalina.core.ApplicationFilterChain.internalDoFilter(ApplicationFilterChain.java:164) ~[tomcat-embed-core-10.1.40.jar:10.1.40]
	at org.apache.catalina.core.ApplicationFilterChain.doFilter(ApplicationFilterChain.java:140) ~[tomcat-embed-core-10.1.40.jar:10.1.40]
	at org.apache.catalina.core.StandardWrapperValve.invoke(StandardWrapperValve.java:167) ~[tomcat-embed-core-10.1.40.jar:10.1.40]
	at org.apache.catalina.core.StandardContextValve.invoke(StandardContextValve.java:90) ~[tomcat-embed-core-10.1.40.jar:10.1.40]
	at org.apache.catalina.authenticator.AuthenticatorBase.invoke(AuthenticatorBase.java:483) ~[tomcat-embed-core-10.1.40.jar:10.1.40]
	at org.apache.catalina.core.StandardHostValve.invoke(StandardHostValve.java:116) ~[tomcat-embed-core-10.1.40.jar:10.1.40]
	at org.apache.catalina.valves.ErrorReportValve.invoke(ErrorReportValve.java:93) ~[tomcat-embed-core-10.1.40.jar:10.1.40]
	at org.apache.catalina.core.StandardEngineValve.invoke(StandardEngineValve.java:74) ~[tomcat-embed-core-10.1.40.jar:10.1.40]
	at org.apache.catalina.connector.CoyoteAdapter.service(CoyoteAdapter.java:344) ~[tomcat-embed-core-10.1.40.jar:10.1.40]
	at org.apache.coyote.http11.Http11Processor.service(Http11Processor.java:398) ~[tomcat-embed-core-10.1.40.jar:10.1.40]
	at org.apache.coyote.AbstractProcessorLight.process(AbstractProcessorLight.java:63) ~[tomcat-embed-core-10.1.40.jar:10.1.40]
	at org.apache.coyote.AbstractProtocol$ConnectionHandler.process(AbstractProtocol.java:903) ~[tomcat-embed-core-10.1.40.jar:10.1.40]
	at org.apache.tomcat.util.net.NioEndpoint$SocketProcessor.doRun(NioEndpoint.java:1740) ~[tomcat-embed-core-10.1.40.jar:10.1.40]
	at org.apache.tomcat.util.net.SocketProcessorBase.run(SocketProcessorBase.java:52) ~[tomcat-embed-core-10.1.40.jar:10.1.40]
	at org.apache.tomcat.util.threads.ThreadPoolExecutor.runWorker(ThreadPoolExecutor.java:1189) ~[tomcat-embed-core-10.1.40.jar:10.1.40]
	at org.apache.tomcat.util.threads.ThreadPoolExecutor$Worker.run(ThreadPoolExecutor.java:658) ~[tomcat-embed-core-10.1.40.jar:10.1.40]
	at org.apache.tomcat.util.threads.TaskThread$WrappingRunnable.run(TaskThread.java:63) ~[tomcat-embed-core-10.1.40.jar:10.1.40]
	at java.base/java.lang.Thread.run(Thread.java:1583) ~[na:na]
Caused by: org.attoparser.ParseException: Exception evaluating SpringEL expression: "user.roles[1]" (template: "users" - line 62, col 23)
	at org.attoparser.MarkupParser.parseDocument(MarkupParser.java:393) ~[attoparser-2.0.7.RELEASE.jar:2.0.7.RELEASE]
	at org.attoparser.MarkupParser.parse(MarkupParser.java:257) ~[attoparser-2.0.7.RELEASE.jar:2.0.7.RELEASE]
	at org.thymeleaf.templateparser.markup.AbstractMarkupTemplateParser.parse(AbstractMarkupTemplateParser.java:230) ~[thymeleaf-3.1.3.RELEASE.jar:3.1.3.RELEASE]
	... 51 common frames omitted
Caused by: org.thymeleaf.exceptions.TemplateProcessingException: Exception evaluating SpringEL expression: "user.roles[1]" (template: "users" - line 62, col 23)
	at org.thymeleaf.spring6.expression.SPELVariableExpressionEvaluator.evaluate(SPELVariableExpressionEvaluator.java:292) ~[thymeleaf-spring6-3.1.3.RELEASE.jar:3.1.3.RELEASE]
	at org.thymeleaf.standard.expression.VariableExpression.executeVariableExpression(VariableExpression.java:166) ~[thymeleaf-3.1.3.RELEASE.jar:3.1.3.RELEASE]
	at org.thymeleaf.standard.expression.SimpleExpression.executeSimple(SimpleExpression.java:66) ~[thymeleaf-3.1.3.RELEASE.jar:3.1.3.RELEASE]
	at org.thymeleaf.standard.expression.Expression.execute(Expression.java:109) ~[thymeleaf-3.1.3.RELEASE.jar:3.1.3.RELEASE]
	at org.thymeleaf.standard.expression.Expression.execute(Expression.java:138) ~[thymeleaf-3.1.3.RELEASE.jar:3.1.3.RELEASE]
	at org.thymeleaf.standard.processor.AbstractStandardExpressionAttributeTagProcessor.doProcess(AbstractStandardExpressionAttributeTagProcessor.java:144) ~[thymeleaf-3.1.3.RELEASE.jar:3.1.3.RELEASE]
	at org.thymeleaf.processor.element.AbstractAttributeTagProcessor.doProcess(AbstractAttributeTagProcessor.java:74) ~[thymeleaf-3.1.3.RELEASE.jar:3.1.3.RELEASE]
	at org.thymeleaf.processor.element.AbstractElementTagProcessor.process(AbstractElementTagProcessor.java:95) ~[thymeleaf-3.1.3.RELEASE.jar:3.1.3.RELEASE]
	at org.thymeleaf.util.ProcessorConfigurationUtils$ElementTagProcessorWrapper.process(ProcessorConfigurationUtils.java:633) ~[thymeleaf-3.1.3.RELEASE.jar:3.1.3.RELEASE]
	at org.thymeleaf.engine.ProcessorTemplateHandler.handleOpenElement(ProcessorTemplateHandler.java:1314) ~[thymeleaf-3.1.3.RELEASE.jar:3.1.3.RELEASE]
	at org.thymeleaf.engine.OpenElementTag.beHandled(OpenElementTag.java:205) ~[thymeleaf-3.1.3.RELEASE.jar:3.1.3.RELEASE]
	at org.thymeleaf.engine.Model.process(Model.java:282) ~[thymeleaf-3.1.3.RELEASE.jar:3.1.3.RELEASE]
	at org.thymeleaf.engine.Model.process(Model.java:290) ~[thymeleaf-3.1.3.RELEASE.jar:3.1.3.RELEASE]
	at org.thymeleaf.engine.IteratedGatheringModelProcessable.processIterationModel(IteratedGatheringModelProcessable.java:368) ~[thymeleaf-3.1.3.RELEASE.jar:3.1.3.RELEASE]
	at org.thymeleaf.engine.IteratedGatheringModelProcessable.process(IteratedGatheringModelProcessable.java:222) ~[thymeleaf-3.1.3.RELEASE.jar:3.1.3.RELEASE]
	at org.thymeleaf.engine.ProcessorTemplateHandler.handleCloseElement(ProcessorTemplateHandler.java:1640) ~[thymeleaf-3.1.3.RELEASE.jar:3.1.3.RELEASE]
	at org.thymeleaf.engine.TemplateHandlerAdapterMarkupHandler.handleCloseElementEnd(TemplateHandlerAdapterMarkupHandler.java:388) ~[thymeleaf-3.1.3.RELEASE.jar:3.1.3.RELEASE]
	at org.thymeleaf.templateparser.markup.InlinedOutputExpressionMarkupHandler$InlineMarkupAdapterPreProcessorHandler.handleCloseElementEnd(InlinedOutputExpressionMarkupHandler.java:322) ~[thymeleaf-3.1.3.RELEASE.jar:3.1.3.RELEASE]
	at org.thymeleaf.standard.inline.OutputExpressionInlinePreProcessorHandler.handleCloseElementEnd(OutputExpressionInlinePreProcessorHandler.java:220) ~[thymeleaf-3.1.3.RELEASE.jar:3.1.3.RELEASE]
	at org.thymeleaf.templateparser.markup.InlinedOutputExpressionMarkupHandler.handleCloseElementEnd(InlinedOutputExpressionMarkupHandler.java:164) ~[thymeleaf-3.1.3.RELEASE.jar:3.1.3.RELEASE]
	at org.attoparser.HtmlElement.handleCloseElementEnd(HtmlElement.java:169) ~[attoparser-2.0.7.RELEASE.jar:2.0.7.RELEASE]
	at org.attoparser.HtmlMarkupHandler.handleCloseElementEnd(HtmlMarkupHandler.java:412) ~[attoparser-2.0.7.RELEASE.jar:2.0.7.RELEASE]
	at org.attoparser.MarkupEventProcessorHandler.handleCloseElementEnd(MarkupEventProcessorHandler.java:473) ~[attoparser-2.0.7.RELEASE.jar:2.0.7.RELEASE]
	at org.attoparser.ParsingElementMarkupUtil.parseCloseElement(ParsingElementMarkupUtil.java:201) ~[attoparser-2.0.7.RELEASE.jar:2.0.7.RELEASE]
	at org.attoparser.MarkupParser.parseBuffer(MarkupParser.java:725) ~[attoparser-2.0.7.RELEASE.jar:2.0.7.RELEASE]
	at org.attoparser.MarkupParser.parseDocument(MarkupParser.java:301) ~[attoparser-2.0.7.RELEASE.jar:2.0.7.RELEASE]
	... 53 common frames omitted
Caused by: org.springframework.expression.spel.SpelEvaluationException: EL1025E: The collection has '1' elements, index '1' is invalid
	at org.springframework.expression.spel.ast.Indexer$CollectionIndexingValueRef.growCollectionIfNecessary(Indexer.java:708) ~[spring-expression-6.1.19.jar:6.1.19]
	at org.springframework.expression.spel.ast.Indexer$CollectionIndexingValueRef.getValue(Indexer.java:672) ~[spring-expression-6.1.19.jar:6.1.19]
	at org.springframework.expression.spel.ast.CompoundExpression.getValueInternal(CompoundExpression.java:97) ~[spring-expression-6.1.19.jar:6.1.19]
	at org.springframework.expression.spel.ast.SpelNodeImpl.getValue(SpelNodeImpl.java:114) ~[spring-expression-6.1.19.jar:6.1.19]
	at org.springframework.expression.spel.standard.SpelExpression.getValue(SpelExpression.java:338) ~[spring-expression-6.1.19.jar:6.1.19]
	at org.thymeleaf.spring6.expression.SPELVariableExpressionEvaluator.evaluate(SPELVariableExpressionEvaluator.java:265) ~[thymeleaf-spring6-3.1.3.RELEASE.jar:3.1.3.RELEASE]
	... 78 common frames omitted

2025-05-01T19:05:13.867+05:45 ERROR 805344 --- [EcommerceCommon] [http-nio-8080-exec-7] o.a.c.c.C.[.[.[.[dispatcherServlet]      : Servlet.service() for servlet [dispatcherServlet] in context with path [/admin] threw exception [Request processing failed: org.thymeleaf.exceptions.TemplateInputException: An error happened during template parsing (template: "class path resource [templates/users.html]")] with root cause

org.springframework.expression.spel.SpelEvaluationException: EL1025E: The collection has '1' elements, index '1' is invalid
	at org.springframework.expression.spel.ast.Indexer$CollectionIndexingValueRef.growCollectionIfNecessary(Indexer.java:708) ~[spring-expression-6.1.19.jar:6.1.19]
	at org.springframework.expression.spel.ast.Indexer$CollectionIndexingValueRef.getValue(Indexer.java:672) ~[spring-expression-6.1.19.jar:6.1.19]
	at org.springframework.expression.spel.ast.CompoundExpression.getValueInternal(CompoundExpression.java:97) ~[spring-expression-6.1.19.jar:6.1.19]
	at org.springframework.expression.spel.ast.SpelNodeImpl.getValue(SpelNodeImpl.java:114) ~[spring-expression-6.1.19.jar:6.1.19]
	at org.springframework.expression.spel.standard.SpelExpression.getValue(SpelExpression.java:338) ~[spring-expression-6.1.19.jar:6.1.19]
	at org.thymeleaf.spring6.expression.SPELVariableExpressionEvaluator.evaluate(SPELVariableExpressionEvaluator.java:265) ~[thymeleaf-spring6-3.1.3.RELEASE.jar:3.1.3.RELEASE]
	at org.thymeleaf.standard.expression.VariableExpression.executeVariableExpression(VariableExpression.java:166) ~[thymeleaf-3.1.3.RELEASE.jar:3.1.3.RELEASE]
	at org.thymeleaf.standard.expression.SimpleExpression.executeSimple(SimpleExpression.java:66) ~[thymeleaf-3.1.3.RELEASE.jar:3.1.3.RELEASE]
	at org.thymeleaf.standard.expression.Expression.execute(Expression.java:109) ~[thymeleaf-3.1.3.RELEASE.jar:3.1.3.RELEASE]
	at org.thymeleaf.standard.expression.Expression.execute(Expression.java:138) ~[thymeleaf-3.1.3.RELEASE.jar:3.1.3.RELEASE]
	at org.thymeleaf.standard.processor.AbstractStandardExpressionAttributeTagProcessor.doProcess(AbstractStandardExpressionAttributeTagProcessor.java:144) ~[thymeleaf-3.1.3.RELEASE.jar:3.1.3.RELEASE]
	at org.thymeleaf.processor.element.AbstractAttributeTagProcessor.doProcess(AbstractAttributeTagProcessor.java:74) ~[thymeleaf-3.1.3.RELEASE.jar:3.1.3.RELEASE]
	at org.thymeleaf.processor.element.AbstractElementTagProcessor.process(AbstractElementTagProcessor.java:95) ~[thymeleaf-3.1.3.RELEASE.jar:3.1.3.RELEASE]
	at org.thymeleaf.util.ProcessorConfigurationUtils$ElementTagProcessorWrapper.process(ProcessorConfigurationUtils.java:633) ~[thymeleaf-3.1.3.RELEASE.jar:3.1.3.RELEASE]
	at org.thymeleaf.engine.ProcessorTemplateHandler.handleOpenElement(ProcessorTemplateHandler.java:1314) ~[thymeleaf-3.1.3.RELEASE.jar:3.1.3.RELEASE]
	at org.thymeleaf.engine.OpenElementTag.beHandled(OpenElementTag.java:205) ~[thymeleaf-3.1.3.RELEASE.jar:3.1.3.RELEASE]
	at org.thymeleaf.engine.Model.process(Model.java:282) ~[thymeleaf-3.1.3.RELEASE.jar:3.1.3.RELEASE]
	at org.thymeleaf.engine.Model.process(Model.java:290) ~[thymeleaf-3.1.3.RELEASE.jar:3.1.3.RELEASE]
	at org.thymeleaf.engine.IteratedGatheringModelProcessable.processIterationModel(IteratedGatheringModelProcessable.java:368) ~[thymeleaf-3.1.3.RELEASE.jar:3.1.3.RELEASE]
	at org.thymeleaf.engine.IteratedGatheringModelProcessable.process(IteratedGatheringModelProcessable.java:222) ~[thymeleaf-3.1.3.RELEASE.jar:3.1.3.RELEASE]
	at org.thymeleaf.engine.ProcessorTemplateHandler.handleCloseElement(ProcessorTemplateHandler.java:1640) ~[thymeleaf-3.1.3.RELEASE.jar:3.1.3.RELEASE]
	at org.thymeleaf.engine.TemplateHandlerAdapterMarkupHandler.handleCloseElementEnd(TemplateHandlerAdapterMarkupHandler.java:388) ~[thymeleaf-3.1.3.RELEASE.jar:3.1.3.RELEASE]
	at org.thymeleaf.templateparser.markup.InlinedOutputExpressionMarkupHandler$InlineMarkupAdapterPreProcessorHandler.handleCloseElementEnd(InlinedOutputExpressionMarkupHandler.java:322) ~[thymeleaf-3.1.3.RELEASE.jar:3.1.3.RELEASE]
	at org.thymeleaf.standard.inline.OutputExpressionInlinePreProcessorHandler.handleCloseElementEnd(OutputExpressionInlinePreProcessorHandler.java:220) ~[thymeleaf-3.1.3.RELEASE.jar:3.1.3.RELEASE]
	at org.thymeleaf.templateparser.markup.InlinedOutputExpressionMarkupHandler.handleCloseElementEnd(InlinedOutputExpressionMarkupHandler.java:164) ~[thymeleaf-3.1.3.RELEASE.jar:3.1.3.RELEASE]
	at org.attoparser.HtmlElement.handleCloseElementEnd(HtmlElement.java:169) ~[attoparser-2.0.7.RELEASE.jar:2.0.7.RELEASE]
	at org.attoparser.HtmlMarkupHandler.handleCloseElementEnd(HtmlMarkupHandler.java:412) ~[attoparser-2.0.7.RELEASE.jar:2.0.7.RELEASE]
	at org.attoparser.MarkupEventProcessorHandler.handleCloseElementEnd(MarkupEventProcessorHandler.java:473) ~[attoparser-2.0.7.RELEASE.jar:2.0.7.RELEASE]
	at org.attoparser.ParsingElementMarkupUtil.parseCloseElement(ParsingElementMarkupUtil.java:201) ~[attoparser-2.0.7.RELEASE.jar:2.0.7.RELEASE]
	at org.attoparser.MarkupParser.parseBuffer(MarkupParser.java:725) ~[attoparser-2.0.7.RELEASE.jar:2.0.7.RELEASE]
	at org.attoparser.MarkupParser.parseDocument(MarkupParser.java:301) ~[attoparser-2.0.7.RELEASE.jar:2.0.7.RELEASE]
	at org.attoparser.MarkupParser.parse(MarkupParser.java:257) ~[attoparser-2.0.7.RELEASE.jar:2.0.7.RELEASE]
	at org.thymeleaf.templateparser.markup.AbstractMarkupTemplateParser.parse(AbstractMarkupTemplateParser.java:230) ~[thymeleaf-3.1.3.RELEASE.jar:3.1.3.RELEASE]
	at org.thymeleaf.templateparser.markup.AbstractMarkupTemplateParser.parseStandalone(AbstractMarkupTemplateParser.java:100) ~[thymeleaf-3.1.3.RELEASE.jar:3.1.3.RELEASE]
	at org.thymeleaf.engine.TemplateManager.parseAndProcess(TemplateManager.java:666) ~[thymeleaf-3.1.3.RELEASE.jar:3.1.3.RELEASE]
	at org.thymeleaf.TemplateEngine.process(TemplateEngine.java:1103) ~[thymeleaf-3.1.3.RELEASE.jar:3.1.3.RELEASE]
	at org.thymeleaf.TemplateEngine.process(TemplateEngine.java:1077) ~[thymeleaf-3.1.3.RELEASE.jar:3.1.3.RELEASE]
	at org.thymeleaf.spring6.view.ThymeleafView.renderFragment(ThymeleafView.java:372) ~[thymeleaf-spring6-3.1.3.RELEASE.jar:3.1.3.RELEASE]
	at org.thymeleaf.spring6.view.ThymeleafView.render(ThymeleafView.java:192) ~[thymeleaf-spring6-3.1.3.RELEASE.jar:3.1.3.RELEASE]
	at org.springframework.web.servlet.DispatcherServlet.render(DispatcherServlet.java:1432) ~[spring-webmvc-6.1.19.jar:6.1.19]
	at org.springframework.web.servlet.DispatcherServlet.processDispatchResult(DispatcherServlet.java:1168) ~[spring-webmvc-6.1.19.jar:6.1.19]
	at org.springframework.web.servlet.DispatcherServlet.doDispatch(DispatcherServlet.java:1106) ~[spring-webmvc-6.1.19.jar:6.1.19]
	at org.springframework.web.servlet.DispatcherServlet.doService(DispatcherServlet.java:979) ~[spring-webmvc-6.1.19.jar:6.1.19]
	at org.springframework.web.servlet.FrameworkServlet.processRequest(FrameworkServlet.java:1014) ~[spring-webmvc-6.1.19.jar:6.1.19]
	at org.springframework.web.servlet.FrameworkServlet.doGet(FrameworkServlet.java:903) ~[spring-webmvc-6.1.19.jar:6.1.19]
	at jakarta.servlet.http.HttpServlet.service(HttpServlet.java:564) ~[tomcat-embed-core-10.1.40.jar:6.0]
	at org.springframework.web.servlet.FrameworkServlet.service(FrameworkServlet.java:885) ~[spring-webmvc-6.1.19.jar:6.1.19]
	at jakarta.servlet.http.HttpServlet.service(HttpServlet.java:658) ~[tomcat-embed-core-10.1.40.jar:6.0]
	at org.apache.catalina.core.ApplicationFilterChain.internalDoFilter(ApplicationFilterChain.java:195) ~[tomcat-embed-core-10.1.40.jar:10.1.40]
	at org.apache.catalina.core.ApplicationFilterChain.doFilter(ApplicationFilterChain.java:140) ~[tomcat-embed-core-10.1.40.jar:10.1.40]
	at org.apache.tomcat.websocket.server.WsFilter.doFilter(WsFilter.java:51) ~[tomcat-embed-websocket-10.1.40.jar:10.1.40]
	at org.apache.catalina.core.ApplicationFilterChain.internalDoFilter(ApplicationFilterChain.java:164) ~[tomcat-embed-core-10.1.40.jar:10.1.40]
	at org.apache.catalina.core.ApplicationFilterChain.doFilter(ApplicationFilterChain.java:140) ~[tomcat-embed-core-10.1.40.jar:10.1.40]
	at org.springframework.web.servlet.resource.ResourceUrlEncodingFilter.doFilter(ResourceUrlEncodingFilter.java:66) ~[spring-webmvc-6.1.19.jar:6.1.19]
	at org.apache.catalina.core.ApplicationFilterChain.internalDoFilter(ApplicationFilterChain.java:164) ~[tomcat-embed-core-10.1.40.jar:10.1.40]
	at org.apache.catalina.core.ApplicationFilterChain.doFilter(ApplicationFilterChain.java:140) ~[tomcat-embed-core-10.1.40.jar:10.1.40]
	at org.springframework.web.filter.RequestContextFilter.doFilterInternal(RequestContextFilter.java:100) ~[spring-web-6.1.19.jar:6.1.19]
	at org.springframework.web.filter.OncePerRequestFilter.doFilter(OncePerRequestFilter.java:116) ~[spring-web-6.1.19.jar:6.1.19]
	at org.apache.catalina.core.ApplicationFilterChain.internalDoFilter(ApplicationFilterChain.java:164) ~[tomcat-embed-core-10.1.40.jar:10.1.40]
	at org.apache.catalina.core.ApplicationFilterChain.doFilter(ApplicationFilterChain.java:140) ~[tomcat-embed-core-10.1.40.jar:10.1.40]
	at org.springframework.web.filter.FormContentFilter.doFilterInternal(FormContentFilter.java:93) ~[spring-web-6.1.19.jar:6.1.19]
	at org.springframework.web.filter.OncePerRequestFilter.doFilter(OncePerRequestFilter.java:116) ~[spring-web-6.1.19.jar:6.1.19]
	at org.apache.catalina.core.ApplicationFilterChain.internalDoFilter(ApplicationFilterChain.java:164) ~[tomcat-embed-core-10.1.40.jar:10.1.40]
	at org.apache.catalina.core.ApplicationFilterChain.doFilter(ApplicationFilterChain.java:140) ~[tomcat-embed-core-10.1.40.jar:10.1.40]
	at org.springframework.web.filter.CharacterEncodingFilter.doFilterInternal(CharacterEncodingFilter.java:201) ~[spring-web-6.1.19.jar:6.1.19]
	at org.springframework.web.filter.OncePerRequestFilter.doFilter(OncePerRequestFilter.java:116) ~[spring-web-6.1.19.jar:6.1.19]
	at org.apache.catalina.core.ApplicationFilterChain.internalDoFilter(ApplicationFilterChain.java:164) ~[tomcat-embed-core-10.1.40.jar:10.1.40]
	at org.apache.catalina.core.ApplicationFilterChain.doFilter(ApplicationFilterChain.java:140) ~[tomcat-embed-core-10.1.40.jar:10.1.40]
	at org.apache.catalina.core.StandardWrapperValve.invoke(StandardWrapperValve.java:167) ~[tomcat-embed-core-10.1.40.jar:10.1.40]
	at org.apache.catalina.core.StandardContextValve.invoke(StandardContextValve.java:90) ~[tomcat-embed-core-10.1.40.jar:10.1.40]
	at org.apache.catalina.authenticator.AuthenticatorBase.invoke(AuthenticatorBase.java:483) ~[tomcat-embed-core-10.1.40.jar:10.1.40]
	at org.apache.catalina.core.StandardHostValve.invoke(StandardHostValve.java:116) ~[tomcat-embed-core-10.1.40.jar:10.1.40]
	at org.apache.catalina.valves.ErrorReportValve.invoke(ErrorReportValve.java:93) ~[tomcat-embed-core-10.1.40.jar:10.1.40]
	at org.apache.catalina.core.StandardEngineValve.invoke(StandardEngineValve.java:74) ~[tomcat-embed-core-10.1.40.jar:10.1.40]
	at org.apache.catalina.connector.CoyoteAdapter.service(CoyoteAdapter.java:344) ~[tomcat-embed-core-10.1.40.jar:10.1.40]
	at org.apache.coyote.http11.Http11Processor.service(Http11Processor.java:398) ~[tomcat-embed-core-10.1.40.jar:10.1.40]
	at org.apache.coyote.AbstractProcessorLight.process(AbstractProcessorLight.java:63) ~[tomcat-embed-core-10.1.40.jar:10.1.40]
	at org.apache.coyote.AbstractProtocol$ConnectionHandler.process(AbstractProtocol.java:903) ~[tomcat-embed-core-10.1.40.jar:10.1.40]
	at org.apache.tomcat.util.net.NioEndpoint$SocketProcessor.doRun(NioEndpoint.java:1740) ~[tomcat-embed-core-10.1.40.jar:10.1.40]
	at org.apache.tomcat.util.net.SocketProcessorBase.run(SocketProcessorBase.java:52) ~[tomcat-embed-core-10.1.40.jar:10.1.40]
	at org.apache.tomcat.util.threads.ThreadPoolExecutor.runWorker(ThreadPoolExecutor.java:1189) ~[tomcat-embed-core-10.1.40.jar:10.1.40]
	at org.apache.tomcat.util.threads.ThreadPoolExecutor$Worker.run(ThreadPoolExecutor.java:658) ~[tomcat-embed-core-10.1.40.jar:10.1.40]
	at org.apache.tomcat.util.threads.TaskThread$WrappingRunnable.run(TaskThread.java:63) ~[tomcat-embed-core-10.1.40.jar:10.1.40]
	at java.base/java.lang.Thread.run(Thread.java:1583) ~[na:na]

2025-05-01T19:05:14.689+05:45 ERROR 805344 --- [EcommerceCommon] [http-nio-8080-exec-4] org.thymeleaf.TemplateEngine             : [THYMELEAF][http-nio-8080-exec-4] Exception processing template "users": An error happened during template parsing (template: "class path resource [templates/users.html]")

org.thymeleaf.exceptions.TemplateInputException: An error happened during template parsing (template: "class path resource [templates/users.html]")
	at org.thymeleaf.templateparser.markup.AbstractMarkupTemplateParser.parse(AbstractMarkupTemplateParser.java:241) ~[thymeleaf-3.1.3.RELEASE.jar:3.1.3.RELEASE]
	at org.thymeleaf.templateparser.markup.AbstractMarkupTemplateParser.parseStandalone(AbstractMarkupTemplateParser.java:100) ~[thymeleaf-3.1.3.RELEASE.jar:3.1.3.RELEASE]
	at org.thymeleaf.engine.TemplateManager.parseAndProcess(TemplateManager.java:666) ~[thymeleaf-3.1.3.RELEASE.jar:3.1.3.RELEASE]
	at org.thymeleaf.TemplateEngine.process(TemplateEngine.java:1103) ~[thymeleaf-3.1.3.RELEASE.jar:3.1.3.RELEASE]
	at org.thymeleaf.TemplateEngine.process(TemplateEngine.java:1077) ~[thymeleaf-3.1.3.RELEASE.jar:3.1.3.RELEASE]
	at org.thymeleaf.spring6.view.ThymeleafView.renderFragment(ThymeleafView.java:372) ~[thymeleaf-spring6-3.1.3.RELEASE.jar:3.1.3.RELEASE]
	at org.thymeleaf.spring6.view.ThymeleafView.render(ThymeleafView.java:192) ~[thymeleaf-spring6-3.1.3.RELEASE.jar:3.1.3.RELEASE]
	at org.springframework.web.servlet.DispatcherServlet.render(DispatcherServlet.java:1432) ~[spring-webmvc-6.1.19.jar:6.1.19]
	at org.springframework.web.servlet.DispatcherServlet.processDispatchResult(DispatcherServlet.java:1168) ~[spring-webmvc-6.1.19.jar:6.1.19]
	at org.springframework.web.servlet.DispatcherServlet.doDispatch(DispatcherServlet.java:1106) ~[spring-webmvc-6.1.19.jar:6.1.19]
	at org.springframework.web.servlet.DispatcherServlet.doService(DispatcherServlet.java:979) ~[spring-webmvc-6.1.19.jar:6.1.19]
	at org.springframework.web.servlet.FrameworkServlet.processRequest(FrameworkServlet.java:1014) ~[spring-webmvc-6.1.19.jar:6.1.19]
	at org.springframework.web.servlet.FrameworkServlet.doGet(FrameworkServlet.java:903) ~[spring-webmvc-6.1.19.jar:6.1.19]
	at jakarta.servlet.http.HttpServlet.service(HttpServlet.java:564) ~[tomcat-embed-core-10.1.40.jar:6.0]
	at org.springframework.web.servlet.FrameworkServlet.service(FrameworkServlet.java:885) ~[spring-webmvc-6.1.19.jar:6.1.19]
	at jakarta.servlet.http.HttpServlet.service(HttpServlet.java:658) ~[tomcat-embed-core-10.1.40.jar:6.0]
	at org.apache.catalina.core.ApplicationFilterChain.internalDoFilter(ApplicationFilterChain.java:195) ~[tomcat-embed-core-10.1.40.jar:10.1.40]
	at org.apache.catalina.core.ApplicationFilterChain.doFilter(ApplicationFilterChain.java:140) ~[tomcat-embed-core-10.1.40.jar:10.1.40]
	at org.apache.tomcat.websocket.server.WsFilter.doFilter(WsFilter.java:51) ~[tomcat-embed-websocket-10.1.40.jar:10.1.40]
	at org.apache.catalina.core.ApplicationFilterChain.internalDoFilter(ApplicationFilterChain.java:164) ~[tomcat-embed-core-10.1.40.jar:10.1.40]
	at org.apache.catalina.core.ApplicationFilterChain.doFilter(ApplicationFilterChain.java:140) ~[tomcat-embed-core-10.1.40.jar:10.1.40]
	at org.springframework.web.servlet.resource.ResourceUrlEncodingFilter.doFilter(ResourceUrlEncodingFilter.java:66) ~[spring-webmvc-6.1.19.jar:6.1.19]
	at org.apache.catalina.core.ApplicationFilterChain.internalDoFilter(ApplicationFilterChain.java:164) ~[tomcat-embed-core-10.1.40.jar:10.1.40]
	at org.apache.catalina.core.ApplicationFilterChain.doFilter(ApplicationFilterChain.java:140) ~[tomcat-embed-core-10.1.40.jar:10.1.40]
	at org.springframework.web.filter.RequestContextFilter.doFilterInternal(RequestContextFilter.java:100) ~[spring-web-6.1.19.jar:6.1.19]
	at org.springframework.web.filter.OncePerRequestFilter.doFilter(OncePerRequestFilter.java:116) ~[spring-web-6.1.19.jar:6.1.19]
	at org.apache.catalina.core.ApplicationFilterChain.internalDoFilter(ApplicationFilterChain.java:164) ~[tomcat-embed-core-10.1.40.jar:10.1.40]
	at org.apache.catalina.core.ApplicationFilterChain.doFilter(ApplicationFilterChain.java:140) ~[tomcat-embed-core-10.1.40.jar:10.1.40]
	at org.springframework.web.filter.FormContentFilter.doFilterInternal(FormContentFilter.java:93) ~[spring-web-6.1.19.jar:6.1.19]
	at org.springframework.web.filter.OncePerRequestFilter.doFilter(OncePerRequestFilter.java:116) ~[spring-web-6.1.19.jar:6.1.19]
	at org.apache.catalina.core.ApplicationFilterChain.internalDoFilter(ApplicationFilterChain.java:164) ~[tomcat-embed-core-10.1.40.jar:10.1.40]
	at org.apache.catalina.core.ApplicationFilterChain.doFilter(ApplicationFilterChain.java:140) ~[tomcat-embed-core-10.1.40.jar:10.1.40]
	at org.springframework.web.filter.CharacterEncodingFilter.doFilterInternal(CharacterEncodingFilter.java:201) ~[spring-web-6.1.19.jar:6.1.19]
	at org.springframework.web.filter.OncePerRequestFilter.doFilter(OncePerRequestFilter.java:116) ~[spring-web-6.1.19.jar:6.1.19]
	at org.apache.catalina.core.ApplicationFilterChain.internalDoFilter(ApplicationFilterChain.java:164) ~[tomcat-embed-core-10.1.40.jar:10.1.40]
	at org.apache.catalina.core.ApplicationFilterChain.doFilter(ApplicationFilterChain.java:140) ~[tomcat-embed-core-10.1.40.jar:10.1.40]
	at org.apache.catalina.core.StandardWrapperValve.invoke(StandardWrapperValve.java:167) ~[tomcat-embed-core-10.1.40.jar:10.1.40]
	at org.apache.catalina.core.StandardContextValve.invoke(StandardContextValve.java:90) ~[tomcat-embed-core-10.1.40.jar:10.1.40]
	at org.apache.catalina.authenticator.AuthenticatorBase.invoke(AuthenticatorBase.java:483) ~[tomcat-embed-core-10.1.40.jar:10.1.40]
	at org.apache.catalina.core.StandardHostValve.invoke(StandardHostValve.java:116) ~[tomcat-embed-core-10.1.40.jar:10.1.40]
	at org.apache.catalina.valves.ErrorReportValve.invoke(ErrorReportValve.java:93) ~[tomcat-embed-core-10.1.40.jar:10.1.40]
	at org.apache.catalina.core.StandardEngineValve.invoke(StandardEngineValve.java:74) ~[tomcat-embed-core-10.1.40.jar:10.1.40]
	at org.apache.catalina.connector.CoyoteAdapter.service(CoyoteAdapter.java:344) ~[tomcat-embed-core-10.1.40.jar:10.1.40]
	at org.apache.coyote.http11.Http11Processor.service(Http11Processor.java:398) ~[tomcat-embed-core-10.1.40.jar:10.1.40]
	at org.apache.coyote.AbstractProcessorLight.process(AbstractProcessorLight.java:63) ~[tomcat-embed-core-10.1.40.jar:10.1.40]
	at org.apache.coyote.AbstractProtocol$ConnectionHandler.process(AbstractProtocol.java:903) ~[tomcat-embed-core-10.1.40.jar:10.1.40]
	at org.apache.tomcat.util.net.NioEndpoint$SocketProcessor.doRun(NioEndpoint.java:1740) ~[tomcat-embed-core-10.1.40.jar:10.1.40]
	at org.apache.tomcat.util.net.SocketProcessorBase.run(SocketProcessorBase.java:52) ~[tomcat-embed-core-10.1.40.jar:10.1.40]
	at org.apache.tomcat.util.threads.ThreadPoolExecutor.runWorker(ThreadPoolExecutor.java:1189) ~[tomcat-embed-core-10.1.40.jar:10.1.40]
	at org.apache.tomcat.util.threads.ThreadPoolExecutor$Worker.run(ThreadPoolExecutor.java:658) ~[tomcat-embed-core-10.1.40.jar:10.1.40]
	at org.apache.tomcat.util.threads.TaskThread$WrappingRunnable.run(TaskThread.java:63) ~[tomcat-embed-core-10.1.40.jar:10.1.40]
	at java.base/java.lang.Thread.run(Thread.java:1583) ~[na:na]
Caused by: org.attoparser.ParseException: Exception evaluating SpringEL expression: "user.roles[1]" (template: "users" - line 62, col 23)
	at org.attoparser.MarkupParser.parseDocument(MarkupParser.java:393) ~[attoparser-2.0.7.RELEASE.jar:2.0.7.RELEASE]
	at org.attoparser.MarkupParser.parse(MarkupParser.java:257) ~[attoparser-2.0.7.RELEASE.jar:2.0.7.RELEASE]
	at org.thymeleaf.templateparser.markup.AbstractMarkupTemplateParser.parse(AbstractMarkupTemplateParser.java:230) ~[thymeleaf-3.1.3.RELEASE.jar:3.1.3.RELEASE]
	... 51 common frames omitted
Caused by: org.thymeleaf.exceptions.TemplateProcessingException: Exception evaluating SpringEL expression: "user.roles[1]" (template: "users" - line 62, col 23)
	at org.thymeleaf.spring6.expression.SPELVariableExpressionEvaluator.evaluate(SPELVariableExpressionEvaluator.java:292) ~[thymeleaf-spring6-3.1.3.RELEASE.jar:3.1.3.RELEASE]
	at org.thymeleaf.standard.expression.VariableExpression.executeVariableExpression(VariableExpression.java:166) ~[thymeleaf-3.1.3.RELEASE.jar:3.1.3.RELEASE]
	at org.thymeleaf.standard.expression.SimpleExpression.executeSimple(SimpleExpression.java:66) ~[thymeleaf-3.1.3.RELEASE.jar:3.1.3.RELEASE]
	at org.thymeleaf.standard.expression.Expression.execute(Expression.java:109) ~[thymeleaf-3.1.3.RELEASE.jar:3.1.3.RELEASE]
	at org.thymeleaf.standard.expression.Expression.execute(Expression.java:138) ~[thymeleaf-3.1.3.RELEASE.jar:3.1.3.RELEASE]
	at org.thymeleaf.standard.processor.AbstractStandardExpressionAttributeTagProcessor.doProcess(AbstractStandardExpressionAttributeTagProcessor.java:144) ~[thymeleaf-3.1.3.RELEASE.jar:3.1.3.RELEASE]
	at org.thymeleaf.processor.element.AbstractAttributeTagProcessor.doProcess(AbstractAttributeTagProcessor.java:74) ~[thymeleaf-3.1.3.RELEASE.jar:3.1.3.RELEASE]
	at org.thymeleaf.processor.element.AbstractElementTagProcessor.process(AbstractElementTagProcessor.java:95) ~[thymeleaf-3.1.3.RELEASE.jar:3.1.3.RELEASE]
	at org.thymeleaf.util.ProcessorConfigurationUtils$ElementTagProcessorWrapper.process(ProcessorConfigurationUtils.java:633) ~[thymeleaf-3.1.3.RELEASE.jar:3.1.3.RELEASE]
	at org.thymeleaf.engine.ProcessorTemplateHandler.handleOpenElement(ProcessorTemplateHandler.java:1314) ~[thymeleaf-3.1.3.RELEASE.jar:3.1.3.RELEASE]
	at org.thymeleaf.engine.OpenElementTag.beHandled(OpenElementTag.java:205) ~[thymeleaf-3.1.3.RELEASE.jar:3.1.3.RELEASE]
	at org.thymeleaf.engine.Model.process(Model.java:282) ~[thymeleaf-3.1.3.RELEASE.jar:3.1.3.RELEASE]
	at org.thymeleaf.engine.Model.process(Model.java:290) ~[thymeleaf-3.1.3.RELEASE.jar:3.1.3.RELEASE]
	at org.thymeleaf.engine.IteratedGatheringModelProcessable.processIterationModel(IteratedGatheringModelProcessable.java:368) ~[thymeleaf-3.1.3.RELEASE.jar:3.1.3.RELEASE]
	at org.thymeleaf.engine.IteratedGatheringModelProcessable.process(IteratedGatheringModelProcessable.java:222) ~[thymeleaf-3.1.3.RELEASE.jar:3.1.3.RELEASE]
	at org.thymeleaf.engine.ProcessorTemplateHandler.handleCloseElement(ProcessorTemplateHandler.java:1640) ~[thymeleaf-3.1.3.RELEASE.jar:3.1.3.RELEASE]
	at org.thymeleaf.engine.TemplateHandlerAdapterMarkupHandler.handleCloseElementEnd(TemplateHandlerAdapterMarkupHandler.java:388) ~[thymeleaf-3.1.3.RELEASE.jar:3.1.3.RELEASE]
	at org.thymeleaf.templateparser.markup.InlinedOutputExpressionMarkupHandler$InlineMarkupAdapterPreProcessorHandler.handleCloseElementEnd(InlinedOutputExpressionMarkupHandler.java:322) ~[thymeleaf-3.1.3.RELEASE.jar:3.1.3.RELEASE]
	at org.thymeleaf.standard.inline.OutputExpressionInlinePreProcessorHandler.handleCloseElementEnd(OutputExpressionInlinePreProcessorHandler.java:220) ~[thymeleaf-3.1.3.RELEASE.jar:3.1.3.RELEASE]
	at org.thymeleaf.templateparser.markup.InlinedOutputExpressionMarkupHandler.handleCloseElementEnd(InlinedOutputExpressionMarkupHandler.java:164) ~[thymeleaf-3.1.3.RELEASE.jar:3.1.3.RELEASE]
	at org.attoparser.HtmlElement.handleCloseElementEnd(HtmlElement.java:169) ~[attoparser-2.0.7.RELEASE.jar:2.0.7.RELEASE]
	at org.attoparser.HtmlMarkupHandler.handleCloseElementEnd(HtmlMarkupHandler.java:412) ~[attoparser-2.0.7.RELEASE.jar:2.0.7.RELEASE]
	at org.attoparser.MarkupEventProcessorHandler.handleCloseElementEnd(MarkupEventProcessorHandler.java:473) ~[attoparser-2.0.7.RELEASE.jar:2.0.7.RELEASE]
	at org.attoparser.ParsingElementMarkupUtil.parseCloseElement(ParsingElementMarkupUtil.java:201) ~[attoparser-2.0.7.RELEASE.jar:2.0.7.RELEASE]
	at org.attoparser.MarkupParser.parseBuffer(MarkupParser.java:725) ~[attoparser-2.0.7.RELEASE.jar:2.0.7.RELEASE]
	at org.attoparser.MarkupParser.parseDocument(MarkupParser.java:301) ~[attoparser-2.0.7.RELEASE.jar:2.0.7.RELEASE]
	... 53 common frames omitted
Caused by: org.springframework.expression.spel.SpelEvaluationException: EL1025E: The collection has '1' elements, index '1' is invalid
	at org.springframework.expression.spel.ast.Indexer$CollectionIndexingValueRef.growCollectionIfNecessary(Indexer.java:708) ~[spring-expression-6.1.19.jar:6.1.19]
	at org.springframework.expression.spel.ast.Indexer$CollectionIndexingValueRef.getValue(Indexer.java:672) ~[spring-expression-6.1.19.jar:6.1.19]
	at org.springframework.expression.spel.ast.CompoundExpression.getValueInternal(CompoundExpression.java:97) ~[spring-expression-6.1.19.jar:6.1.19]
	at org.springframework.expression.spel.ast.SpelNodeImpl.getValue(SpelNodeImpl.java:114) ~[spring-expression-6.1.19.jar:6.1.19]
	at org.springframework.expression.spel.standard.SpelExpression.getValue(SpelExpression.java:338) ~[spring-expression-6.1.19.jar:6.1.19]
	at org.thymeleaf.spring6.expression.SPELVariableExpressionEvaluator.evaluate(SPELVariableExpressionEvaluator.java:265) ~[thymeleaf-spring6-3.1.3.RELEASE.jar:3.1.3.RELEASE]
	... 78 common frames omitted

2025-05-01T19:05:14.691+05:45 ERROR 805344 --- [EcommerceCommon] [http-nio-8080-exec-4] o.a.c.c.C.[.[.[.[dispatcherServlet]      : Servlet.service() for servlet [dispatcherServlet] in context with path [/admin] threw exception [Request processing failed: org.thymeleaf.exceptions.TemplateInputException: An error happened during template parsing (template: "class path resource [templates/users.html]")] with root cause

org.springframework.expression.spel.SpelEvaluationException: EL1025E: The collection has '1' elements, index '1' is invalid
	at org.springframework.expression.spel.ast.Indexer$CollectionIndexingValueRef.growCollectionIfNecessary(Indexer.java:708) ~[spring-expression-6.1.19.jar:6.1.19]
	at org.springframework.expression.spel.ast.Indexer$CollectionIndexingValueRef.getValue(Indexer.java:672) ~[spring-expression-6.1.19.jar:6.1.19]
	at org.springframework.expression.spel.ast.CompoundExpression.getValueInternal(CompoundExpression.java:97) ~[spring-expression-6.1.19.jar:6.1.19]
	at org.springframework.expression.spel.ast.SpelNodeImpl.getValue(SpelNodeImpl.java:114) ~[spring-expression-6.1.19.jar:6.1.19]
	at org.springframework.expression.spel.standard.SpelExpression.getValue(SpelExpression.java:338) ~[spring-expression-6.1.19.jar:6.1.19]
	at org.thymeleaf.spring6.expression.SPELVariableExpressionEvaluator.evaluate(SPELVariableExpressionEvaluator.java:265) ~[thymeleaf-spring6-3.1.3.RELEASE.jar:3.1.3.RELEASE]
	at org.thymeleaf.standard.expression.VariableExpression.executeVariableExpression(VariableExpression.java:166) ~[thymeleaf-3.1.3.RELEASE.jar:3.1.3.RELEASE]
	at org.thymeleaf.standard.expression.SimpleExpression.executeSimple(SimpleExpression.java:66) ~[thymeleaf-3.1.3.RELEASE.jar:3.1.3.RELEASE]
	at org.thymeleaf.standard.expression.Expression.execute(Expression.java:109) ~[thymeleaf-3.1.3.RELEASE.jar:3.1.3.RELEASE]
	at org.thymeleaf.standard.expression.Expression.execute(Expression.java:138) ~[thymeleaf-3.1.3.RELEASE.jar:3.1.3.RELEASE]
	at org.thymeleaf.standard.processor.AbstractStandardExpressionAttributeTagProcessor.doProcess(AbstractStandardExpressionAttributeTagProcessor.java:144) ~[thymeleaf-3.1.3.RELEASE.jar:3.1.3.RELEASE]
	at org.thymeleaf.processor.element.AbstractAttributeTagProcessor.doProcess(AbstractAttributeTagProcessor.java:74) ~[thymeleaf-3.1.3.RELEASE.jar:3.1.3.RELEASE]
	at org.thymeleaf.processor.element.AbstractElementTagProcessor.process(AbstractElementTagProcessor.java:95) ~[thymeleaf-3.1.3.RELEASE.jar:3.1.3.RELEASE]
	at org.thymeleaf.util.ProcessorConfigurationUtils$ElementTagProcessorWrapper.process(ProcessorConfigurationUtils.java:633) ~[thymeleaf-3.1.3.RELEASE.jar:3.1.3.RELEASE]
	at org.thymeleaf.engine.ProcessorTemplateHandler.handleOpenElement(ProcessorTemplateHandler.java:1314) ~[thymeleaf-3.1.3.RELEASE.jar:3.1.3.RELEASE]
	at org.thymeleaf.engine.OpenElementTag.beHandled(OpenElementTag.java:205) ~[thymeleaf-3.1.3.RELEASE.jar:3.1.3.RELEASE]
	at org.thymeleaf.engine.Model.process(Model.java:282) ~[thymeleaf-3.1.3.RELEASE.jar:3.1.3.RELEASE]
	at org.thymeleaf.engine.Model.process(Model.java:290) ~[thymeleaf-3.1.3.RELEASE.jar:3.1.3.RELEASE]
	at org.thymeleaf.engine.IteratedGatheringModelProcessable.processIterationModel(IteratedGatheringModelProcessable.java:368) ~[thymeleaf-3.1.3.RELEASE.jar:3.1.3.RELEASE]
	at org.thymeleaf.engine.IteratedGatheringModelProcessable.process(IteratedGatheringModelProcessable.java:222) ~[thymeleaf-3.1.3.RELEASE.jar:3.1.3.RELEASE]
	at org.thymeleaf.engine.ProcessorTemplateHandler.handleCloseElement(ProcessorTemplateHandler.java:1640) ~[thymeleaf-3.1.3.RELEASE.jar:3.1.3.RELEASE]
	at org.thymeleaf.engine.TemplateHandlerAdapterMarkupHandler.handleCloseElementEnd(TemplateHandlerAdapterMarkupHandler.java:388) ~[thymeleaf-3.1.3.RELEASE.jar:3.1.3.RELEASE]
	at org.thymeleaf.templateparser.markup.InlinedOutputExpressionMarkupHandler$InlineMarkupAdapterPreProcessorHandler.handleCloseElementEnd(InlinedOutputExpressionMarkupHandler.java:322) ~[thymeleaf-3.1.3.RELEASE.jar:3.1.3.RELEASE]
	at org.thymeleaf.standard.inline.OutputExpressionInlinePreProcessorHandler.handleCloseElementEnd(OutputExpressionInlinePreProcessorHandler.java:220) ~[thymeleaf-3.1.3.RELEASE.jar:3.1.3.RELEASE]
	at org.thymeleaf.templateparser.markup.InlinedOutputExpressionMarkupHandler.handleCloseElementEnd(InlinedOutputExpressionMarkupHandler.java:164) ~[thymeleaf-3.1.3.RELEASE.jar:3.1.3.RELEASE]
	at org.attoparser.HtmlElement.handleCloseElementEnd(HtmlElement.java:169) ~[attoparser-2.0.7.RELEASE.jar:2.0.7.RELEASE]
	at org.attoparser.HtmlMarkupHandler.handleCloseElementEnd(HtmlMarkupHandler.java:412) ~[attoparser-2.0.7.RELEASE.jar:2.0.7.RELEASE]
	at org.attoparser.MarkupEventProcessorHandler.handleCloseElementEnd(MarkupEventProcessorHandler.java:473) ~[attoparser-2.0.7.RELEASE.jar:2.0.7.RELEASE]
	at org.attoparser.ParsingElementMarkupUtil.parseCloseElement(ParsingElementMarkupUtil.java:201) ~[attoparser-2.0.7.RELEASE.jar:2.0.7.RELEASE]
	at org.attoparser.MarkupParser.parseBuffer(MarkupParser.java:725) ~[attoparser-2.0.7.RELEASE.jar:2.0.7.RELEASE]
	at org.attoparser.MarkupParser.parseDocument(MarkupParser.java:301) ~[attoparser-2.0.7.RELEASE.jar:2.0.7.RELEASE]
	at org.attoparser.MarkupParser.parse(MarkupParser.java:257) ~[attoparser-2.0.7.RELEASE.jar:2.0.7.RELEASE]
	at org.thymeleaf.templateparser.markup.AbstractMarkupTemplateParser.parse(AbstractMarkupTemplateParser.java:230) ~[thymeleaf-3.1.3.RELEASE.jar:3.1.3.RELEASE]
	at org.thymeleaf.templateparser.markup.AbstractMarkupTemplateParser.parseStandalone(AbstractMarkupTemplateParser.java:100) ~[thymeleaf-3.1.3.RELEASE.jar:3.1.3.RELEASE]
	at org.thymeleaf.engine.TemplateManager.parseAndProcess(TemplateManager.java:666) ~[thymeleaf-3.1.3.RELEASE.jar:3.1.3.RELEASE]
	at org.thymeleaf.TemplateEngine.process(TemplateEngine.java:1103) ~[thymeleaf-3.1.3.RELEASE.jar:3.1.3.RELEASE]
	at org.thymeleaf.TemplateEngine.process(TemplateEngine.java:1077) ~[thymeleaf-3.1.3.RELEASE.jar:3.1.3.RELEASE]
	at org.thymeleaf.spring6.view.ThymeleafView.renderFragment(ThymeleafView.java:372) ~[thymeleaf-spring6-3.1.3.RELEASE.jar:3.1.3.RELEASE]
	at org.thymeleaf.spring6.view.ThymeleafView.render(ThymeleafView.java:192) ~[thymeleaf-spring6-3.1.3.RELEASE.jar:3.1.3.RELEASE]
	at org.springframework.web.servlet.DispatcherServlet.render(DispatcherServlet.java:1432) ~[spring-webmvc-6.1.19.jar:6.1.19]
	at org.springframework.web.servlet.DispatcherServlet.processDispatchResult(DispatcherServlet.java:1168) ~[spring-webmvc-6.1.19.jar:6.1.19]
	at org.springframework.web.servlet.DispatcherServlet.doDispatch(DispatcherServlet.java:1106) ~[spring-webmvc-6.1.19.jar:6.1.19]
	at org.springframework.web.servlet.DispatcherServlet.doService(DispatcherServlet.java:979) ~[spring-webmvc-6.1.19.jar:6.1.19]
	at org.springframework.web.servlet.FrameworkServlet.processRequest(FrameworkServlet.java:1014) ~[spring-webmvc-6.1.19.jar:6.1.19]
	at org.springframework.web.servlet.FrameworkServlet.doGet(FrameworkServlet.java:903) ~[spring-webmvc-6.1.19.jar:6.1.19]
	at jakarta.servlet.http.HttpServlet.service(HttpServlet.java:564) ~[tomcat-embed-core-10.1.40.jar:6.0]
	at org.springframework.web.servlet.FrameworkServlet.service(FrameworkServlet.java:885) ~[spring-webmvc-6.1.19.jar:6.1.19]
	at jakarta.servlet.http.HttpServlet.service(HttpServlet.java:658) ~[tomcat-embed-core-10.1.40.jar:6.0]
	at org.apache.catalina.core.ApplicationFilterChain.internalDoFilter(ApplicationFilterChain.java:195) ~[tomcat-embed-core-10.1.40.jar:10.1.40]
	at org.apache.catalina.core.ApplicationFilterChain.doFilter(ApplicationFilterChain.java:140) ~[tomcat-embed-core-10.1.40.jar:10.1.40]
	at org.apache.tomcat.websocket.server.WsFilter.doFilter(WsFilter.java:51) ~[tomcat-embed-websocket-10.1.40.jar:10.1.40]
	at org.apache.catalina.core.ApplicationFilterChain.internalDoFilter(ApplicationFilterChain.java:164) ~[tomcat-embed-core-10.1.40.jar:10.1.40]
	at org.apache.catalina.core.ApplicationFilterChain.doFilter(ApplicationFilterChain.java:140) ~[tomcat-embed-core-10.1.40.jar:10.1.40]
	at org.springframework.web.servlet.resource.ResourceUrlEncodingFilter.doFilter(ResourceUrlEncodingFilter.java:66) ~[spring-webmvc-6.1.19.jar:6.1.19]
	at org.apache.catalina.core.ApplicationFilterChain.internalDoFilter(ApplicationFilterChain.java:164) ~[tomcat-embed-core-10.1.40.jar:10.1.40]
	at org.apache.catalina.core.ApplicationFilterChain.doFilter(ApplicationFilterChain.java:140) ~[tomcat-embed-core-10.1.40.jar:10.1.40]
	at org.springframework.web.filter.RequestContextFilter.doFilterInternal(RequestContextFilter.java:100) ~[spring-web-6.1.19.jar:6.1.19]
	at org.springframework.web.filter.OncePerRequestFilter.doFilter(OncePerRequestFilter.java:116) ~[spring-web-6.1.19.jar:6.1.19]
	at org.apache.catalina.core.ApplicationFilterChain.internalDoFilter(ApplicationFilterChain.java:164) ~[tomcat-embed-core-10.1.40.jar:10.1.40]
	at org.apache.catalina.core.ApplicationFilterChain.doFilter(ApplicationFilterChain.java:140) ~[tomcat-embed-core-10.1.40.jar:10.1.40]
	at org.springframework.web.filter.FormContentFilter.doFilterInternal(FormContentFilter.java:93) ~[spring-web-6.1.19.jar:6.1.19]
	at org.springframework.web.filter.OncePerRequestFilter.doFilter(OncePerRequestFilter.java:116) ~[spring-web-6.1.19.jar:6.1.19]
	at org.apache.catalina.core.ApplicationFilterChain.internalDoFilter(ApplicationFilterChain.java:164) ~[tomcat-embed-core-10.1.40.jar:10.1.40]
	at org.apache.catalina.core.ApplicationFilterChain.doFilter(ApplicationFilterChain.java:140) ~[tomcat-embed-core-10.1.40.jar:10.1.40]
	at org.springframework.web.filter.CharacterEncodingFilter.doFilterInternal(CharacterEncodingFilter.java:201) ~[spring-web-6.1.19.jar:6.1.19]
	at org.springframework.web.filter.OncePerRequestFilter.doFilter(OncePerRequestFilter.java:116) ~[spring-web-6.1.19.jar:6.1.19]
	at org.apache.catalina.core.ApplicationFilterChain.internalDoFilter(ApplicationFilterChain.java:164) ~[tomcat-embed-core-10.1.40.jar:10.1.40]
	at org.apache.catalina.core.ApplicationFilterChain.doFilter(ApplicationFilterChain.java:140) ~[tomcat-embed-core-10.1.40.jar:10.1.40]
	at org.apache.catalina.core.StandardWrapperValve.invoke(StandardWrapperValve.java:167) ~[tomcat-embed-core-10.1.40.jar:10.1.40]
	at org.apache.catalina.core.StandardContextValve.invoke(StandardContextValve.java:90) ~[tomcat-embed-core-10.1.40.jar:10.1.40]
	at org.apache.catalina.authenticator.AuthenticatorBase.invoke(AuthenticatorBase.java:483) ~[tomcat-embed-core-10.1.40.jar:10.1.40]
	at org.apache.catalina.core.StandardHostValve.invoke(StandardHostValve.java:116) ~[tomcat-embed-core-10.1.40.jar:10.1.40]
	at org.apache.catalina.valves.ErrorReportValve.invoke(ErrorReportValve.java:93) ~[tomcat-embed-core-10.1.40.jar:10.1.40]
	at org.apache.catalina.core.StandardEngineValve.invoke(StandardEngineValve.java:74) ~[tomcat-embed-core-10.1.40.jar:10.1.40]
	at org.apache.catalina.connector.CoyoteAdapter.service(CoyoteAdapter.java:344) ~[tomcat-embed-core-10.1.40.jar:10.1.40]
	at org.apache.coyote.http11.Http11Processor.service(Http11Processor.java:398) ~[tomcat-embed-core-10.1.40.jar:10.1.40]
	at org.apache.coyote.AbstractProcessorLight.process(AbstractProcessorLight.java:63) ~[tomcat-embed-core-10.1.40.jar:10.1.40]
	at org.apache.coyote.AbstractProtocol$ConnectionHandler.process(AbstractProtocol.java:903) ~[tomcat-embed-core-10.1.40.jar:10.1.40]
	at org.apache.tomcat.util.net.NioEndpoint$SocketProcessor.doRun(NioEndpoint.java:1740) ~[tomcat-embed-core-10.1.40.jar:10.1.40]
	at org.apache.tomcat.util.net.SocketProcessorBase.run(SocketProcessorBase.java:52) ~[tomcat-embed-core-10.1.40.jar:10.1.40]
	at org.apache.tomcat.util.threads.ThreadPoolExecutor.runWorker(ThreadPoolExecutor.java:1189) ~[tomcat-embed-core-10.1.40.jar:10.1.40]
	at org.apache.tomcat.util.threads.ThreadPoolExecutor$Worker.run(ThreadPoolExecutor.java:658) ~[tomcat-embed-core-10.1.40.jar:10.1.40]
	at org.apache.tomcat.util.threads.TaskThread$WrappingRunnable.run(TaskThread.java:63) ~[tomcat-embed-core-10.1.40.jar:10.1.40]
	at java.base/java.lang.Thread.run(Thread.java:1583) ~[na:na]

2025-05-01T19:05:48.510+05:45 ERROR 805344 --- [EcommerceCommon] [http-nio-8080-exec-6] org.thymeleaf.TemplateEngine             : [THYMELEAF][http-nio-8080-exec-6] Exception processing template "users": An error happened during template parsing (template: "class path resource [templates/users.html]")

org.thymeleaf.exceptions.TemplateInputException: An error happened during template parsing (template: "class path resource [templates/users.html]")
	at org.thymeleaf.templateparser.markup.AbstractMarkupTemplateParser.parse(AbstractMarkupTemplateParser.java:241) ~[thymeleaf-3.1.3.RELEASE.jar:3.1.3.RELEASE]
	at org.thymeleaf.templateparser.markup.AbstractMarkupTemplateParser.parseStandalone(AbstractMarkupTemplateParser.java:100) ~[thymeleaf-3.1.3.RELEASE.jar:3.1.3.RELEASE]
	at org.thymeleaf.engine.TemplateManager.parseAndProcess(TemplateManager.java:666) ~[thymeleaf-3.1.3.RELEASE.jar:3.1.3.RELEASE]
	at org.thymeleaf.TemplateEngine.process(TemplateEngine.java:1103) ~[thymeleaf-3.1.3.RELEASE.jar:3.1.3.RELEASE]
	at org.thymeleaf.TemplateEngine.process(TemplateEngine.java:1077) ~[thymeleaf-3.1.3.RELEASE.jar:3.1.3.RELEASE]
	at org.thymeleaf.spring6.view.ThymeleafView.renderFragment(ThymeleafView.java:372) ~[thymeleaf-spring6-3.1.3.RELEASE.jar:3.1.3.RELEASE]
	at org.thymeleaf.spring6.view.ThymeleafView.render(ThymeleafView.java:192) ~[thymeleaf-spring6-3.1.3.RELEASE.jar:3.1.3.RELEASE]
	at org.springframework.web.servlet.DispatcherServlet.render(DispatcherServlet.java:1432) ~[spring-webmvc-6.1.19.jar:6.1.19]
	at org.springframework.web.servlet.DispatcherServlet.processDispatchResult(DispatcherServlet.java:1168) ~[spring-webmvc-6.1.19.jar:6.1.19]
	at org.springframework.web.servlet.DispatcherServlet.doDispatch(DispatcherServlet.java:1106) ~[spring-webmvc-6.1.19.jar:6.1.19]
	at org.springframework.web.servlet.DispatcherServlet.doService(DispatcherServlet.java:979) ~[spring-webmvc-6.1.19.jar:6.1.19]
	at org.springframework.web.servlet.FrameworkServlet.processRequest(FrameworkServlet.java:1014) ~[spring-webmvc-6.1.19.jar:6.1.19]
	at org.springframework.web.servlet.FrameworkServlet.doGet(FrameworkServlet.java:903) ~[spring-webmvc-6.1.19.jar:6.1.19]
	at jakarta.servlet.http.HttpServlet.service(HttpServlet.java:564) ~[tomcat-embed-core-10.1.40.jar:6.0]
	at org.springframework.web.servlet.FrameworkServlet.service(FrameworkServlet.java:885) ~[spring-webmvc-6.1.19.jar:6.1.19]
	at jakarta.servlet.http.HttpServlet.service(HttpServlet.java:658) ~[tomcat-embed-core-10.1.40.jar:6.0]
	at org.apache.catalina.core.ApplicationFilterChain.internalDoFilter(ApplicationFilterChain.java:195) ~[tomcat-embed-core-10.1.40.jar:10.1.40]
	at org.apache.catalina.core.ApplicationFilterChain.doFilter(ApplicationFilterChain.java:140) ~[tomcat-embed-core-10.1.40.jar:10.1.40]
	at org.apache.tomcat.websocket.server.WsFilter.doFilter(WsFilter.java:51) ~[tomcat-embed-websocket-10.1.40.jar:10.1.40]
	at org.apache.catalina.core.ApplicationFilterChain.internalDoFilter(ApplicationFilterChain.java:164) ~[tomcat-embed-core-10.1.40.jar:10.1.40]
	at org.apache.catalina.core.ApplicationFilterChain.doFilter(ApplicationFilterChain.java:140) ~[tomcat-embed-core-10.1.40.jar:10.1.40]
	at org.springframework.web.servlet.resource.ResourceUrlEncodingFilter.doFilter(ResourceUrlEncodingFilter.java:66) ~[spring-webmvc-6.1.19.jar:6.1.19]
	at org.apache.catalina.core.ApplicationFilterChain.internalDoFilter(ApplicationFilterChain.java:164) ~[tomcat-embed-core-10.1.40.jar:10.1.40]
	at org.apache.catalina.core.ApplicationFilterChain.doFilter(ApplicationFilterChain.java:140) ~[tomcat-embed-core-10.1.40.jar:10.1.40]
	at org.springframework.web.filter.RequestContextFilter.doFilterInternal(RequestContextFilter.java:100) ~[spring-web-6.1.19.jar:6.1.19]
	at org.springframework.web.filter.OncePerRequestFilter.doFilter(OncePerRequestFilter.java:116) ~[spring-web-6.1.19.jar:6.1.19]
	at org.apache.catalina.core.ApplicationFilterChain.internalDoFilter(ApplicationFilterChain.java:164) ~[tomcat-embed-core-10.1.40.jar:10.1.40]
	at org.apache.catalina.core.ApplicationFilterChain.doFilter(ApplicationFilterChain.java:140) ~[tomcat-embed-core-10.1.40.jar:10.1.40]
	at org.springframework.web.filter.FormContentFilter.doFilterInternal(FormContentFilter.java:93) ~[spring-web-6.1.19.jar:6.1.19]
	at org.springframework.web.filter.OncePerRequestFilter.doFilter(OncePerRequestFilter.java:116) ~[spring-web-6.1.19.jar:6.1.19]
	at org.apache.catalina.core.ApplicationFilterChain.internalDoFilter(ApplicationFilterChain.java:164) ~[tomcat-embed-core-10.1.40.jar:10.1.40]
	at org.apache.catalina.core.ApplicationFilterChain.doFilter(ApplicationFilterChain.java:140) ~[tomcat-embed-core-10.1.40.jar:10.1.40]
	at org.springframework.web.filter.CharacterEncodingFilter.doFilterInternal(CharacterEncodingFilter.java:201) ~[spring-web-6.1.19.jar:6.1.19]
	at org.springframework.web.filter.OncePerRequestFilter.doFilter(OncePerRequestFilter.java:116) ~[spring-web-6.1.19.jar:6.1.19]
	at org.apache.catalina.core.ApplicationFilterChain.internalDoFilter(ApplicationFilterChain.java:164) ~[tomcat-embed-core-10.1.40.jar:10.1.40]
	at org.apache.catalina.core.ApplicationFilterChain.doFilter(ApplicationFilterChain.java:140) ~[tomcat-embed-core-10.1.40.jar:10.1.40]
	at org.apache.catalina.core.StandardWrapperValve.invoke(StandardWrapperValve.java:167) ~[tomcat-embed-core-10.1.40.jar:10.1.40]
	at org.apache.catalina.core.StandardContextValve.invoke(StandardContextValve.java:90) ~[tomcat-embed-core-10.1.40.jar:10.1.40]
	at org.apache.catalina.authenticator.AuthenticatorBase.invoke(AuthenticatorBase.java:483) ~[tomcat-embed-core-10.1.40.jar:10.1.40]
	at org.apache.catalina.core.StandardHostValve.invoke(StandardHostValve.java:116) ~[tomcat-embed-core-10.1.40.jar:10.1.40]
	at org.apache.catalina.valves.ErrorReportValve.invoke(ErrorReportValve.java:93) ~[tomcat-embed-core-10.1.40.jar:10.1.40]
	at org.apache.catalina.core.StandardEngineValve.invoke(StandardEngineValve.java:74) ~[tomcat-embed-core-10.1.40.jar:10.1.40]
	at org.apache.catalina.connector.CoyoteAdapter.service(CoyoteAdapter.java:344) ~[tomcat-embed-core-10.1.40.jar:10.1.40]
	at org.apache.coyote.http11.Http11Processor.service(Http11Processor.java:398) ~[tomcat-embed-core-10.1.40.jar:10.1.40]
	at org.apache.coyote.AbstractProcessorLight.process(AbstractProcessorLight.java:63) ~[tomcat-embed-core-10.1.40.jar:10.1.40]
	at org.apache.coyote.AbstractProtocol$ConnectionHandler.process(AbstractProtocol.java:903) ~[tomcat-embed-core-10.1.40.jar:10.1.40]
	at org.apache.tomcat.util.net.NioEndpoint$SocketProcessor.doRun(NioEndpoint.java:1740) ~[tomcat-embed-core-10.1.40.jar:10.1.40]
	at org.apache.tomcat.util.net.SocketProcessorBase.run(SocketProcessorBase.java:52) ~[tomcat-embed-core-10.1.40.jar:10.1.40]
	at org.apache.tomcat.util.threads.ThreadPoolExecutor.runWorker(ThreadPoolExecutor.java:1189) ~[tomcat-embed-core-10.1.40.jar:10.1.40]
	at org.apache.tomcat.util.threads.ThreadPoolExecutor$Worker.run(ThreadPoolExecutor.java:658) ~[tomcat-embed-core-10.1.40.jar:10.1.40]
	at org.apache.tomcat.util.threads.TaskThread$WrappingRunnable.run(TaskThread.java:63) ~[tomcat-embed-core-10.1.40.jar:10.1.40]
	at java.base/java.lang.Thread.run(Thread.java:1583) ~[na:na]
Caused by: org.attoparser.ParseException: Exception evaluating SpringEL expression: "user.roles.getName()" (template: "users" - line 62, col 23)
	at org.attoparser.MarkupParser.parseDocument(MarkupParser.java:393) ~[attoparser-2.0.7.RELEASE.jar:2.0.7.RELEASE]
	at org.attoparser.MarkupParser.parse(MarkupParser.java:257) ~[attoparser-2.0.7.RELEASE.jar:2.0.7.RELEASE]
	at org.thymeleaf.templateparser.markup.AbstractMarkupTemplateParser.parse(AbstractMarkupTemplateParser.java:230) ~[thymeleaf-3.1.3.RELEASE.jar:3.1.3.RELEASE]
	... 51 common frames omitted
Caused by: org.thymeleaf.exceptions.TemplateProcessingException: Exception evaluating SpringEL expression: "user.roles.getName()" (template: "users" - line 62, col 23)
	at org.thymeleaf.spring6.expression.SPELVariableExpressionEvaluator.evaluate(SPELVariableExpressionEvaluator.java:292) ~[thymeleaf-spring6-3.1.3.RELEASE.jar:3.1.3.RELEASE]
	at org.thymeleaf.standard.expression.VariableExpression.executeVariableExpression(VariableExpression.java:166) ~[thymeleaf-3.1.3.RELEASE.jar:3.1.3.RELEASE]
	at org.thymeleaf.standard.expression.SimpleExpression.executeSimple(SimpleExpression.java:66) ~[thymeleaf-3.1.3.RELEASE.jar:3.1.3.RELEASE]
	at org.thymeleaf.standard.expression.Expression.execute(Expression.java:109) ~[thymeleaf-3.1.3.RELEASE.jar:3.1.3.RELEASE]
	at org.thymeleaf.standard.expression.Expression.execute(Expression.java:138) ~[thymeleaf-3.1.3.RELEASE.jar:3.1.3.RELEASE]
	at org.thymeleaf.standard.processor.AbstractStandardExpressionAttributeTagProcessor.doProcess(AbstractStandardExpressionAttributeTagProcessor.java:144) ~[thymeleaf-3.1.3.RELEASE.jar:3.1.3.RELEASE]
	at org.thymeleaf.processor.element.AbstractAttributeTagProcessor.doProcess(AbstractAttributeTagProcessor.java:74) ~[thymeleaf-3.1.3.RELEASE.jar:3.1.3.RELEASE]
	at org.thymeleaf.processor.element.AbstractElementTagProcessor.process(AbstractElementTagProcessor.java:95) ~[thymeleaf-3.1.3.RELEASE.jar:3.1.3.RELEASE]
	at org.thymeleaf.util.ProcessorConfigurationUtils$ElementTagProcessorWrapper.process(ProcessorConfigurationUtils.java:633) ~[thymeleaf-3.1.3.RELEASE.jar:3.1.3.RELEASE]
	at org.thymeleaf.engine.ProcessorTemplateHandler.handleOpenElement(ProcessorTemplateHandler.java:1314) ~[thymeleaf-3.1.3.RELEASE.jar:3.1.3.RELEASE]
	at org.thymeleaf.engine.OpenElementTag.beHandled(OpenElementTag.java:205) ~[thymeleaf-3.1.3.RELEASE.jar:3.1.3.RELEASE]
	at org.thymeleaf.engine.Model.process(Model.java:282) ~[thymeleaf-3.1.3.RELEASE.jar:3.1.3.RELEASE]
	at org.thymeleaf.engine.Model.process(Model.java:290) ~[thymeleaf-3.1.3.RELEASE.jar:3.1.3.RELEASE]
	at org.thymeleaf.engine.IteratedGatheringModelProcessable.processIterationModel(IteratedGatheringModelProcessable.java:368) ~[thymeleaf-3.1.3.RELEASE.jar:3.1.3.RELEASE]
	at org.thymeleaf.engine.IteratedGatheringModelProcessable.process(IteratedGatheringModelProcessable.java:222) ~[thymeleaf-3.1.3.RELEASE.jar:3.1.3.RELEASE]
	at org.thymeleaf.engine.ProcessorTemplateHandler.handleCloseElement(ProcessorTemplateHandler.java:1640) ~[thymeleaf-3.1.3.RELEASE.jar:3.1.3.RELEASE]
	at org.thymeleaf.engine.TemplateHandlerAdapterMarkupHandler.handleCloseElementEnd(TemplateHandlerAdapterMarkupHandler.java:388) ~[thymeleaf-3.1.3.RELEASE.jar:3.1.3.RELEASE]
	at org.thymeleaf.templateparser.markup.InlinedOutputExpressionMarkupHandler$InlineMarkupAdapterPreProcessorHandler.handleCloseElementEnd(InlinedOutputExpressionMarkupHandler.java:322) ~[thymeleaf-3.1.3.RELEASE.jar:3.1.3.RELEASE]
	at org.thymeleaf.standard.inline.OutputExpressionInlinePreProcessorHandler.handleCloseElementEnd(OutputExpressionInlinePreProcessorHandler.java:220) ~[thymeleaf-3.1.3.RELEASE.jar:3.1.3.RELEASE]
	at org.thymeleaf.templateparser.markup.InlinedOutputExpressionMarkupHandler.handleCloseElementEnd(InlinedOutputExpressionMarkupHandler.java:164) ~[thymeleaf-3.1.3.RELEASE.jar:3.1.3.RELEASE]
	at org.attoparser.HtmlElement.handleCloseElementEnd(HtmlElement.java:169) ~[attoparser-2.0.7.RELEASE.jar:2.0.7.RELEASE]
	at org.attoparser.HtmlMarkupHandler.handleCloseElementEnd(HtmlMarkupHandler.java:412) ~[attoparser-2.0.7.RELEASE.jar:2.0.7.RELEASE]
	at org.attoparser.MarkupEventProcessorHandler.handleCloseElementEnd(MarkupEventProcessorHandler.java:473) ~[attoparser-2.0.7.RELEASE.jar:2.0.7.RELEASE]
	at org.attoparser.ParsingElementMarkupUtil.parseCloseElement(ParsingElementMarkupUtil.java:201) ~[attoparser-2.0.7.RELEASE.jar:2.0.7.RELEASE]
	at org.attoparser.MarkupParser.parseBuffer(MarkupParser.java:725) ~[attoparser-2.0.7.RELEASE.jar:2.0.7.RELEASE]
	at org.attoparser.MarkupParser.parseDocument(MarkupParser.java:301) ~[attoparser-2.0.7.RELEASE.jar:2.0.7.RELEASE]
	... 53 common frames omitted
Caused by: org.springframework.expression.spel.SpelEvaluationException: EL1004E: Method call: Method getName() cannot be found on type org.hibernate.collection.spi.PersistentSet
	at org.springframework.expression.spel.ast.MethodReference.findAccessorForMethod(MethodReference.java:238) ~[spring-expression-6.1.19.jar:6.1.19]
	at org.springframework.expression.spel.ast.MethodReference.getValueInternal(MethodReference.java:148) ~[spring-expression-6.1.19.jar:6.1.19]
	at org.springframework.expression.spel.ast.MethodReference$MethodValueRef.getValue(MethodReference.java:401) ~[spring-expression-6.1.19.jar:6.1.19]
	at org.springframework.expression.spel.ast.CompoundExpression.getValueInternal(CompoundExpression.java:97) ~[spring-expression-6.1.19.jar:6.1.19]
	at org.springframework.expression.spel.ast.SpelNodeImpl.getValue(SpelNodeImpl.java:114) ~[spring-expression-6.1.19.jar:6.1.19]
	at org.springframework.expression.spel.standard.SpelExpression.getValue(SpelExpression.java:338) ~[spring-expression-6.1.19.jar:6.1.19]
	at org.thymeleaf.spring6.expression.SPELVariableExpressionEvaluator.evaluate(SPELVariableExpressionEvaluator.java:265) ~[thymeleaf-spring6-3.1.3.RELEASE.jar:3.1.3.RELEASE]
	... 78 common frames omitted

2025-05-01T19:05:48.512+05:45 ERROR 805344 --- [EcommerceCommon] [http-nio-8080-exec-6] o.a.c.c.C.[.[.[.[dispatcherServlet]      : Servlet.service() for servlet [dispatcherServlet] in context with path [/admin] threw exception [Request processing failed: org.thymeleaf.exceptions.TemplateInputException: An error happened during template parsing (template: "class path resource [templates/users.html]")] with root cause

org.springframework.expression.spel.SpelEvaluationException: EL1004E: Method call: Method getName() cannot be found on type org.hibernate.collection.spi.PersistentSet
	at org.springframework.expression.spel.ast.MethodReference.findAccessorForMethod(MethodReference.java:238) ~[spring-expression-6.1.19.jar:6.1.19]
	at org.springframework.expression.spel.ast.MethodReference.getValueInternal(MethodReference.java:148) ~[spring-expression-6.1.19.jar:6.1.19]
	at org.springframework.expression.spel.ast.MethodReference$MethodValueRef.getValue(MethodReference.java:401) ~[spring-expression-6.1.19.jar:6.1.19]
	at org.springframework.expression.spel.ast.CompoundExpression.getValueInternal(CompoundExpression.java:97) ~[spring-expression-6.1.19.jar:6.1.19]
	at org.springframework.expression.spel.ast.SpelNodeImpl.getValue(SpelNodeImpl.java:114) ~[spring-expression-6.1.19.jar:6.1.19]
	at org.springframework.expression.spel.standard.SpelExpression.getValue(SpelExpression.java:338) ~[spring-expression-6.1.19.jar:6.1.19]
	at org.thymeleaf.spring6.expression.SPELVariableExpressionEvaluator.evaluate(SPELVariableExpressionEvaluator.java:265) ~[thymeleaf-spring6-3.1.3.RELEASE.jar:3.1.3.RELEASE]
	at org.thymeleaf.standard.expression.VariableExpression.executeVariableExpression(VariableExpression.java:166) ~[thymeleaf-3.1.3.RELEASE.jar:3.1.3.RELEASE]
	at org.thymeleaf.standard.expression.SimpleExpression.executeSimple(SimpleExpression.java:66) ~[thymeleaf-3.1.3.RELEASE.jar:3.1.3.RELEASE]
	at org.thymeleaf.standard.expression.Expression.execute(Expression.java:109) ~[thymeleaf-3.1.3.RELEASE.jar:3.1.3.RELEASE]
	at org.thymeleaf.standard.expression.Expression.execute(Expression.java:138) ~[thymeleaf-3.1.3.RELEASE.jar:3.1.3.RELEASE]
	at org.thymeleaf.standard.processor.AbstractStandardExpressionAttributeTagProcessor.doProcess(AbstractStandardExpressionAttributeTagProcessor.java:144) ~[thymeleaf-3.1.3.RELEASE.jar:3.1.3.RELEASE]
	at org.thymeleaf.processor.element.AbstractAttributeTagProcessor.doProcess(AbstractAttributeTagProcessor.java:74) ~[thymeleaf-3.1.3.RELEASE.jar:3.1.3.RELEASE]
	at org.thymeleaf.processor.element.AbstractElementTagProcessor.process(AbstractElementTagProcessor.java:95) ~[thymeleaf-3.1.3.RELEASE.jar:3.1.3.RELEASE]
	at org.thymeleaf.util.ProcessorConfigurationUtils$ElementTagProcessorWrapper.process(ProcessorConfigurationUtils.java:633) ~[thymeleaf-3.1.3.RELEASE.jar:3.1.3.RELEASE]
	at org.thymeleaf.engine.ProcessorTemplateHandler.handleOpenElement(ProcessorTemplateHandler.java:1314) ~[thymeleaf-3.1.3.RELEASE.jar:3.1.3.RELEASE]
	at org.thymeleaf.engine.OpenElementTag.beHandled(OpenElementTag.java:205) ~[thymeleaf-3.1.3.RELEASE.jar:3.1.3.RELEASE]
	at org.thymeleaf.engine.Model.process(Model.java:282) ~[thymeleaf-3.1.3.RELEASE.jar:3.1.3.RELEASE]
	at org.thymeleaf.engine.Model.process(Model.java:290) ~[thymeleaf-3.1.3.RELEASE.jar:3.1.3.RELEASE]
	at org.thymeleaf.engine.IteratedGatheringModelProcessable.processIterationModel(IteratedGatheringModelProcessable.java:368) ~[thymeleaf-3.1.3.RELEASE.jar:3.1.3.RELEASE]
	at org.thymeleaf.engine.IteratedGatheringModelProcessable.process(IteratedGatheringModelProcessable.java:222) ~[thymeleaf-3.1.3.RELEASE.jar:3.1.3.RELEASE]
	at org.thymeleaf.engine.ProcessorTemplateHandler.handleCloseElement(ProcessorTemplateHandler.java:1640) ~[thymeleaf-3.1.3.RELEASE.jar:3.1.3.RELEASE]
	at org.thymeleaf.engine.TemplateHandlerAdapterMarkupHandler.handleCloseElementEnd(TemplateHandlerAdapterMarkupHandler.java:388) ~[thymeleaf-3.1.3.RELEASE.jar:3.1.3.RELEASE]
	at org.thymeleaf.templateparser.markup.InlinedOutputExpressionMarkupHandler$InlineMarkupAdapterPreProcessorHandler.handleCloseElementEnd(InlinedOutputExpressionMarkupHandler.java:322) ~[thymeleaf-3.1.3.RELEASE.jar:3.1.3.RELEASE]
	at org.thymeleaf.standard.inline.OutputExpressionInlinePreProcessorHandler.handleCloseElementEnd(OutputExpressionInlinePreProcessorHandler.java:220) ~[thymeleaf-3.1.3.RELEASE.jar:3.1.3.RELEASE]
	at org.thymeleaf.templateparser.markup.InlinedOutputExpressionMarkupHandler.handleCloseElementEnd(InlinedOutputExpressionMarkupHandler.java:164) ~[thymeleaf-3.1.3.RELEASE.jar:3.1.3.RELEASE]
	at org.attoparser.HtmlElement.handleCloseElementEnd(HtmlElement.java:169) ~[attoparser-2.0.7.RELEASE.jar:2.0.7.RELEASE]
	at org.attoparser.HtmlMarkupHandler.handleCloseElementEnd(HtmlMarkupHandler.java:412) ~[attoparser-2.0.7.RELEASE.jar:2.0.7.RELEASE]
	at org.attoparser.MarkupEventProcessorHandler.handleCloseElementEnd(MarkupEventProcessorHandler.java:473) ~[attoparser-2.0.7.RELEASE.jar:2.0.7.RELEASE]
	at org.attoparser.ParsingElementMarkupUtil.parseCloseElement(ParsingElementMarkupUtil.java:201) ~[attoparser-2.0.7.RELEASE.jar:2.0.7.RELEASE]
	at org.attoparser.MarkupParser.parseBuffer(MarkupParser.java:725) ~[attoparser-2.0.7.RELEASE.jar:2.0.7.RELEASE]
	at org.attoparser.MarkupParser.parseDocument(MarkupParser.java:301) ~[attoparser-2.0.7.RELEASE.jar:2.0.7.RELEASE]
	at org.attoparser.MarkupParser.parse(MarkupParser.java:257) ~[attoparser-2.0.7.RELEASE.jar:2.0.7.RELEASE]
	at org.thymeleaf.templateparser.markup.AbstractMarkupTemplateParser.parse(AbstractMarkupTemplateParser.java:230) ~[thymeleaf-3.1.3.RELEASE.jar:3.1.3.RELEASE]
	at org.thymeleaf.templateparser.markup.AbstractMarkupTemplateParser.parseStandalone(AbstractMarkupTemplateParser.java:100) ~[thymeleaf-3.1.3.RELEASE.jar:3.1.3.RELEASE]
	at org.thymeleaf.engine.TemplateManager.parseAndProcess(TemplateManager.java:666) ~[thymeleaf-3.1.3.RELEASE.jar:3.1.3.RELEASE]
	at org.thymeleaf.TemplateEngine.process(TemplateEngine.java:1103) ~[thymeleaf-3.1.3.RELEASE.jar:3.1.3.RELEASE]
	at org.thymeleaf.TemplateEngine.process(TemplateEngine.java:1077) ~[thymeleaf-3.1.3.RELEASE.jar:3.1.3.RELEASE]
	at org.thymeleaf.spring6.view.ThymeleafView.renderFragment(ThymeleafView.java:372) ~[thymeleaf-spring6-3.1.3.RELEASE.jar:3.1.3.RELEASE]
	at org.thymeleaf.spring6.view.ThymeleafView.render(ThymeleafView.java:192) ~[thymeleaf-spring6-3.1.3.RELEASE.jar:3.1.3.RELEASE]
	at org.springframework.web.servlet.DispatcherServlet.render(DispatcherServlet.java:1432) ~[spring-webmvc-6.1.19.jar:6.1.19]
	at org.springframework.web.servlet.DispatcherServlet.processDispatchResult(DispatcherServlet.java:1168) ~[spring-webmvc-6.1.19.jar:6.1.19]
	at org.springframework.web.servlet.DispatcherServlet.doDispatch(DispatcherServlet.java:1106) ~[spring-webmvc-6.1.19.jar:6.1.19]
	at org.springframework.web.servlet.DispatcherServlet.doService(DispatcherServlet.java:979) ~[spring-webmvc-6.1.19.jar:6.1.19]
	at org.springframework.web.servlet.FrameworkServlet.processRequest(FrameworkServlet.java:1014) ~[spring-webmvc-6.1.19.jar:6.1.19]
	at org.springframework.web.servlet.FrameworkServlet.doGet(FrameworkServlet.java:903) ~[spring-webmvc-6.1.19.jar:6.1.19]
	at jakarta.servlet.http.HttpServlet.service(HttpServlet.java:564) ~[tomcat-embed-core-10.1.40.jar:6.0]
	at org.springframework.web.servlet.FrameworkServlet.service(FrameworkServlet.java:885) ~[spring-webmvc-6.1.19.jar:6.1.19]
	at jakarta.servlet.http.HttpServlet.service(HttpServlet.java:658) ~[tomcat-embed-core-10.1.40.jar:6.0]
	at org.apache.catalina.core.ApplicationFilterChain.internalDoFilter(ApplicationFilterChain.java:195) ~[tomcat-embed-core-10.1.40.jar:10.1.40]
	at org.apache.catalina.core.ApplicationFilterChain.doFilter(ApplicationFilterChain.java:140) ~[tomcat-embed-core-10.1.40.jar:10.1.40]
	at org.apache.tomcat.websocket.server.WsFilter.doFilter(WsFilter.java:51) ~[tomcat-embed-websocket-10.1.40.jar:10.1.40]
	at org.apache.catalina.core.ApplicationFilterChain.internalDoFilter(ApplicationFilterChain.java:164) ~[tomcat-embed-core-10.1.40.jar:10.1.40]
	at org.apache.catalina.core.ApplicationFilterChain.doFilter(ApplicationFilterChain.java:140) ~[tomcat-embed-core-10.1.40.jar:10.1.40]
	at org.springframework.web.servlet.resource.ResourceUrlEncodingFilter.doFilter(ResourceUrlEncodingFilter.java:66) ~[spring-webmvc-6.1.19.jar:6.1.19]
	at org.apache.catalina.core.ApplicationFilterChain.internalDoFilter(ApplicationFilterChain.java:164) ~[tomcat-embed-core-10.1.40.jar:10.1.40]
	at org.apache.catalina.core.ApplicationFilterChain.doFilter(ApplicationFilterChain.java:140) ~[tomcat-embed-core-10.1.40.jar:10.1.40]
	at org.springframework.web.filter.RequestContextFilter.doFilterInternal(RequestContextFilter.java:100) ~[spring-web-6.1.19.jar:6.1.19]
	at org.springframework.web.filter.OncePerRequestFilter.doFilter(OncePerRequestFilter.java:116) ~[spring-web-6.1.19.jar:6.1.19]
	at org.apache.catalina.core.ApplicationFilterChain.internalDoFilter(ApplicationFilterChain.java:164) ~[tomcat-embed-core-10.1.40.jar:10.1.40]
	at org.apache.catalina.core.ApplicationFilterChain.doFilter(ApplicationFilterChain.java:140) ~[tomcat-embed-core-10.1.40.jar:10.1.40]
	at org.springframework.web.filter.FormContentFilter.doFilterInternal(FormContentFilter.java:93) ~[spring-web-6.1.19.jar:6.1.19]
	at org.springframework.web.filter.OncePerRequestFilter.doFilter(OncePerRequestFilter.java:116) ~[spring-web-6.1.19.jar:6.1.19]
	at org.apache.catalina.core.ApplicationFilterChain.internalDoFilter(ApplicationFilterChain.java:164) ~[tomcat-embed-core-10.1.40.jar:10.1.40]
	at org.apache.catalina.core.ApplicationFilterChain.doFilter(ApplicationFilterChain.java:140) ~[tomcat-embed-core-10.1.40.jar:10.1.40]
	at org.springframework.web.filter.CharacterEncodingFilter.doFilterInternal(CharacterEncodingFilter.java:201) ~[spring-web-6.1.19.jar:6.1.19]
	at org.springframework.web.filter.OncePerRequestFilter.doFilter(OncePerRequestFilter.java:116) ~[spring-web-6.1.19.jar:6.1.19]
	at org.apache.catalina.core.ApplicationFilterChain.internalDoFilter(ApplicationFilterChain.java:164) ~[tomcat-embed-core-10.1.40.jar:10.1.40]
	at org.apache.catalina.core.ApplicationFilterChain.doFilter(ApplicationFilterChain.java:140) ~[tomcat-embed-core-10.1.40.jar:10.1.40]
	at org.apache.catalina.core.StandardWrapperValve.invoke(StandardWrapperValve.java:167) ~[tomcat-embed-core-10.1.40.jar:10.1.40]
	at org.apache.catalina.core.StandardContextValve.invoke(StandardContextValve.java:90) ~[tomcat-embed-core-10.1.40.jar:10.1.40]
	at org.apache.catalina.authenticator.AuthenticatorBase.invoke(AuthenticatorBase.java:483) ~[tomcat-embed-core-10.1.40.jar:10.1.40]
	at org.apache.catalina.core.StandardHostValve.invoke(StandardHostValve.java:116) ~[tomcat-embed-core-10.1.40.jar:10.1.40]
	at org.apache.catalina.valves.ErrorReportValve.invoke(ErrorReportValve.java:93) ~[tomcat-embed-core-10.1.40.jar:10.1.40]
	at org.apache.catalina.core.StandardEngineValve.invoke(StandardEngineValve.java:74) ~[tomcat-embed-core-10.1.40.jar:10.1.40]
	at org.apache.catalina.connector.CoyoteAdapter.service(CoyoteAdapter.java:344) ~[tomcat-embed-core-10.1.40.jar:10.1.40]
	at org.apache.coyote.http11.Http11Processor.service(Http11Processor.java:398) ~[tomcat-embed-core-10.1.40.jar:10.1.40]
	at org.apache.coyote.AbstractProcessorLight.process(AbstractProcessorLight.java:63) ~[tomcat-embed-core-10.1.40.jar:10.1.40]
	at org.apache.coyote.AbstractProtocol$ConnectionHandler.process(AbstractProtocol.java:903) ~[tomcat-embed-core-10.1.40.jar:10.1.40]
	at org.apache.tomcat.util.net.NioEndpoint$SocketProcessor.doRun(NioEndpoint.java:1740) ~[tomcat-embed-core-10.1.40.jar:10.1.40]
	at org.apache.tomcat.util.net.SocketProcessorBase.run(SocketProcessorBase.java:52) ~[tomcat-embed-core-10.1.40.jar:10.1.40]
	at org.apache.tomcat.util.threads.ThreadPoolExecutor.runWorker(ThreadPoolExecutor.java:1189) ~[tomcat-embed-core-10.1.40.jar:10.1.40]
	at org.apache.tomcat.util.threads.ThreadPoolExecutor$Worker.run(ThreadPoolExecutor.java:658) ~[tomcat-embed-core-10.1.40.jar:10.1.40]
	at org.apache.tomcat.util.threads.TaskThread$WrappingRunnable.run(TaskThread.java:63) ~[tomcat-embed-core-10.1.40.jar:10.1.40]
	at java.base/java.lang.Thread.run(Thread.java:1583) ~[na:na]

2025-05-01T19:07:34.870+05:45  INFO 805344 --- [EcommerceCommon] [File Watcher] rtingClassPathChangeChangedEventListener : Restarting due to 1 class path change (0 additions, 0 deletions, 1 modification)
2025-05-01T19:07:34.877+05:45  INFO 805344 --- [EcommerceCommon] [Thread-19] j.LocalContainerEntityManagerFactoryBean : Closing JPA EntityManagerFactory for persistence unit 'default'
2025-05-01T19:07:34.878+05:45  INFO 805344 --- [EcommerceCommon] [Thread-19] com.zaxxer.hikari.HikariDataSource       : HikariPool-5 - Shutdown initiated...
2025-05-01T19:07:34.883+05:45  INFO 805344 --- [EcommerceCommon] [Thread-19] com.zaxxer.hikari.HikariDataSource       : HikariPool-5 - Shutdown completed.
2025-05-01T19:07:35.068+05:45  INFO 805344 --- [EcommerceCommon] [restartedMain] n.c.j.e.a.EcommerceBackendApplication    : Starting EcommerceBackendApplication using Java 21.0.7 with PID 805344 (/home/jp/Documents/eclipse-workspace/EcommerceProject/EcommerceWebParent/EcommerceBackend/target/classes started by jp in /home/jp/Documents/eclipse-workspace/EcommerceProject)
2025-05-01T19:07:35.068+05:45  INFO 805344 --- [EcommerceCommon] [restartedMain] n.c.j.e.a.EcommerceBackendApplication    : No active profile set, falling back to 1 default profile: "default"
2025-05-01T19:07:35.339+05:45  INFO 805344 --- [EcommerceCommon] [restartedMain] .s.d.r.c.RepositoryConfigurationDelegate : Bootstrapping Spring Data JPA repositories in DEFAULT mode.
2025-05-01T19:07:35.352+05:45  INFO 805344 --- [EcommerceCommon] [restartedMain] .s.d.r.c.RepositoryConfigurationDelegate : Finished Spring Data repository scanning in 12 ms. Found 2 JPA repository interfaces.
2025-05-01T19:07:35.523+05:45  INFO 805344 --- [EcommerceCommon] [restartedMain] o.s.b.w.embedded.tomcat.TomcatWebServer  : Tomcat initialized with port 8080 (http)
2025-05-01T19:07:35.525+05:45  INFO 805344 --- [EcommerceCommon] [restartedMain] o.apache.catalina.core.StandardService   : Starting service [Tomcat]
2025-05-01T19:07:35.525+05:45  INFO 805344 --- [EcommerceCommon] [restartedMain] o.apache.catalina.core.StandardEngine    : Starting Servlet engine: [Apache Tomcat/10.1.40]
2025-05-01T19:07:35.538+05:45  INFO 805344 --- [EcommerceCommon] [restartedMain] o.a.c.c.C.[Tomcat].[localhost].[/admin]  : Initializing Spring embedded WebApplicationContext
2025-05-01T19:07:35.538+05:45  INFO 805344 --- [EcommerceCommon] [restartedMain] w.s.c.ServletWebServerApplicationContext : Root WebApplicationContext: initialization completed in 467 ms
2025-05-01T19:07:35.613+05:45  INFO 805344 --- [EcommerceCommon] [restartedMain] o.hibernate.jpa.internal.util.LogHelper  : HHH000204: Processing PersistenceUnitInfo [name: default]
2025-05-01T19:07:35.616+05:45  INFO 805344 --- [EcommerceCommon] [restartedMain] o.h.c.internal.RegionFactoryInitiator    : HHH000026: Second-level cache disabled
2025-05-01T19:07:35.629+05:45  INFO 805344 --- [EcommerceCommon] [restartedMain] o.s.o.j.p.SpringPersistenceUnitInfo      : No LoadTimeWeaver setup: ignoring JPA class transformer
2025-05-01T19:07:35.631+05:45  INFO 805344 --- [EcommerceCommon] [restartedMain] com.zaxxer.hikari.HikariDataSource       : HikariPool-6 - Starting...
2025-05-01T19:07:35.734+05:45  INFO 805344 --- [EcommerceCommon] [restartedMain] com.zaxxer.hikari.pool.HikariPool        : HikariPool-6 - Added connection org.postgresql.jdbc.PgConnection@666e91e2
2025-05-01T19:07:35.735+05:45  INFO 805344 --- [EcommerceCommon] [restartedMain] com.zaxxer.hikari.HikariDataSource       : HikariPool-6 - Start completed.
2025-05-01T19:07:35.739+05:45  WARN 805344 --- [EcommerceCommon] [restartedMain] org.hibernate.orm.deprecation            : HHH90000025: PostgreSQLDialect does not need to be specified explicitly using 'hibernate.dialect' (remove the property setting and it will be selected by default)
2025-05-01T19:07:35.812+05:45  INFO 805344 --- [EcommerceCommon] [restartedMain] o.h.e.t.j.p.i.JtaPlatformInitiator       : HHH000489: No JTA platform available (set 'hibernate.transaction.jta.platform' to enable JTA platform integration)
2025-05-01T19:07:36.039+05:45  INFO 805344 --- [EcommerceCommon] [restartedMain] j.LocalContainerEntityManagerFactoryBean : Initialized JPA EntityManagerFactory for persistence unit 'default'
2025-05-01T19:07:36.168+05:45  WARN 805344 --- [EcommerceCommon] [restartedMain] JpaBaseConfiguration$JpaWebConfiguration : spring.jpa.open-in-view is enabled by default. Therefore, database queries may be performed during view rendering. Explicitly configure spring.jpa.open-in-view to disable this warning
2025-05-01T19:07:36.185+05:45  INFO 805344 --- [EcommerceCommon] [restartedMain] o.s.b.a.w.s.WelcomePageHandlerMapping    : Adding welcome page template: index
2025-05-01T19:07:36.528+05:45  INFO 805344 --- [EcommerceCommon] [restartedMain] o.s.b.d.a.OptionalLiveReloadServer       : LiveReload server is running on port 35729
2025-05-01T19:07:36.549+05:45  INFO 805344 --- [EcommerceCommon] [restartedMain] o.s.b.w.embedded.tomcat.TomcatWebServer  : Tomcat started on port 8080 (http) with context path '/admin'
2025-05-01T19:07:36.553+05:45  INFO 805344 --- [EcommerceCommon] [restartedMain] n.c.j.e.a.EcommerceBackendApplication    : Started EcommerceBackendApplication in 1.536 seconds (process running for 1598.324)
2025-05-01T19:07:36.554+05:45  INFO 805344 --- [EcommerceCommon] [restartedMain] .ConditionEvaluationDeltaLoggingListener : Condition evaluation unchanged
2025-05-01T19:07:36.835+05:45  INFO 805344 --- [EcommerceCommon] [http-nio-8080-exec-1] o.a.c.c.C.[Tomcat].[localhost].[/admin]  : Initializing Spring DispatcherServlet 'dispatcherServlet'
2025-05-01T19:07:36.835+05:45  INFO 805344 --- [EcommerceCommon] [http-nio-8080-exec-1] o.s.web.servlet.DispatcherServlet        : Initializing Servlet 'dispatcherServlet'
2025-05-01T19:07:36.837+05:45  INFO 805344 --- [EcommerceCommon] [http-nio-8080-exec-1] o.s.web.servlet.DispatcherServlet        : Completed initialization in 2 ms
2025-05-01T19:09:09.141+05:45  INFO 805344 --- [EcommerceCommon] [File Watcher] rtingClassPathChangeChangedEventListener : Restarting due to 1 class path change (0 additions, 0 deletions, 1 modification)
2025-05-01T19:09:09.147+05:45  INFO 805344 --- [EcommerceCommon] [Thread-23] j.LocalContainerEntityManagerFactoryBean : Closing JPA EntityManagerFactory for persistence unit 'default'
2025-05-01T19:09:09.148+05:45  INFO 805344 --- [EcommerceCommon] [Thread-23] com.zaxxer.hikari.HikariDataSource       : HikariPool-6 - Shutdown initiated...
2025-05-01T19:09:09.152+05:45  INFO 805344 --- [EcommerceCommon] [Thread-23] com.zaxxer.hikari.HikariDataSource       : HikariPool-6 - Shutdown completed.
2025-05-01T19:09:09.263+05:45  INFO 805344 --- [EcommerceCommon] [restartedMain] n.c.j.e.a.EcommerceBackendApplication    : Starting EcommerceBackendApplication using Java 21.0.7 with PID 805344 (/home/jp/Documents/eclipse-workspace/EcommerceProject/EcommerceWebParent/EcommerceBackend/target/classes started by jp in /home/jp/Documents/eclipse-workspace/EcommerceProject)
2025-05-01T19:09:09.263+05:45  INFO 805344 --- [EcommerceCommon] [restartedMain] n.c.j.e.a.EcommerceBackendApplication    : No active profile set, falling back to 1 default profile: "default"
2025-05-01T19:09:09.458+05:45  INFO 805344 --- [EcommerceCommon] [restartedMain] .s.d.r.c.RepositoryConfigurationDelegate : Bootstrapping Spring Data JPA repositories in DEFAULT mode.
2025-05-01T19:09:09.468+05:45  INFO 805344 --- [EcommerceCommon] [restartedMain] .s.d.r.c.RepositoryConfigurationDelegate : Finished Spring Data repository scanning in 9 ms. Found 2 JPA repository interfaces.
2025-05-01T19:09:09.578+05:45  INFO 805344 --- [EcommerceCommon] [restartedMain] o.s.b.w.embedded.tomcat.TomcatWebServer  : Tomcat initialized with port 8080 (http)
2025-05-01T19:09:09.579+05:45  INFO 805344 --- [EcommerceCommon] [restartedMain] o.apache.catalina.core.StandardService   : Starting service [Tomcat]
2025-05-01T19:09:09.579+05:45  INFO 805344 --- [EcommerceCommon] [restartedMain] o.apache.catalina.core.StandardEngine    : Starting Servlet engine: [Apache Tomcat/10.1.40]
2025-05-01T19:09:09.590+05:45  INFO 805344 --- [EcommerceCommon] [restartedMain] o.a.c.c.C.[Tomcat].[localhost].[/admin]  : Initializing Spring embedded WebApplicationContext
2025-05-01T19:09:09.590+05:45  INFO 805344 --- [EcommerceCommon] [restartedMain] w.s.c.ServletWebServerApplicationContext : Root WebApplicationContext: initialization completed in 325 ms
2025-05-01T19:09:09.640+05:45  INFO 805344 --- [EcommerceCommon] [restartedMain] o.hibernate.jpa.internal.util.LogHelper  : HHH000204: Processing PersistenceUnitInfo [name: default]
2025-05-01T19:09:09.642+05:45  INFO 805344 --- [EcommerceCommon] [restartedMain] o.h.c.internal.RegionFactoryInitiator    : HHH000026: Second-level cache disabled
2025-05-01T19:09:09.650+05:45  INFO 805344 --- [EcommerceCommon] [restartedMain] o.s.o.j.p.SpringPersistenceUnitInfo      : No LoadTimeWeaver setup: ignoring JPA class transformer
2025-05-01T19:09:09.651+05:45  INFO 805344 --- [EcommerceCommon] [restartedMain] com.zaxxer.hikari.HikariDataSource       : HikariPool-7 - Starting...
2025-05-01T19:09:09.755+05:45  INFO 805344 --- [EcommerceCommon] [restartedMain] com.zaxxer.hikari.pool.HikariPool        : HikariPool-7 - Added connection org.postgresql.jdbc.PgConnection@6d493fa5
2025-05-01T19:09:09.755+05:45  INFO 805344 --- [EcommerceCommon] [restartedMain] com.zaxxer.hikari.HikariDataSource       : HikariPool-7 - Start completed.
2025-05-01T19:09:09.759+05:45  WARN 805344 --- [EcommerceCommon] [restartedMain] org.hibernate.orm.deprecation            : HHH90000025: PostgreSQLDialect does not need to be specified explicitly using 'hibernate.dialect' (remove the property setting and it will be selected by default)
2025-05-01T19:09:09.821+05:45  INFO 805344 --- [EcommerceCommon] [restartedMain] o.h.e.t.j.p.i.JtaPlatformInitiator       : HHH000489: No JTA platform available (set 'hibernate.transaction.jta.platform' to enable JTA platform integration)
2025-05-01T19:09:10.014+05:45  INFO 805344 --- [EcommerceCommon] [restartedMain] j.LocalContainerEntityManagerFactoryBean : Initialized JPA EntityManagerFactory for persistence unit 'default'
2025-05-01T19:09:10.107+05:45  WARN 805344 --- [EcommerceCommon] [restartedMain] JpaBaseConfiguration$JpaWebConfiguration : spring.jpa.open-in-view is enabled by default. Therefore, database queries may be performed during view rendering. Explicitly configure spring.jpa.open-in-view to disable this warning
2025-05-01T19:09:10.135+05:45  INFO 805344 --- [EcommerceCommon] [restartedMain] o.s.b.a.w.s.WelcomePageHandlerMapping    : Adding welcome page template: index
2025-05-01T19:09:10.419+05:45  INFO 805344 --- [EcommerceCommon] [restartedMain] o.s.b.d.a.OptionalLiveReloadServer       : LiveReload server is running on port 35729
2025-05-01T19:09:10.437+05:45  INFO 805344 --- [EcommerceCommon] [restartedMain] o.s.b.w.embedded.tomcat.TomcatWebServer  : Tomcat started on port 8080 (http) with context path '/admin'
2025-05-01T19:09:10.440+05:45  INFO 805344 --- [EcommerceCommon] [restartedMain] n.c.j.e.a.EcommerceBackendApplication    : Started EcommerceBackendApplication in 1.212 seconds (process running for 1692.211)
2025-05-01T19:09:10.441+05:45  INFO 805344 --- [EcommerceCommon] [restartedMain] .ConditionEvaluationDeltaLoggingListener : Condition evaluation unchanged
2025-05-01T19:09:10.682+05:45  INFO 805344 --- [EcommerceCommon] [http-nio-8080-exec-1] o.a.c.c.C.[Tomcat].[localhost].[/admin]  : Initializing Spring DispatcherServlet 'dispatcherServlet'
2025-05-01T19:09:10.682+05:45  INFO 805344 --- [EcommerceCommon] [http-nio-8080-exec-1] o.s.web.servlet.DispatcherServlet        : Initializing Servlet 'dispatcherServlet'
2025-05-01T19:09:10.684+05:45  INFO 805344 --- [EcommerceCommon] [http-nio-8080-exec-1] o.s.web.servlet.DispatcherServlet        : Completed initialization in 2 ms
2025-05-01T19:09:26.858+05:45  INFO 805344 --- [EcommerceCommon] [File Watcher] rtingClassPathChangeChangedEventListener : Restarting due to 1 class path change (0 additions, 0 deletions, 1 modification)
2025-05-01T19:09:26.862+05:45  INFO 805344 --- [EcommerceCommon] [Thread-27] j.LocalContainerEntityManagerFactoryBean : Closing JPA EntityManagerFactory for persistence unit 'default'
2025-05-01T19:09:26.862+05:45  INFO 805344 --- [EcommerceCommon] [Thread-27] com.zaxxer.hikari.HikariDataSource       : HikariPool-7 - Shutdown initiated...
2025-05-01T19:09:26.867+05:45  INFO 805344 --- [EcommerceCommon] [Thread-27] com.zaxxer.hikari.HikariDataSource       : HikariPool-7 - Shutdown completed.
2025-05-01T19:09:26.975+05:45  INFO 805344 --- [EcommerceCommon] [restartedMain] n.c.j.e.a.EcommerceBackendApplication    : Starting EcommerceBackendApplication using Java 21.0.7 with PID 805344 (/home/jp/Documents/eclipse-workspace/EcommerceProject/EcommerceWebParent/EcommerceBackend/target/classes started by jp in /home/jp/Documents/eclipse-workspace/EcommerceProject)
2025-05-01T19:09:26.976+05:45  INFO 805344 --- [EcommerceCommon] [restartedMain] n.c.j.e.a.EcommerceBackendApplication    : No active profile set, falling back to 1 default profile: "default"
2025-05-01T19:09:27.205+05:45  INFO 805344 --- [EcommerceCommon] [restartedMain] .s.d.r.c.RepositoryConfigurationDelegate : Bootstrapping Spring Data JPA repositories in DEFAULT mode.
2025-05-01T19:09:27.216+05:45  INFO 805344 --- [EcommerceCommon] [restartedMain] .s.d.r.c.RepositoryConfigurationDelegate : Finished Spring Data repository scanning in 10 ms. Found 2 JPA repository interfaces.
2025-05-01T19:09:27.353+05:45  INFO 805344 --- [EcommerceCommon] [restartedMain] o.s.b.w.embedded.tomcat.TomcatWebServer  : Tomcat initialized with port 8080 (http)
2025-05-01T19:09:27.355+05:45  INFO 805344 --- [EcommerceCommon] [restartedMain] o.apache.catalina.core.StandardService   : Starting service [Tomcat]
2025-05-01T19:09:27.355+05:45  INFO 805344 --- [EcommerceCommon] [restartedMain] o.apache.catalina.core.StandardEngine    : Starting Servlet engine: [Apache Tomcat/10.1.40]
2025-05-01T19:09:27.368+05:45  INFO 805344 --- [EcommerceCommon] [restartedMain] o.a.c.c.C.[Tomcat].[localhost].[/admin]  : Initializing Spring embedded WebApplicationContext
2025-05-01T19:09:27.369+05:45  INFO 805344 --- [EcommerceCommon] [restartedMain] w.s.c.ServletWebServerApplicationContext : Root WebApplicationContext: initialization completed in 390 ms
2025-05-01T19:09:27.426+05:45  INFO 805344 --- [EcommerceCommon] [restartedMain] o.hibernate.jpa.internal.util.LogHelper  : HHH000204: Processing PersistenceUnitInfo [name: default]
2025-05-01T19:09:27.428+05:45  INFO 805344 --- [EcommerceCommon] [restartedMain] o.h.c.internal.RegionFactoryInitiator    : HHH000026: Second-level cache disabled
2025-05-01T19:09:27.435+05:45  INFO 805344 --- [EcommerceCommon] [restartedMain] o.s.o.j.p.SpringPersistenceUnitInfo      : No LoadTimeWeaver setup: ignoring JPA class transformer
2025-05-01T19:09:27.436+05:45  INFO 805344 --- [EcommerceCommon] [restartedMain] com.zaxxer.hikari.HikariDataSource       : HikariPool-8 - Starting...
2025-05-01T19:09:27.470+05:45  INFO 805344 --- [EcommerceCommon] [restartedMain] com.zaxxer.hikari.pool.HikariPool        : HikariPool-8 - Added connection org.postgresql.jdbc.PgConnection@34371329
2025-05-01T19:09:27.471+05:45  INFO 805344 --- [EcommerceCommon] [restartedMain] com.zaxxer.hikari.HikariDataSource       : HikariPool-8 - Start completed.
2025-05-01T19:09:27.475+05:45  WARN 805344 --- [EcommerceCommon] [restartedMain] org.hibernate.orm.deprecation            : HHH90000025: PostgreSQLDialect does not need to be specified explicitly using 'hibernate.dialect' (remove the property setting and it will be selected by default)
2025-05-01T19:09:27.554+05:45  INFO 805344 --- [EcommerceCommon] [restartedMain] o.h.e.t.j.p.i.JtaPlatformInitiator       : HHH000489: No JTA platform available (set 'hibernate.transaction.jta.platform' to enable JTA platform integration)
2025-05-01T19:09:27.785+05:45  INFO 805344 --- [EcommerceCommon] [restartedMain] j.LocalContainerEntityManagerFactoryBean : Initialized JPA EntityManagerFactory for persistence unit 'default'
2025-05-01T19:09:27.880+05:45  WARN 805344 --- [EcommerceCommon] [restartedMain] JpaBaseConfiguration$JpaWebConfiguration : spring.jpa.open-in-view is enabled by default. Therefore, database queries may be performed during view rendering. Explicitly configure spring.jpa.open-in-view to disable this warning
2025-05-01T19:09:27.892+05:45  INFO 805344 --- [EcommerceCommon] [restartedMain] o.s.b.a.w.s.WelcomePageHandlerMapping    : Adding welcome page template: index
2025-05-01T19:09:28.180+05:45  INFO 805344 --- [EcommerceCommon] [restartedMain] o.s.b.d.a.OptionalLiveReloadServer       : LiveReload server is running on port 35729
2025-05-01T19:09:28.200+05:45  INFO 805344 --- [EcommerceCommon] [restartedMain] o.s.b.w.embedded.tomcat.TomcatWebServer  : Tomcat started on port 8080 (http) with context path '/admin'
2025-05-01T19:09:28.205+05:45  INFO 805344 --- [EcommerceCommon] [restartedMain] n.c.j.e.a.EcommerceBackendApplication    : Started EcommerceBackendApplication in 1.264 seconds (process running for 1709.977)
2025-05-01T19:09:28.207+05:45  INFO 805344 --- [EcommerceCommon] [restartedMain] .ConditionEvaluationDeltaLoggingListener : Condition evaluation unchanged
2025-05-01T19:09:28.857+05:45  INFO 805344 --- [EcommerceCommon] [http-nio-8080-exec-1] o.a.c.c.C.[Tomcat].[localhost].[/admin]  : Initializing Spring DispatcherServlet 'dispatcherServlet'
2025-05-01T19:09:28.858+05:45  INFO 805344 --- [EcommerceCommon] [http-nio-8080-exec-1] o.s.web.servlet.DispatcherServlet        : Initializing Servlet 'dispatcherServlet'
2025-05-01T19:09:28.860+05:45  INFO 805344 --- [EcommerceCommon] [http-nio-8080-exec-1] o.s.web.servlet.DispatcherServlet        : Completed initialization in 2 ms
2025-05-01T19:09:28.903+05:45 ERROR 805344 --- [EcommerceCommon] [http-nio-8080-exec-1] o.a.c.c.C.[.[.[.[dispatcherServlet]      : Servlet.service() for servlet [dispatcherServlet] in context with path [/admin] threw exception [Handler processing failed: java.lang.Error: Unresolved compilation problem: 
	Syntax error, insert ";" to complete BlockStatements
] with root cause

java.lang.Error: Unresolved compilation problem: 
	Syntax error, insert ";" to complete BlockStatements

	at np.com.jp.ecommerce.common.entity.Role.toString(Role.java:87) ~[classes/:na]
	at java.base/java.lang.String.valueOf(String.java:4465) ~[na:na]
	at java.base/java.lang.StringBuilder.append(StringBuilder.java:173) ~[na:na]
	at java.base/java.util.AbstractCollection.toString(AbstractCollection.java:459) ~[na:na]
	at org.hibernate.collection.spi.PersistentSet.toString(PersistentSet.java:298) ~[hibernate-core-6.5.3.Final.jar:6.5.3.Final]
	at org.thymeleaf.standard.processor.StandardTextTagProcessor.doProcess(StandardTextTagProcessor.java:80) ~[thymeleaf-3.1.3.RELEASE.jar:3.1.3.RELEASE]
	at org.thymeleaf.standard.processor.AbstractStandardExpressionAttributeTagProcessor.doProcess(AbstractStandardExpressionAttributeTagProcessor.java:160) ~[thymeleaf-3.1.3.RELEASE.jar:3.1.3.RELEASE]
	at org.thymeleaf.processor.element.AbstractAttributeTagProcessor.doProcess(AbstractAttributeTagProcessor.java:74) ~[thymeleaf-3.1.3.RELEASE.jar:3.1.3.RELEASE]
	at org.thymeleaf.processor.element.AbstractElementTagProcessor.process(AbstractElementTagProcessor.java:95) ~[thymeleaf-3.1.3.RELEASE.jar:3.1.3.RELEASE]
	at org.thymeleaf.util.ProcessorConfigurationUtils$ElementTagProcessorWrapper.process(ProcessorConfigurationUtils.java:633) ~[thymeleaf-3.1.3.RELEASE.jar:3.1.3.RELEASE]
	at org.thymeleaf.engine.ProcessorTemplateHandler.handleOpenElement(ProcessorTemplateHandler.java:1314) ~[thymeleaf-3.1.3.RELEASE.jar:3.1.3.RELEASE]
	at org.thymeleaf.engine.OpenElementTag.beHandled(OpenElementTag.java:205) ~[thymeleaf-3.1.3.RELEASE.jar:3.1.3.RELEASE]
	at org.thymeleaf.engine.Model.process(Model.java:282) ~[thymeleaf-3.1.3.RELEASE.jar:3.1.3.RELEASE]
	at org.thymeleaf.engine.Model.process(Model.java:290) ~[thymeleaf-3.1.3.RELEASE.jar:3.1.3.RELEASE]
	at org.thymeleaf.engine.IteratedGatheringModelProcessable.processIterationModel(IteratedGatheringModelProcessable.java:368) ~[thymeleaf-3.1.3.RELEASE.jar:3.1.3.RELEASE]
	at org.thymeleaf.engine.IteratedGatheringModelProcessable.process(IteratedGatheringModelProcessable.java:222) ~[thymeleaf-3.1.3.RELEASE.jar:3.1.3.RELEASE]
	at org.thymeleaf.engine.ProcessorTemplateHandler.handleCloseElement(ProcessorTemplateHandler.java:1640) ~[thymeleaf-3.1.3.RELEASE.jar:3.1.3.RELEASE]
	at org.thymeleaf.engine.TemplateHandlerAdapterMarkupHandler.handleCloseElementEnd(TemplateHandlerAdapterMarkupHandler.java:388) ~[thymeleaf-3.1.3.RELEASE.jar:3.1.3.RELEASE]
	at org.thymeleaf.templateparser.markup.InlinedOutputExpressionMarkupHandler$InlineMarkupAdapterPreProcessorHandler.handleCloseElementEnd(InlinedOutputExpressionMarkupHandler.java:322) ~[thymeleaf-3.1.3.RELEASE.jar:3.1.3.RELEASE]
	at org.thymeleaf.standard.inline.OutputExpressionInlinePreProcessorHandler.handleCloseElementEnd(OutputExpressionInlinePreProcessorHandler.java:220) ~[thymeleaf-3.1.3.RELEASE.jar:3.1.3.RELEASE]
	at org.thymeleaf.templateparser.markup.InlinedOutputExpressionMarkupHandler.handleCloseElementEnd(InlinedOutputExpressionMarkupHandler.java:164) ~[thymeleaf-3.1.3.RELEASE.jar:3.1.3.RELEASE]
	at org.attoparser.HtmlElement.handleCloseElementEnd(HtmlElement.java:169) ~[attoparser-2.0.7.RELEASE.jar:2.0.7.RELEASE]
	at org.attoparser.HtmlMarkupHandler.handleCloseElementEnd(HtmlMarkupHandler.java:412) ~[attoparser-2.0.7.RELEASE.jar:2.0.7.RELEASE]
	at org.attoparser.MarkupEventProcessorHandler.handleCloseElementEnd(MarkupEventProcessorHandler.java:473) ~[attoparser-2.0.7.RELEASE.jar:2.0.7.RELEASE]
	at org.attoparser.ParsingElementMarkupUtil.parseCloseElement(ParsingElementMarkupUtil.java:201) ~[attoparser-2.0.7.RELEASE.jar:2.0.7.RELEASE]
	at org.attoparser.MarkupParser.parseBuffer(MarkupParser.java:725) ~[attoparser-2.0.7.RELEASE.jar:2.0.7.RELEASE]
	at org.attoparser.MarkupParser.parseDocument(MarkupParser.java:301) ~[attoparser-2.0.7.RELEASE.jar:2.0.7.RELEASE]
	at org.attoparser.MarkupParser.parse(MarkupParser.java:257) ~[attoparser-2.0.7.RELEASE.jar:2.0.7.RELEASE]
	at org.thymeleaf.templateparser.markup.AbstractMarkupTemplateParser.parse(AbstractMarkupTemplateParser.java:230) ~[thymeleaf-3.1.3.RELEASE.jar:3.1.3.RELEASE]
	at org.thymeleaf.templateparser.markup.AbstractMarkupTemplateParser.parseStandalone(AbstractMarkupTemplateParser.java:100) ~[thymeleaf-3.1.3.RELEASE.jar:3.1.3.RELEASE]
	at org.thymeleaf.engine.TemplateManager.parseAndProcess(TemplateManager.java:666) ~[thymeleaf-3.1.3.RELEASE.jar:3.1.3.RELEASE]
	at org.thymeleaf.TemplateEngine.process(TemplateEngine.java:1103) ~[thymeleaf-3.1.3.RELEASE.jar:3.1.3.RELEASE]
	at org.thymeleaf.TemplateEngine.process(TemplateEngine.java:1077) ~[thymeleaf-3.1.3.RELEASE.jar:3.1.3.RELEASE]
	at org.thymeleaf.spring6.view.ThymeleafView.renderFragment(ThymeleafView.java:372) ~[thymeleaf-spring6-3.1.3.RELEASE.jar:3.1.3.RELEASE]
	at org.thymeleaf.spring6.view.ThymeleafView.render(ThymeleafView.java:192) ~[thymeleaf-spring6-3.1.3.RELEASE.jar:3.1.3.RELEASE]
	at org.springframework.web.servlet.DispatcherServlet.render(DispatcherServlet.java:1432) ~[spring-webmvc-6.1.19.jar:6.1.19]
	at org.springframework.web.servlet.DispatcherServlet.processDispatchResult(DispatcherServlet.java:1168) ~[spring-webmvc-6.1.19.jar:6.1.19]
	at org.springframework.web.servlet.DispatcherServlet.doDispatch(DispatcherServlet.java:1106) ~[spring-webmvc-6.1.19.jar:6.1.19]
	at org.springframework.web.servlet.DispatcherServlet.doService(DispatcherServlet.java:979) ~[spring-webmvc-6.1.19.jar:6.1.19]
	at org.springframework.web.servlet.FrameworkServlet.processRequest(FrameworkServlet.java:1014) ~[spring-webmvc-6.1.19.jar:6.1.19]
	at org.springframework.web.servlet.FrameworkServlet.doGet(FrameworkServlet.java:903) ~[spring-webmvc-6.1.19.jar:6.1.19]
	at jakarta.servlet.http.HttpServlet.service(HttpServlet.java:564) ~[tomcat-embed-core-10.1.40.jar:6.0]
	at org.springframework.web.servlet.FrameworkServlet.service(FrameworkServlet.java:885) ~[spring-webmvc-6.1.19.jar:6.1.19]
	at jakarta.servlet.http.HttpServlet.service(HttpServlet.java:658) ~[tomcat-embed-core-10.1.40.jar:6.0]
	at org.apache.catalina.core.ApplicationFilterChain.internalDoFilter(ApplicationFilterChain.java:195) ~[tomcat-embed-core-10.1.40.jar:10.1.40]
	at org.apache.catalina.core.ApplicationFilterChain.doFilter(ApplicationFilterChain.java:140) ~[tomcat-embed-core-10.1.40.jar:10.1.40]
	at org.apache.tomcat.websocket.server.WsFilter.doFilter(WsFilter.java:51) ~[tomcat-embed-websocket-10.1.40.jar:10.1.40]
	at org.apache.catalina.core.ApplicationFilterChain.internalDoFilter(ApplicationFilterChain.java:164) ~[tomcat-embed-core-10.1.40.jar:10.1.40]
	at org.apache.catalina.core.ApplicationFilterChain.doFilter(ApplicationFilterChain.java:140) ~[tomcat-embed-core-10.1.40.jar:10.1.40]
	at org.springframework.web.servlet.resource.ResourceUrlEncodingFilter.doFilter(ResourceUrlEncodingFilter.java:66) ~[spring-webmvc-6.1.19.jar:6.1.19]
	at org.apache.catalina.core.ApplicationFilterChain.internalDoFilter(ApplicationFilterChain.java:164) ~[tomcat-embed-core-10.1.40.jar:10.1.40]
	at org.apache.catalina.core.ApplicationFilterChain.doFilter(ApplicationFilterChain.java:140) ~[tomcat-embed-core-10.1.40.jar:10.1.40]
	at org.springframework.web.filter.RequestContextFilter.doFilterInternal(RequestContextFilter.java:100) ~[spring-web-6.1.19.jar:6.1.19]
	at org.springframework.web.filter.OncePerRequestFilter.doFilter(OncePerRequestFilter.java:116) ~[spring-web-6.1.19.jar:6.1.19]
	at org.apache.catalina.core.ApplicationFilterChain.internalDoFilter(ApplicationFilterChain.java:164) ~[tomcat-embed-core-10.1.40.jar:10.1.40]
	at org.apache.catalina.core.ApplicationFilterChain.doFilter(ApplicationFilterChain.java:140) ~[tomcat-embed-core-10.1.40.jar:10.1.40]
	at org.springframework.web.filter.FormContentFilter.doFilterInternal(FormContentFilter.java:93) ~[spring-web-6.1.19.jar:6.1.19]
	at org.springframework.web.filter.OncePerRequestFilter.doFilter(OncePerRequestFilter.java:116) ~[spring-web-6.1.19.jar:6.1.19]
	at org.apache.catalina.core.ApplicationFilterChain.internalDoFilter(ApplicationFilterChain.java:164) ~[tomcat-embed-core-10.1.40.jar:10.1.40]
	at org.apache.catalina.core.ApplicationFilterChain.doFilter(ApplicationFilterChain.java:140) ~[tomcat-embed-core-10.1.40.jar:10.1.40]
	at org.springframework.web.filter.CharacterEncodingFilter.doFilterInternal(CharacterEncodingFilter.java:201) ~[spring-web-6.1.19.jar:6.1.19]
	at org.springframework.web.filter.OncePerRequestFilter.doFilter(OncePerRequestFilter.java:116) ~[spring-web-6.1.19.jar:6.1.19]
	at org.apache.catalina.core.ApplicationFilterChain.internalDoFilter(ApplicationFilterChain.java:164) ~[tomcat-embed-core-10.1.40.jar:10.1.40]
	at org.apache.catalina.core.ApplicationFilterChain.doFilter(ApplicationFilterChain.java:140) ~[tomcat-embed-core-10.1.40.jar:10.1.40]
	at org.apache.catalina.core.StandardWrapperValve.invoke(StandardWrapperValve.java:167) ~[tomcat-embed-core-10.1.40.jar:10.1.40]
	at org.apache.catalina.core.StandardContextValve.invoke(StandardContextValve.java:90) ~[tomcat-embed-core-10.1.40.jar:10.1.40]
	at org.apache.catalina.authenticator.AuthenticatorBase.invoke(AuthenticatorBase.java:483) ~[tomcat-embed-core-10.1.40.jar:10.1.40]
	at org.apache.catalina.core.StandardHostValve.invoke(StandardHostValve.java:116) ~[tomcat-embed-core-10.1.40.jar:10.1.40]
	at org.apache.catalina.valves.ErrorReportValve.invoke(ErrorReportValve.java:93) ~[tomcat-embed-core-10.1.40.jar:10.1.40]
	at org.apache.catalina.core.StandardEngineValve.invoke(StandardEngineValve.java:74) ~[tomcat-embed-core-10.1.40.jar:10.1.40]
	at org.apache.catalina.connector.CoyoteAdapter.service(CoyoteAdapter.java:344) ~[tomcat-embed-core-10.1.40.jar:10.1.40]
	at org.apache.coyote.http11.Http11Processor.service(Http11Processor.java:398) ~[tomcat-embed-core-10.1.40.jar:10.1.40]
	at org.apache.coyote.AbstractProcessorLight.process(AbstractProcessorLight.java:63) ~[tomcat-embed-core-10.1.40.jar:10.1.40]
	at org.apache.coyote.AbstractProtocol$ConnectionHandler.process(AbstractProtocol.java:903) ~[tomcat-embed-core-10.1.40.jar:10.1.40]
	at org.apache.tomcat.util.net.NioEndpoint$SocketProcessor.doRun(NioEndpoint.java:1740) ~[tomcat-embed-core-10.1.40.jar:10.1.40]
	at org.apache.tomcat.util.net.SocketProcessorBase.run(SocketProcessorBase.java:52) ~[tomcat-embed-core-10.1.40.jar:10.1.40]
	at org.apache.tomcat.util.threads.ThreadPoolExecutor.runWorker(ThreadPoolExecutor.java:1189) ~[tomcat-embed-core-10.1.40.jar:10.1.40]
	at org.apache.tomcat.util.threads.ThreadPoolExecutor$Worker.run(ThreadPoolExecutor.java:658) ~[tomcat-embed-core-10.1.40.jar:10.1.40]
	at org.apache.tomcat.util.threads.TaskThread$WrappingRunnable.run(TaskThread.java:63) ~[tomcat-embed-core-10.1.40.jar:10.1.40]
	at java.base/java.lang.Thread.run(Thread.java:1583) ~[na:na]

2025-05-01T19:09:29.585+05:45  INFO 805344 --- [EcommerceCommon] [File Watcher] rtingClassPathChangeChangedEventListener : Restarting due to 1 class path change (0 additions, 0 deletions, 1 modification)
2025-05-01T19:09:29.591+05:45  INFO 805344 --- [EcommerceCommon] [Thread-31] j.LocalContainerEntityManagerFactoryBean : Closing JPA EntityManagerFactory for persistence unit 'default'
2025-05-01T19:09:29.591+05:45  INFO 805344 --- [EcommerceCommon] [Thread-31] com.zaxxer.hikari.HikariDataSource       : HikariPool-8 - Shutdown initiated...
2025-05-01T19:09:29.593+05:45  INFO 805344 --- [EcommerceCommon] [Thread-31] com.zaxxer.hikari.HikariDataSource       : HikariPool-8 - Shutdown completed.
2025-05-01T19:09:29.710+05:45  INFO 805344 --- [EcommerceCommon] [restartedMain] n.c.j.e.a.EcommerceBackendApplication    : Starting EcommerceBackendApplication using Java 21.0.7 with PID 805344 (/home/jp/Documents/eclipse-workspace/EcommerceProject/EcommerceWebParent/EcommerceBackend/target/classes started by jp in /home/jp/Documents/eclipse-workspace/EcommerceProject)
2025-05-01T19:09:29.710+05:45  INFO 805344 --- [EcommerceCommon] [restartedMain] n.c.j.e.a.EcommerceBackendApplication    : No active profile set, falling back to 1 default profile: "default"
2025-05-01T19:09:29.935+05:45  INFO 805344 --- [EcommerceCommon] [restartedMain] .s.d.r.c.RepositoryConfigurationDelegate : Bootstrapping Spring Data JPA repositories in DEFAULT mode.
2025-05-01T19:09:29.945+05:45  INFO 805344 --- [EcommerceCommon] [restartedMain] .s.d.r.c.RepositoryConfigurationDelegate : Finished Spring Data repository scanning in 10 ms. Found 2 JPA repository interfaces.
2025-05-01T19:09:30.069+05:45  INFO 805344 --- [EcommerceCommon] [restartedMain] o.s.b.w.embedded.tomcat.TomcatWebServer  : Tomcat initialized with port 8080 (http)
2025-05-01T19:09:30.071+05:45  INFO 805344 --- [EcommerceCommon] [restartedMain] o.apache.catalina.core.StandardService   : Starting service [Tomcat]
2025-05-01T19:09:30.071+05:45  INFO 805344 --- [EcommerceCommon] [restartedMain] o.apache.catalina.core.StandardEngine    : Starting Servlet engine: [Apache Tomcat/10.1.40]
2025-05-01T19:09:30.085+05:45  INFO 805344 --- [EcommerceCommon] [restartedMain] o.a.c.c.C.[Tomcat].[localhost].[/admin]  : Initializing Spring embedded WebApplicationContext
2025-05-01T19:09:30.085+05:45  INFO 805344 --- [EcommerceCommon] [restartedMain] w.s.c.ServletWebServerApplicationContext : Root WebApplicationContext: initialization completed in 372 ms
2025-05-01T19:09:30.147+05:45  INFO 805344 --- [EcommerceCommon] [restartedMain] o.hibernate.jpa.internal.util.LogHelper  : HHH000204: Processing PersistenceUnitInfo [name: default]
2025-05-01T19:09:30.150+05:45  INFO 805344 --- [EcommerceCommon] [restartedMain] o.h.c.internal.RegionFactoryInitiator    : HHH000026: Second-level cache disabled
2025-05-01T19:09:30.160+05:45  INFO 805344 --- [EcommerceCommon] [restartedMain] o.s.o.j.p.SpringPersistenceUnitInfo      : No LoadTimeWeaver setup: ignoring JPA class transformer
2025-05-01T19:09:30.161+05:45  INFO 805344 --- [EcommerceCommon] [restartedMain] com.zaxxer.hikari.HikariDataSource       : HikariPool-9 - Starting...
2025-05-01T19:09:30.197+05:45  INFO 805344 --- [EcommerceCommon] [restartedMain] com.zaxxer.hikari.pool.HikariPool        : HikariPool-9 - Added connection org.postgresql.jdbc.PgConnection@45914cf3
2025-05-01T19:09:30.198+05:45  INFO 805344 --- [EcommerceCommon] [restartedMain] com.zaxxer.hikari.HikariDataSource       : HikariPool-9 - Start completed.
2025-05-01T19:09:30.202+05:45  WARN 805344 --- [EcommerceCommon] [restartedMain] org.hibernate.orm.deprecation            : HHH90000025: PostgreSQLDialect does not need to be specified explicitly using 'hibernate.dialect' (remove the property setting and it will be selected by default)
2025-05-01T19:09:30.274+05:45  INFO 805344 --- [EcommerceCommon] [restartedMain] o.h.e.t.j.p.i.JtaPlatformInitiator       : HHH000489: No JTA platform available (set 'hibernate.transaction.jta.platform' to enable JTA platform integration)
2025-05-01T19:09:30.461+05:45  INFO 805344 --- [EcommerceCommon] [restartedMain] j.LocalContainerEntityManagerFactoryBean : Initialized JPA EntityManagerFactory for persistence unit 'default'
2025-05-01T19:09:30.554+05:45  WARN 805344 --- [EcommerceCommon] [restartedMain] JpaBaseConfiguration$JpaWebConfiguration : spring.jpa.open-in-view is enabled by default. Therefore, database queries may be performed during view rendering. Explicitly configure spring.jpa.open-in-view to disable this warning
2025-05-01T19:09:30.568+05:45  INFO 805344 --- [EcommerceCommon] [restartedMain] o.s.b.a.w.s.WelcomePageHandlerMapping    : Adding welcome page template: index
2025-05-01T19:09:30.846+05:45  INFO 805344 --- [EcommerceCommon] [restartedMain] o.s.b.d.a.OptionalLiveReloadServer       : LiveReload server is running on port 35729
2025-05-01T19:09:30.867+05:45  INFO 805344 --- [EcommerceCommon] [restartedMain] o.s.b.w.embedded.tomcat.TomcatWebServer  : Tomcat started on port 8080 (http) with context path '/admin'
2025-05-01T19:09:30.872+05:45  INFO 805344 --- [EcommerceCommon] [restartedMain] n.c.j.e.a.EcommerceBackendApplication    : Started EcommerceBackendApplication in 1.199 seconds (process running for 1712.644)
2025-05-01T19:09:30.874+05:45  INFO 805344 --- [EcommerceCommon] [restartedMain] .ConditionEvaluationDeltaLoggingListener : Condition evaluation unchanged
2025-05-01T19:09:33.014+05:45  INFO 805344 --- [EcommerceCommon] [http-nio-8080-exec-1] o.a.c.c.C.[Tomcat].[localhost].[/admin]  : Initializing Spring DispatcherServlet 'dispatcherServlet'
2025-05-01T19:09:33.014+05:45  INFO 805344 --- [EcommerceCommon] [http-nio-8080-exec-1] o.s.web.servlet.DispatcherServlet        : Initializing Servlet 'dispatcherServlet'
2025-05-01T19:09:33.016+05:45  INFO 805344 --- [EcommerceCommon] [http-nio-8080-exec-1] o.s.web.servlet.DispatcherServlet        : Completed initialization in 2 ms
2025-05-01T19:10:39.408+05:45  INFO 805344 --- [EcommerceCommon] [File Watcher] rtingClassPathChangeChangedEventListener : Restarting due to 1 class path change (0 additions, 0 deletions, 1 modification)
2025-05-01T19:10:39.414+05:45  INFO 805344 --- [EcommerceCommon] [Thread-35] j.LocalContainerEntityManagerFactoryBean : Closing JPA EntityManagerFactory for persistence unit 'default'
2025-05-01T19:10:39.414+05:45  INFO 805344 --- [EcommerceCommon] [Thread-35] com.zaxxer.hikari.HikariDataSource       : HikariPool-9 - Shutdown initiated...
2025-05-01T19:10:39.416+05:45  INFO 805344 --- [EcommerceCommon] [Thread-35] com.zaxxer.hikari.HikariDataSource       : HikariPool-9 - Shutdown completed.
2025-05-01T19:10:39.522+05:45  INFO 805344 --- [EcommerceCommon] [restartedMain] n.c.j.e.a.EcommerceBackendApplication    : Starting EcommerceBackendApplication using Java 21.0.7 with PID 805344 (/home/jp/Documents/eclipse-workspace/EcommerceProject/EcommerceWebParent/EcommerceBackend/target/classes started by jp in /home/jp/Documents/eclipse-workspace/EcommerceProject)
2025-05-01T19:10:39.522+05:45  INFO 805344 --- [EcommerceCommon] [restartedMain] n.c.j.e.a.EcommerceBackendApplication    : No active profile set, falling back to 1 default profile: "default"
2025-05-01T19:10:39.719+05:45  INFO 805344 --- [EcommerceCommon] [restartedMain] .s.d.r.c.RepositoryConfigurationDelegate : Bootstrapping Spring Data JPA repositories in DEFAULT mode.
2025-05-01T19:10:39.730+05:45  INFO 805344 --- [EcommerceCommon] [restartedMain] .s.d.r.c.RepositoryConfigurationDelegate : Finished Spring Data repository scanning in 10 ms. Found 2 JPA repository interfaces.
2025-05-01T19:10:39.851+05:45  INFO 805344 --- [EcommerceCommon] [restartedMain] o.s.b.w.embedded.tomcat.TomcatWebServer  : Tomcat initialized with port 8080 (http)
2025-05-01T19:10:39.852+05:45  INFO 805344 --- [EcommerceCommon] [restartedMain] o.apache.catalina.core.StandardService   : Starting service [Tomcat]
2025-05-01T19:10:39.852+05:45  INFO 805344 --- [EcommerceCommon] [restartedMain] o.apache.catalina.core.StandardEngine    : Starting Servlet engine: [Apache Tomcat/10.1.40]
2025-05-01T19:10:39.864+05:45  INFO 805344 --- [EcommerceCommon] [restartedMain] o.a.c.c.C.[Tomcat].[localhost].[/admin]  : Initializing Spring embedded WebApplicationContext
2025-05-01T19:10:39.864+05:45  INFO 805344 --- [EcommerceCommon] [restartedMain] w.s.c.ServletWebServerApplicationContext : Root WebApplicationContext: initialization completed in 339 ms
2025-05-01T19:10:39.912+05:45  INFO 805344 --- [EcommerceCommon] [restartedMain] o.hibernate.jpa.internal.util.LogHelper  : HHH000204: Processing PersistenceUnitInfo [name: default]
2025-05-01T19:10:39.915+05:45  INFO 805344 --- [EcommerceCommon] [restartedMain] o.h.c.internal.RegionFactoryInitiator    : HHH000026: Second-level cache disabled
2025-05-01T19:10:39.925+05:45  INFO 805344 --- [EcommerceCommon] [restartedMain] o.s.o.j.p.SpringPersistenceUnitInfo      : No LoadTimeWeaver setup: ignoring JPA class transformer
2025-05-01T19:10:39.926+05:45  INFO 805344 --- [EcommerceCommon] [restartedMain] com.zaxxer.hikari.HikariDataSource       : HikariPool-10 - Starting...
2025-05-01T19:10:40.037+05:45  INFO 805344 --- [EcommerceCommon] [restartedMain] com.zaxxer.hikari.pool.HikariPool        : HikariPool-10 - Added connection org.postgresql.jdbc.PgConnection@4af9a9a1
2025-05-01T19:10:40.037+05:45  INFO 805344 --- [EcommerceCommon] [restartedMain] com.zaxxer.hikari.HikariDataSource       : HikariPool-10 - Start completed.
2025-05-01T19:10:40.040+05:45  WARN 805344 --- [EcommerceCommon] [restartedMain] org.hibernate.orm.deprecation            : HHH90000025: PostgreSQLDialect does not need to be specified explicitly using 'hibernate.dialect' (remove the property setting and it will be selected by default)
2025-05-01T19:10:40.105+05:45  INFO 805344 --- [EcommerceCommon] [restartedMain] o.h.e.t.j.p.i.JtaPlatformInitiator       : HHH000489: No JTA platform available (set 'hibernate.transaction.jta.platform' to enable JTA platform integration)
2025-05-01T19:10:40.304+05:45  INFO 805344 --- [EcommerceCommon] [restartedMain] j.LocalContainerEntityManagerFactoryBean : Initialized JPA EntityManagerFactory for persistence unit 'default'
2025-05-01T19:10:40.393+05:45  WARN 805344 --- [EcommerceCommon] [restartedMain] JpaBaseConfiguration$JpaWebConfiguration : spring.jpa.open-in-view is enabled by default. Therefore, database queries may be performed during view rendering. Explicitly configure spring.jpa.open-in-view to disable this warning
2025-05-01T19:10:40.404+05:45  INFO 805344 --- [EcommerceCommon] [restartedMain] o.s.b.a.w.s.WelcomePageHandlerMapping    : Adding welcome page template: index
2025-05-01T19:10:40.674+05:45  INFO 805344 --- [EcommerceCommon] [restartedMain] o.s.b.d.a.OptionalLiveReloadServer       : LiveReload server is running on port 35729
2025-05-01T19:10:40.691+05:45  INFO 805344 --- [EcommerceCommon] [restartedMain] o.s.b.w.embedded.tomcat.TomcatWebServer  : Tomcat started on port 8080 (http) with context path '/admin'
2025-05-01T19:10:40.694+05:45  INFO 805344 --- [EcommerceCommon] [restartedMain] n.c.j.e.a.EcommerceBackendApplication    : Started EcommerceBackendApplication in 1.216 seconds (process running for 1782.466)
2025-05-01T19:10:40.696+05:45  INFO 805344 --- [EcommerceCommon] [restartedMain] .ConditionEvaluationDeltaLoggingListener : Condition evaluation unchanged
2025-05-01T19:10:44.083+05:45  INFO 805344 --- [EcommerceCommon] [File Watcher] rtingClassPathChangeChangedEventListener : Restarting due to 1 class path change (0 additions, 0 deletions, 1 modification)
2025-05-01T19:10:44.089+05:45  INFO 805344 --- [EcommerceCommon] [Thread-39] j.LocalContainerEntityManagerFactoryBean : Closing JPA EntityManagerFactory for persistence unit 'default'
2025-05-01T19:10:44.089+05:45  INFO 805344 --- [EcommerceCommon] [Thread-39] com.zaxxer.hikari.HikariDataSource       : HikariPool-10 - Shutdown initiated...
2025-05-01T19:10:44.091+05:45  INFO 805344 --- [EcommerceCommon] [Thread-39] com.zaxxer.hikari.HikariDataSource       : HikariPool-10 - Shutdown completed.
2025-05-01T19:10:44.209+05:45  INFO 805344 --- [EcommerceCommon] [restartedMain] n.c.j.e.a.EcommerceBackendApplication    : Starting EcommerceBackendApplication using Java 21.0.7 with PID 805344 (/home/jp/Documents/eclipse-workspace/EcommerceProject/EcommerceWebParent/EcommerceBackend/target/classes started by jp in /home/jp/Documents/eclipse-workspace/EcommerceProject)
2025-05-01T19:10:44.209+05:45  INFO 805344 --- [EcommerceCommon] [restartedMain] n.c.j.e.a.EcommerceBackendApplication    : No active profile set, falling back to 1 default profile: "default"
2025-05-01T19:10:44.403+05:45  INFO 805344 --- [EcommerceCommon] [restartedMain] .s.d.r.c.RepositoryConfigurationDelegate : Bootstrapping Spring Data JPA repositories in DEFAULT mode.
2025-05-01T19:10:44.412+05:45  INFO 805344 --- [EcommerceCommon] [restartedMain] .s.d.r.c.RepositoryConfigurationDelegate : Finished Spring Data repository scanning in 8 ms. Found 2 JPA repository interfaces.
2025-05-01T19:10:44.537+05:45  INFO 805344 --- [EcommerceCommon] [restartedMain] o.s.b.w.embedded.tomcat.TomcatWebServer  : Tomcat initialized with port 8080 (http)
2025-05-01T19:10:44.538+05:45  INFO 805344 --- [EcommerceCommon] [restartedMain] o.apache.catalina.core.StandardService   : Starting service [Tomcat]
2025-05-01T19:10:44.538+05:45  INFO 805344 --- [EcommerceCommon] [restartedMain] o.apache.catalina.core.StandardEngine    : Starting Servlet engine: [Apache Tomcat/10.1.40]
2025-05-01T19:10:44.552+05:45  INFO 805344 --- [EcommerceCommon] [restartedMain] o.a.c.c.C.[Tomcat].[localhost].[/admin]  : Initializing Spring embedded WebApplicationContext
2025-05-01T19:10:44.552+05:45  INFO 805344 --- [EcommerceCommon] [restartedMain] w.s.c.ServletWebServerApplicationContext : Root WebApplicationContext: initialization completed in 340 ms
2025-05-01T19:10:44.617+05:45  INFO 805344 --- [EcommerceCommon] [restartedMain] o.hibernate.jpa.internal.util.LogHelper  : HHH000204: Processing PersistenceUnitInfo [name: default]
2025-05-01T19:10:44.620+05:45  INFO 805344 --- [EcommerceCommon] [restartedMain] o.h.c.internal.RegionFactoryInitiator    : HHH000026: Second-level cache disabled
2025-05-01T19:10:44.630+05:45  INFO 805344 --- [EcommerceCommon] [restartedMain] o.s.o.j.p.SpringPersistenceUnitInfo      : No LoadTimeWeaver setup: ignoring JPA class transformer
2025-05-01T19:10:44.631+05:45  INFO 805344 --- [EcommerceCommon] [restartedMain] com.zaxxer.hikari.HikariDataSource       : HikariPool-11 - Starting...
2025-05-01T19:10:44.667+05:45  INFO 805344 --- [EcommerceCommon] [restartedMain] com.zaxxer.hikari.pool.HikariPool        : HikariPool-11 - Added connection org.postgresql.jdbc.PgConnection@67613e38
2025-05-01T19:10:44.668+05:45  INFO 805344 --- [EcommerceCommon] [restartedMain] com.zaxxer.hikari.HikariDataSource       : HikariPool-11 - Start completed.
2025-05-01T19:10:44.672+05:45  WARN 805344 --- [EcommerceCommon] [restartedMain] org.hibernate.orm.deprecation            : HHH90000025: PostgreSQLDialect does not need to be specified explicitly using 'hibernate.dialect' (remove the property setting and it will be selected by default)
2025-05-01T19:10:44.752+05:45  INFO 805344 --- [EcommerceCommon] [restartedMain] o.h.e.t.j.p.i.JtaPlatformInitiator       : HHH000489: No JTA platform available (set 'hibernate.transaction.jta.platform' to enable JTA platform integration)
2025-05-01T19:10:44.951+05:45  INFO 805344 --- [EcommerceCommon] [restartedMain] j.LocalContainerEntityManagerFactoryBean : Initialized JPA EntityManagerFactory for persistence unit 'default'
2025-05-01T19:10:45.039+05:45  WARN 805344 --- [EcommerceCommon] [restartedMain] JpaBaseConfiguration$JpaWebConfiguration : spring.jpa.open-in-view is enabled by default. Therefore, database queries may be performed during view rendering. Explicitly configure spring.jpa.open-in-view to disable this warning
2025-05-01T19:10:45.051+05:45  INFO 805344 --- [EcommerceCommon] [restartedMain] o.s.b.a.w.s.WelcomePageHandlerMapping    : Adding welcome page template: index
2025-05-01T19:10:45.370+05:45  INFO 805344 --- [EcommerceCommon] [restartedMain] o.s.b.d.a.OptionalLiveReloadServer       : LiveReload server is running on port 35729
2025-05-01T19:10:45.391+05:45  INFO 805344 --- [EcommerceCommon] [restartedMain] o.s.b.w.embedded.tomcat.TomcatWebServer  : Tomcat started on port 8080 (http) with context path '/admin'
2025-05-01T19:10:45.396+05:45  INFO 805344 --- [EcommerceCommon] [restartedMain] n.c.j.e.a.EcommerceBackendApplication    : Started EcommerceBackendApplication in 1.227 seconds (process running for 1787.168)
2025-05-01T19:10:45.398+05:45  INFO 805344 --- [EcommerceCommon] [restartedMain] .ConditionEvaluationDeltaLoggingListener : Condition evaluation unchanged
2025-05-01T19:11:28.429+05:45  INFO 805344 --- [EcommerceCommon] [http-nio-8080-exec-1] o.a.c.c.C.[Tomcat].[localhost].[/admin]  : Initializing Spring DispatcherServlet 'dispatcherServlet'
2025-05-01T19:11:28.429+05:45  INFO 805344 --- [EcommerceCommon] [http-nio-8080-exec-1] o.s.web.servlet.DispatcherServlet        : Initializing Servlet 'dispatcherServlet'
2025-05-01T19:11:28.431+05:45  INFO 805344 --- [EcommerceCommon] [http-nio-8080-exec-1] o.s.web.servlet.DispatcherServlet        : Completed initialization in 2 ms
2025-05-01T19:15:57.208+05:45  INFO 805344 --- [EcommerceCommon] [SpringApplicationShutdownHook] j.LocalContainerEntityManagerFactoryBean : Closing JPA EntityManagerFactory for persistence unit 'default'
2025-05-01T19:15:57.210+05:45  INFO 805344 --- [EcommerceCommon] [SpringApplicationShutdownHook] com.zaxxer.hikari.HikariDataSource       : HikariPool-11 - Shutdown initiated...
2025-05-01T19:15:57.212+05:45  INFO 805344 --- [EcommerceCommon] [SpringApplicationShutdownHook] com.zaxxer.hikari.HikariDataSource       : HikariPool-11 - Shutdown completed.
2025-05-01T19:25:07.363+05:45  INFO 838825 --- [EcommerceCommon] [restartedMain] n.c.j.e.a.EcommerceBackendApplication    : Starting EcommerceBackendApplication using Java 21.0.7 with PID 838825 (/home/jp/Documents/eclipse-workspace/EcommerceProject/EcommerceWebParent/EcommerceBackend/target/classes started by jp in /home/jp/Documents/eclipse-workspace/EcommerceProject)
2025-05-01T19:25:07.366+05:45  INFO 838825 --- [EcommerceCommon] [restartedMain] n.c.j.e.a.EcommerceBackendApplication    : No active profile set, falling back to 1 default profile: "default"
2025-05-01T19:25:07.424+05:45  INFO 838825 --- [EcommerceCommon] [restartedMain] .e.DevToolsPropertyDefaultsPostProcessor : Devtools property defaults active! Set 'spring.devtools.add-properties' to 'false' to disable
2025-05-01T19:25:07.425+05:45  INFO 838825 --- [EcommerceCommon] [restartedMain] .e.DevToolsPropertyDefaultsPostProcessor : For additional web related logging consider setting the 'logging.level.web' property to 'DEBUG'
2025-05-01T19:25:08.212+05:45  INFO 838825 --- [EcommerceCommon] [restartedMain] .s.d.r.c.RepositoryConfigurationDelegate : Bootstrapping Spring Data JPA repositories in DEFAULT mode.
2025-05-01T19:25:08.281+05:45  INFO 838825 --- [EcommerceCommon] [restartedMain] .s.d.r.c.RepositoryConfigurationDelegate : Finished Spring Data repository scanning in 59 ms. Found 2 JPA repository interfaces.
2025-05-01T19:25:08.795+05:45  INFO 838825 --- [EcommerceCommon] [restartedMain] o.s.b.w.embedded.tomcat.TomcatWebServer  : Tomcat initialized with port 8080 (http)
2025-05-01T19:25:08.810+05:45  INFO 838825 --- [EcommerceCommon] [restartedMain] o.apache.catalina.core.StandardService   : Starting service [Tomcat]
2025-05-01T19:25:08.811+05:45  INFO 838825 --- [EcommerceCommon] [restartedMain] o.apache.catalina.core.StandardEngine    : Starting Servlet engine: [Apache Tomcat/10.1.40]
2025-05-01T19:25:08.857+05:45  INFO 838825 --- [EcommerceCommon] [restartedMain] o.a.c.c.C.[Tomcat].[localhost].[/admin]  : Initializing Spring embedded WebApplicationContext
2025-05-01T19:25:08.858+05:45  INFO 838825 --- [EcommerceCommon] [restartedMain] w.s.c.ServletWebServerApplicationContext : Root WebApplicationContext: initialization completed in 1432 ms
2025-05-01T19:25:09.029+05:45  INFO 838825 --- [EcommerceCommon] [restartedMain] o.hibernate.jpa.internal.util.LogHelper  : HHH000204: Processing PersistenceUnitInfo [name: default]
2025-05-01T19:25:09.099+05:45  INFO 838825 --- [EcommerceCommon] [restartedMain] org.hibernate.Version                    : HHH000412: Hibernate ORM core version 6.5.3.Final
2025-05-01T19:25:09.139+05:45  INFO 838825 --- [EcommerceCommon] [restartedMain] o.h.c.internal.RegionFactoryInitiator    : HHH000026: Second-level cache disabled
2025-05-01T19:25:09.493+05:45  INFO 838825 --- [EcommerceCommon] [restartedMain] o.s.o.j.p.SpringPersistenceUnitInfo      : No LoadTimeWeaver setup: ignoring JPA class transformer
2025-05-01T19:25:09.527+05:45  INFO 838825 --- [EcommerceCommon] [restartedMain] com.zaxxer.hikari.HikariDataSource       : HikariPool-1 - Starting...
2025-05-01T19:25:09.694+05:45  INFO 838825 --- [EcommerceCommon] [restartedMain] com.zaxxer.hikari.pool.HikariPool        : HikariPool-1 - Added connection org.postgresql.jdbc.PgConnection@2b13db18
2025-05-01T19:25:09.696+05:45  INFO 838825 --- [EcommerceCommon] [restartedMain] com.zaxxer.hikari.HikariDataSource       : HikariPool-1 - Start completed.
2025-05-01T19:25:09.731+05:45  WARN 838825 --- [EcommerceCommon] [restartedMain] org.hibernate.orm.deprecation            : HHH90000025: PostgreSQLDialect does not need to be specified explicitly using 'hibernate.dialect' (remove the property setting and it will be selected by default)
2025-05-01T19:25:10.723+05:45  INFO 838825 --- [EcommerceCommon] [restartedMain] o.h.e.t.j.p.i.JtaPlatformInitiator       : HHH000489: No JTA platform available (set 'hibernate.transaction.jta.platform' to enable JTA platform integration)
2025-05-01T19:25:10.893+05:45  INFO 838825 --- [EcommerceCommon] [restartedMain] j.LocalContainerEntityManagerFactoryBean : Initialized JPA EntityManagerFactory for persistence unit 'default'
2025-05-01T19:25:11.161+05:45  WARN 838825 --- [EcommerceCommon] [restartedMain] JpaBaseConfiguration$JpaWebConfiguration : spring.jpa.open-in-view is enabled by default. Therefore, database queries may be performed during view rendering. Explicitly configure spring.jpa.open-in-view to disable this warning
2025-05-01T19:25:11.185+05:45  INFO 838825 --- [EcommerceCommon] [restartedMain] o.s.b.a.w.s.WelcomePageHandlerMapping    : Adding welcome page template: index
2025-05-01T19:25:11.803+05:45  INFO 838825 --- [EcommerceCommon] [restartedMain] o.s.b.d.a.OptionalLiveReloadServer       : LiveReload server is running on port 35729
2025-05-01T19:25:11.843+05:45  INFO 838825 --- [EcommerceCommon] [restartedMain] o.s.b.w.embedded.tomcat.TomcatWebServer  : Tomcat started on port 8080 (http) with context path '/admin'
2025-05-01T19:25:11.853+05:45  INFO 838825 --- [EcommerceCommon] [restartedMain] n.c.j.e.a.EcommerceBackendApplication    : Started EcommerceBackendApplication in 5.146 seconds (process running for 6.126)
2025-05-01T19:25:17.501+05:45  INFO 838825 --- [EcommerceCommon] [http-nio-8080-exec-1] o.a.c.c.C.[Tomcat].[localhost].[/admin]  : Initializing Spring DispatcherServlet 'dispatcherServlet'
2025-05-01T19:25:17.502+05:45  INFO 838825 --- [EcommerceCommon] [http-nio-8080-exec-1] o.s.web.servlet.DispatcherServlet        : Initializing Servlet 'dispatcherServlet'
2025-05-01T19:25:17.504+05:45  INFO 838825 --- [EcommerceCommon] [http-nio-8080-exec-1] o.s.web.servlet.DispatcherServlet        : Completed initialization in 2 ms
2025-05-01T19:26:39.819+05:45  INFO 838825 --- [EcommerceCommon] [File Watcher] rtingClassPathChangeChangedEventListener : Restarting due to 1 class path change (0 additions, 0 deletions, 1 modification)
2025-05-01T19:26:39.831+05:45  INFO 838825 --- [EcommerceCommon] [Thread-5] j.LocalContainerEntityManagerFactoryBean : Closing JPA EntityManagerFactory for persistence unit 'default'
2025-05-01T19:26:39.836+05:45  INFO 838825 --- [EcommerceCommon] [Thread-5] com.zaxxer.hikari.HikariDataSource       : HikariPool-1 - Shutdown initiated...
2025-05-01T19:26:39.839+05:45  INFO 838825 --- [EcommerceCommon] [Thread-5] com.zaxxer.hikari.HikariDataSource       : HikariPool-1 - Shutdown completed.
2025-05-01T19:26:39.946+05:45  INFO 838825 --- [EcommerceCommon] [restartedMain] n.c.j.e.a.EcommerceBackendApplication    : Starting EcommerceBackendApplication using Java 21.0.7 with PID 838825 (/home/jp/Documents/eclipse-workspace/EcommerceProject/EcommerceWebParent/EcommerceBackend/target/classes started by jp in /home/jp/Documents/eclipse-workspace/EcommerceProject)
2025-05-01T19:26:39.946+05:45  INFO 838825 --- [EcommerceCommon] [restartedMain] n.c.j.e.a.EcommerceBackendApplication    : No active profile set, falling back to 1 default profile: "default"
2025-05-01T19:26:40.191+05:45  INFO 838825 --- [EcommerceCommon] [restartedMain] .s.d.r.c.RepositoryConfigurationDelegate : Bootstrapping Spring Data JPA repositories in DEFAULT mode.
2025-05-01T19:26:40.200+05:45  INFO 838825 --- [EcommerceCommon] [restartedMain] .s.d.r.c.RepositoryConfigurationDelegate : Finished Spring Data repository scanning in 9 ms. Found 2 JPA repository interfaces.
2025-05-01T19:26:40.361+05:45  INFO 838825 --- [EcommerceCommon] [restartedMain] o.s.b.w.embedded.tomcat.TomcatWebServer  : Tomcat initialized with port 8080 (http)
2025-05-01T19:26:40.363+05:45  INFO 838825 --- [EcommerceCommon] [restartedMain] o.apache.catalina.core.StandardService   : Starting service [Tomcat]
2025-05-01T19:26:40.364+05:45  INFO 838825 --- [EcommerceCommon] [restartedMain] o.apache.catalina.core.StandardEngine    : Starting Servlet engine: [Apache Tomcat/10.1.40]
2025-05-01T19:26:40.383+05:45  INFO 838825 --- [EcommerceCommon] [restartedMain] o.a.c.c.C.[Tomcat].[localhost].[/admin]  : Initializing Spring embedded WebApplicationContext
2025-05-01T19:26:40.383+05:45  INFO 838825 --- [EcommerceCommon] [restartedMain] w.s.c.ServletWebServerApplicationContext : Root WebApplicationContext: initialization completed in 433 ms
2025-05-01T19:26:40.462+05:45  INFO 838825 --- [EcommerceCommon] [restartedMain] o.hibernate.jpa.internal.util.LogHelper  : HHH000204: Processing PersistenceUnitInfo [name: default]
2025-05-01T19:26:40.466+05:45  INFO 838825 --- [EcommerceCommon] [restartedMain] o.h.c.internal.RegionFactoryInitiator    : HHH000026: Second-level cache disabled
2025-05-01T19:26:40.480+05:45  INFO 838825 --- [EcommerceCommon] [restartedMain] o.s.o.j.p.SpringPersistenceUnitInfo      : No LoadTimeWeaver setup: ignoring JPA class transformer
2025-05-01T19:26:40.482+05:45  INFO 838825 --- [EcommerceCommon] [restartedMain] com.zaxxer.hikari.HikariDataSource       : HikariPool-2 - Starting...
2025-05-01T19:26:40.612+05:45  INFO 838825 --- [EcommerceCommon] [restartedMain] com.zaxxer.hikari.pool.HikariPool        : HikariPool-2 - Added connection org.postgresql.jdbc.PgConnection@ebea118
2025-05-01T19:26:40.613+05:45  INFO 838825 --- [EcommerceCommon] [restartedMain] com.zaxxer.hikari.HikariDataSource       : HikariPool-2 - Start completed.
2025-05-01T19:26:40.617+05:45  WARN 838825 --- [EcommerceCommon] [restartedMain] org.hibernate.orm.deprecation            : HHH90000025: PostgreSQLDialect does not need to be specified explicitly using 'hibernate.dialect' (remove the property setting and it will be selected by default)
2025-05-01T19:26:40.713+05:45  INFO 838825 --- [EcommerceCommon] [restartedMain] o.h.e.t.j.p.i.JtaPlatformInitiator       : HHH000489: No JTA platform available (set 'hibernate.transaction.jta.platform' to enable JTA platform integration)
2025-05-01T19:26:40.915+05:45  INFO 838825 --- [EcommerceCommon] [restartedMain] j.LocalContainerEntityManagerFactoryBean : Initialized JPA EntityManagerFactory for persistence unit 'default'
2025-05-01T19:26:41.052+05:45  WARN 838825 --- [EcommerceCommon] [restartedMain] JpaBaseConfiguration$JpaWebConfiguration : spring.jpa.open-in-view is enabled by default. Therefore, database queries may be performed during view rendering. Explicitly configure spring.jpa.open-in-view to disable this warning
2025-05-01T19:26:41.067+05:45  INFO 838825 --- [EcommerceCommon] [restartedMain] o.s.b.a.w.s.WelcomePageHandlerMapping    : Adding welcome page template: index
2025-05-01T19:26:41.397+05:45  INFO 838825 --- [EcommerceCommon] [restartedMain] o.s.b.d.a.OptionalLiveReloadServer       : LiveReload server is running on port 35729
2025-05-01T19:26:41.417+05:45  INFO 838825 --- [EcommerceCommon] [restartedMain] o.s.b.w.embedded.tomcat.TomcatWebServer  : Tomcat started on port 8080 (http) with context path '/admin'
2025-05-01T19:26:41.424+05:45  INFO 838825 --- [EcommerceCommon] [restartedMain] n.c.j.e.a.EcommerceBackendApplication    : Started EcommerceBackendApplication in 1.524 seconds (process running for 95.697)
2025-05-01T19:26:41.427+05:45  INFO 838825 --- [EcommerceCommon] [restartedMain] .ConditionEvaluationDeltaLoggingListener : Condition evaluation unchanged
2025-05-01T19:26:51.822+05:45  INFO 838825 --- [EcommerceCommon] [File Watcher] rtingClassPathChangeChangedEventListener : Restarting due to 1 class path change (0 additions, 0 deletions, 1 modification)
2025-05-01T19:26:51.829+05:45  INFO 838825 --- [EcommerceCommon] [Thread-7] j.LocalContainerEntityManagerFactoryBean : Closing JPA EntityManagerFactory for persistence unit 'default'
2025-05-01T19:26:51.830+05:45  INFO 838825 --- [EcommerceCommon] [Thread-7] com.zaxxer.hikari.HikariDataSource       : HikariPool-2 - Shutdown initiated...
2025-05-01T19:26:51.832+05:45  INFO 838825 --- [EcommerceCommon] [Thread-7] com.zaxxer.hikari.HikariDataSource       : HikariPool-2 - Shutdown completed.
2025-05-01T19:26:51.941+05:45  INFO 838825 --- [EcommerceCommon] [restartedMain] n.c.j.e.a.EcommerceBackendApplication    : Starting EcommerceBackendApplication using Java 21.0.7 with PID 838825 (/home/jp/Documents/eclipse-workspace/EcommerceProject/EcommerceWebParent/EcommerceBackend/target/classes started by jp in /home/jp/Documents/eclipse-workspace/EcommerceProject)
2025-05-01T19:26:51.942+05:45  INFO 838825 --- [EcommerceCommon] [restartedMain] n.c.j.e.a.EcommerceBackendApplication    : No active profile set, falling back to 1 default profile: "default"
2025-05-01T19:26:52.137+05:45  INFO 838825 --- [EcommerceCommon] [restartedMain] .s.d.r.c.RepositoryConfigurationDelegate : Bootstrapping Spring Data JPA repositories in DEFAULT mode.
2025-05-01T19:26:52.149+05:45  INFO 838825 --- [EcommerceCommon] [restartedMain] .s.d.r.c.RepositoryConfigurationDelegate : Finished Spring Data repository scanning in 11 ms. Found 2 JPA repository interfaces.
2025-05-01T19:26:52.268+05:45  INFO 838825 --- [EcommerceCommon] [restartedMain] o.s.b.w.embedded.tomcat.TomcatWebServer  : Tomcat initialized with port 8080 (http)
2025-05-01T19:26:52.269+05:45  INFO 838825 --- [EcommerceCommon] [restartedMain] o.apache.catalina.core.StandardService   : Starting service [Tomcat]
2025-05-01T19:26:52.270+05:45  INFO 838825 --- [EcommerceCommon] [restartedMain] o.apache.catalina.core.StandardEngine    : Starting Servlet engine: [Apache Tomcat/10.1.40]
2025-05-01T19:26:52.281+05:45  INFO 838825 --- [EcommerceCommon] [restartedMain] o.a.c.c.C.[Tomcat].[localhost].[/admin]  : Initializing Spring embedded WebApplicationContext
2025-05-01T19:26:52.282+05:45  INFO 838825 --- [EcommerceCommon] [restartedMain] w.s.c.ServletWebServerApplicationContext : Root WebApplicationContext: initialization completed in 337 ms
2025-05-01T19:26:52.334+05:45  INFO 838825 --- [EcommerceCommon] [restartedMain] o.hibernate.jpa.internal.util.LogHelper  : HHH000204: Processing PersistenceUnitInfo [name: default]
2025-05-01T19:26:52.336+05:45  INFO 838825 --- [EcommerceCommon] [restartedMain] o.h.c.internal.RegionFactoryInitiator    : HHH000026: Second-level cache disabled
2025-05-01T19:26:52.353+05:45  INFO 838825 --- [EcommerceCommon] [restartedMain] o.s.o.j.p.SpringPersistenceUnitInfo      : No LoadTimeWeaver setup: ignoring JPA class transformer
2025-05-01T19:26:52.355+05:45  INFO 838825 --- [EcommerceCommon] [restartedMain] com.zaxxer.hikari.HikariDataSource       : HikariPool-3 - Starting...
2025-05-01T19:26:52.397+05:45  INFO 838825 --- [EcommerceCommon] [restartedMain] com.zaxxer.hikari.pool.HikariPool        : HikariPool-3 - Added connection org.postgresql.jdbc.PgConnection@3d467704
2025-05-01T19:26:52.398+05:45  INFO 838825 --- [EcommerceCommon] [restartedMain] com.zaxxer.hikari.HikariDataSource       : HikariPool-3 - Start completed.
2025-05-01T19:26:52.401+05:45  WARN 838825 --- [EcommerceCommon] [restartedMain] org.hibernate.orm.deprecation            : HHH90000025: PostgreSQLDialect does not need to be specified explicitly using 'hibernate.dialect' (remove the property setting and it will be selected by default)
2025-05-01T19:26:52.480+05:45  INFO 838825 --- [EcommerceCommon] [restartedMain] o.h.e.t.j.p.i.JtaPlatformInitiator       : HHH000489: No JTA platform available (set 'hibernate.transaction.jta.platform' to enable JTA platform integration)
2025-05-01T19:26:52.683+05:45  INFO 838825 --- [EcommerceCommon] [restartedMain] j.LocalContainerEntityManagerFactoryBean : Initialized JPA EntityManagerFactory for persistence unit 'default'
2025-05-01T19:26:52.776+05:45  WARN 838825 --- [EcommerceCommon] [restartedMain] JpaBaseConfiguration$JpaWebConfiguration : spring.jpa.open-in-view is enabled by default. Therefore, database queries may be performed during view rendering. Explicitly configure spring.jpa.open-in-view to disable this warning
2025-05-01T19:26:52.788+05:45  INFO 838825 --- [EcommerceCommon] [restartedMain] o.s.b.a.w.s.WelcomePageHandlerMapping    : Adding welcome page template: index
2025-05-01T19:26:53.074+05:45  INFO 838825 --- [EcommerceCommon] [restartedMain] o.s.b.d.a.OptionalLiveReloadServer       : LiveReload server is running on port 35729
2025-05-01T19:26:53.096+05:45  INFO 838825 --- [EcommerceCommon] [restartedMain] o.s.b.w.embedded.tomcat.TomcatWebServer  : Tomcat started on port 8080 (http) with context path '/admin'
2025-05-01T19:26:53.101+05:45  INFO 838825 --- [EcommerceCommon] [restartedMain] n.c.j.e.a.EcommerceBackendApplication    : Started EcommerceBackendApplication in 1.204 seconds (process running for 107.374)
2025-05-01T19:26:53.103+05:45  INFO 838825 --- [EcommerceCommon] [restartedMain] .ConditionEvaluationDeltaLoggingListener : Condition evaluation unchanged
2025-05-01T19:27:58.629+05:45  INFO 838825 --- [EcommerceCommon] [File Watcher] rtingClassPathChangeChangedEventListener : Restarting due to 1 class path change (0 additions, 0 deletions, 1 modification)
2025-05-01T19:27:58.639+05:45  INFO 838825 --- [EcommerceCommon] [Thread-11] j.LocalContainerEntityManagerFactoryBean : Closing JPA EntityManagerFactory for persistence unit 'default'
2025-05-01T19:27:58.640+05:45  INFO 838825 --- [EcommerceCommon] [Thread-11] com.zaxxer.hikari.HikariDataSource       : HikariPool-3 - Shutdown initiated...
2025-05-01T19:27:58.641+05:45  INFO 838825 --- [EcommerceCommon] [Thread-11] com.zaxxer.hikari.HikariDataSource       : HikariPool-3 - Shutdown completed.
2025-05-01T19:27:58.749+05:45  INFO 838825 --- [EcommerceCommon] [restartedMain] n.c.j.e.a.EcommerceBackendApplication    : Starting EcommerceBackendApplication using Java 21.0.7 with PID 838825 (/home/jp/Documents/eclipse-workspace/EcommerceProject/EcommerceWebParent/EcommerceBackend/target/classes started by jp in /home/jp/Documents/eclipse-workspace/EcommerceProject)
2025-05-01T19:27:58.749+05:45  INFO 838825 --- [EcommerceCommon] [restartedMain] n.c.j.e.a.EcommerceBackendApplication    : No active profile set, falling back to 1 default profile: "default"
2025-05-01T19:27:58.994+05:45  INFO 838825 --- [EcommerceCommon] [restartedMain] .s.d.r.c.RepositoryConfigurationDelegate : Bootstrapping Spring Data JPA repositories in DEFAULT mode.
2025-05-01T19:27:59.006+05:45  INFO 838825 --- [EcommerceCommon] [restartedMain] .s.d.r.c.RepositoryConfigurationDelegate : Finished Spring Data repository scanning in 11 ms. Found 2 JPA repository interfaces.
2025-05-01T19:27:59.160+05:45  INFO 838825 --- [EcommerceCommon] [restartedMain] o.s.b.w.embedded.tomcat.TomcatWebServer  : Tomcat initialized with port 8080 (http)
2025-05-01T19:27:59.162+05:45  INFO 838825 --- [EcommerceCommon] [restartedMain] o.apache.catalina.core.StandardService   : Starting service [Tomcat]
2025-05-01T19:27:59.163+05:45  INFO 838825 --- [EcommerceCommon] [restartedMain] o.apache.catalina.core.StandardEngine    : Starting Servlet engine: [Apache Tomcat/10.1.40]
2025-05-01T19:27:59.208+05:45  INFO 838825 --- [EcommerceCommon] [restartedMain] o.a.c.c.C.[Tomcat].[localhost].[/admin]  : Initializing Spring embedded WebApplicationContext
2025-05-01T19:27:59.209+05:45  INFO 838825 --- [EcommerceCommon] [restartedMain] w.s.c.ServletWebServerApplicationContext : Root WebApplicationContext: initialization completed in 457 ms
2025-05-01T19:27:59.289+05:45  INFO 838825 --- [EcommerceCommon] [restartedMain] o.hibernate.jpa.internal.util.LogHelper  : HHH000204: Processing PersistenceUnitInfo [name: default]
2025-05-01T19:27:59.292+05:45  INFO 838825 --- [EcommerceCommon] [restartedMain] o.h.c.internal.RegionFactoryInitiator    : HHH000026: Second-level cache disabled
2025-05-01T19:27:59.304+05:45  INFO 838825 --- [EcommerceCommon] [restartedMain] o.s.o.j.p.SpringPersistenceUnitInfo      : No LoadTimeWeaver setup: ignoring JPA class transformer
2025-05-01T19:27:59.307+05:45  INFO 838825 --- [EcommerceCommon] [restartedMain] com.zaxxer.hikari.HikariDataSource       : HikariPool-4 - Starting...
2025-05-01T19:27:59.439+05:45  INFO 838825 --- [EcommerceCommon] [restartedMain] com.zaxxer.hikari.pool.HikariPool        : HikariPool-4 - Added connection org.postgresql.jdbc.PgConnection@77bbc36e
2025-05-01T19:27:59.439+05:45  INFO 838825 --- [EcommerceCommon] [restartedMain] com.zaxxer.hikari.HikariDataSource       : HikariPool-4 - Start completed.
2025-05-01T19:27:59.443+05:45  WARN 838825 --- [EcommerceCommon] [restartedMain] org.hibernate.orm.deprecation            : HHH90000025: PostgreSQLDialect does not need to be specified explicitly using 'hibernate.dialect' (remove the property setting and it will be selected by default)
2025-05-01T19:27:59.534+05:45  INFO 838825 --- [EcommerceCommon] [restartedMain] o.h.e.t.j.p.i.JtaPlatformInitiator       : HHH000489: No JTA platform available (set 'hibernate.transaction.jta.platform' to enable JTA platform integration)
2025-05-01T19:27:59.733+05:45  INFO 838825 --- [EcommerceCommon] [restartedMain] j.LocalContainerEntityManagerFactoryBean : Initialized JPA EntityManagerFactory for persistence unit 'default'
2025-05-01T19:27:59.834+05:45  WARN 838825 --- [EcommerceCommon] [restartedMain] JpaBaseConfiguration$JpaWebConfiguration : spring.jpa.open-in-view is enabled by default. Therefore, database queries may be performed during view rendering. Explicitly configure spring.jpa.open-in-view to disable this warning
2025-05-01T19:27:59.847+05:45  INFO 838825 --- [EcommerceCommon] [restartedMain] o.s.b.a.w.s.WelcomePageHandlerMapping    : Adding welcome page template: index
2025-05-01T19:28:00.215+05:45  INFO 838825 --- [EcommerceCommon] [restartedMain] o.s.b.d.a.OptionalLiveReloadServer       : LiveReload server is running on port 35729
2025-05-01T19:28:00.240+05:45  INFO 838825 --- [EcommerceCommon] [restartedMain] o.s.b.w.embedded.tomcat.TomcatWebServer  : Tomcat started on port 8080 (http) with context path '/admin'
2025-05-01T19:28:00.246+05:45  INFO 838825 --- [EcommerceCommon] [restartedMain] n.c.j.e.a.EcommerceBackendApplication    : Started EcommerceBackendApplication in 1.54 seconds (process running for 174.518)
2025-05-01T19:28:00.248+05:45  INFO 838825 --- [EcommerceCommon] [restartedMain] .ConditionEvaluationDeltaLoggingListener : Condition evaluation unchanged
2025-05-01T19:28:03.624+05:45  INFO 838825 --- [EcommerceCommon] [File Watcher] rtingClassPathChangeChangedEventListener : Restarting due to 1 class path change (0 additions, 0 deletions, 1 modification)
2025-05-01T19:28:03.630+05:45  INFO 838825 --- [EcommerceCommon] [Thread-15] j.LocalContainerEntityManagerFactoryBean : Closing JPA EntityManagerFactory for persistence unit 'default'
2025-05-01T19:28:03.630+05:45  INFO 838825 --- [EcommerceCommon] [Thread-15] com.zaxxer.hikari.HikariDataSource       : HikariPool-4 - Shutdown initiated...
2025-05-01T19:28:03.633+05:45  INFO 838825 --- [EcommerceCommon] [Thread-15] com.zaxxer.hikari.HikariDataSource       : HikariPool-4 - Shutdown completed.
2025-05-01T19:28:03.730+05:45  INFO 838825 --- [EcommerceCommon] [restartedMain] n.c.j.e.a.EcommerceBackendApplication    : Starting EcommerceBackendApplication using Java 21.0.7 with PID 838825 (/home/jp/Documents/eclipse-workspace/EcommerceProject/EcommerceWebParent/EcommerceBackend/target/classes started by jp in /home/jp/Documents/eclipse-workspace/EcommerceProject)
2025-05-01T19:28:03.731+05:45  INFO 838825 --- [EcommerceCommon] [restartedMain] n.c.j.e.a.EcommerceBackendApplication    : No active profile set, falling back to 1 default profile: "default"
2025-05-01T19:28:03.968+05:45  INFO 838825 --- [EcommerceCommon] [restartedMain] .s.d.r.c.RepositoryConfigurationDelegate : Bootstrapping Spring Data JPA repositories in DEFAULT mode.
2025-05-01T19:28:03.976+05:45  INFO 838825 --- [EcommerceCommon] [restartedMain] .s.d.r.c.RepositoryConfigurationDelegate : Finished Spring Data repository scanning in 7 ms. Found 2 JPA repository interfaces.
2025-05-01T19:28:04.090+05:45  INFO 838825 --- [EcommerceCommon] [restartedMain] o.s.b.w.embedded.tomcat.TomcatWebServer  : Tomcat initialized with port 8080 (http)
2025-05-01T19:28:04.091+05:45  INFO 838825 --- [EcommerceCommon] [restartedMain] o.apache.catalina.core.StandardService   : Starting service [Tomcat]
2025-05-01T19:28:04.092+05:45  INFO 838825 --- [EcommerceCommon] [restartedMain] o.apache.catalina.core.StandardEngine    : Starting Servlet engine: [Apache Tomcat/10.1.40]
2025-05-01T19:28:04.105+05:45  INFO 838825 --- [EcommerceCommon] [restartedMain] o.a.c.c.C.[Tomcat].[localhost].[/admin]  : Initializing Spring embedded WebApplicationContext
2025-05-01T19:28:04.106+05:45  INFO 838825 --- [EcommerceCommon] [restartedMain] w.s.c.ServletWebServerApplicationContext : Root WebApplicationContext: initialization completed in 372 ms
2025-05-01T19:28:04.168+05:45  INFO 838825 --- [EcommerceCommon] [restartedMain] o.hibernate.jpa.internal.util.LogHelper  : HHH000204: Processing PersistenceUnitInfo [name: default]
2025-05-01T19:28:04.171+05:45  INFO 838825 --- [EcommerceCommon] [restartedMain] o.h.c.internal.RegionFactoryInitiator    : HHH000026: Second-level cache disabled
2025-05-01T19:28:04.182+05:45  INFO 838825 --- [EcommerceCommon] [restartedMain] o.s.o.j.p.SpringPersistenceUnitInfo      : No LoadTimeWeaver setup: ignoring JPA class transformer
2025-05-01T19:28:04.183+05:45  INFO 838825 --- [EcommerceCommon] [restartedMain] com.zaxxer.hikari.HikariDataSource       : HikariPool-5 - Starting...
2025-05-01T19:28:04.214+05:45  INFO 838825 --- [EcommerceCommon] [restartedMain] com.zaxxer.hikari.pool.HikariPool        : HikariPool-5 - Added connection org.postgresql.jdbc.PgConnection@723ffbe1
2025-05-01T19:28:04.215+05:45  INFO 838825 --- [EcommerceCommon] [restartedMain] com.zaxxer.hikari.HikariDataSource       : HikariPool-5 - Start completed.
2025-05-01T19:28:04.219+05:45  WARN 838825 --- [EcommerceCommon] [restartedMain] org.hibernate.orm.deprecation            : HHH90000025: PostgreSQLDialect does not need to be specified explicitly using 'hibernate.dialect' (remove the property setting and it will be selected by default)
2025-05-01T19:28:04.301+05:45  INFO 838825 --- [EcommerceCommon] [restartedMain] o.h.e.t.j.p.i.JtaPlatformInitiator       : HHH000489: No JTA platform available (set 'hibernate.transaction.jta.platform' to enable JTA platform integration)
2025-05-01T19:28:04.501+05:45  INFO 838825 --- [EcommerceCommon] [restartedMain] j.LocalContainerEntityManagerFactoryBean : Initialized JPA EntityManagerFactory for persistence unit 'default'
2025-05-01T19:28:04.576+05:45  WARN 838825 --- [EcommerceCommon] [restartedMain] JpaBaseConfiguration$JpaWebConfiguration : spring.jpa.open-in-view is enabled by default. Therefore, database queries may be performed during view rendering. Explicitly configure spring.jpa.open-in-view to disable this warning
2025-05-01T19:28:04.586+05:45  INFO 838825 --- [EcommerceCommon] [restartedMain] o.s.b.a.w.s.WelcomePageHandlerMapping    : Adding welcome page template: index
2025-05-01T19:28:04.832+05:45  INFO 838825 --- [EcommerceCommon] [restartedMain] o.s.b.d.a.OptionalLiveReloadServer       : LiveReload server is running on port 35729
2025-05-01T19:28:04.849+05:45  INFO 838825 --- [EcommerceCommon] [restartedMain] o.s.b.w.embedded.tomcat.TomcatWebServer  : Tomcat started on port 8080 (http) with context path '/admin'
2025-05-01T19:28:04.852+05:45  INFO 838825 --- [EcommerceCommon] [restartedMain] n.c.j.e.a.EcommerceBackendApplication    : Started EcommerceBackendApplication in 1.163 seconds (process running for 179.125)
2025-05-01T19:28:04.853+05:45  INFO 838825 --- [EcommerceCommon] [restartedMain] .ConditionEvaluationDeltaLoggingListener : Condition evaluation unchanged
2025-05-01T19:28:13.255+05:45  INFO 838825 --- [EcommerceCommon] [File Watcher] rtingClassPathChangeChangedEventListener : Restarting due to 1 class path change (0 additions, 0 deletions, 1 modification)
2025-05-01T19:28:13.260+05:45  INFO 838825 --- [EcommerceCommon] [Thread-19] j.LocalContainerEntityManagerFactoryBean : Closing JPA EntityManagerFactory for persistence unit 'default'
2025-05-01T19:28:13.261+05:45  INFO 838825 --- [EcommerceCommon] [Thread-19] com.zaxxer.hikari.HikariDataSource       : HikariPool-5 - Shutdown initiated...
2025-05-01T19:28:13.263+05:45  INFO 838825 --- [EcommerceCommon] [Thread-19] com.zaxxer.hikari.HikariDataSource       : HikariPool-5 - Shutdown completed.
2025-05-01T19:28:13.351+05:45  INFO 838825 --- [EcommerceCommon] [restartedMain] n.c.j.e.a.EcommerceBackendApplication    : Starting EcommerceBackendApplication using Java 21.0.7 with PID 838825 (/home/jp/Documents/eclipse-workspace/EcommerceProject/EcommerceWebParent/EcommerceBackend/target/classes started by jp in /home/jp/Documents/eclipse-workspace/EcommerceProject)
2025-05-01T19:28:13.352+05:45  INFO 838825 --- [EcommerceCommon] [restartedMain] n.c.j.e.a.EcommerceBackendApplication    : No active profile set, falling back to 1 default profile: "default"
2025-05-01T19:28:13.548+05:45  INFO 838825 --- [EcommerceCommon] [restartedMain] .s.d.r.c.RepositoryConfigurationDelegate : Bootstrapping Spring Data JPA repositories in DEFAULT mode.
2025-05-01T19:28:13.558+05:45  INFO 838825 --- [EcommerceCommon] [restartedMain] .s.d.r.c.RepositoryConfigurationDelegate : Finished Spring Data repository scanning in 10 ms. Found 2 JPA repository interfaces.
2025-05-01T19:28:13.695+05:45  INFO 838825 --- [EcommerceCommon] [restartedMain] o.s.b.w.embedded.tomcat.TomcatWebServer  : Tomcat initialized with port 8080 (http)
2025-05-01T19:28:13.696+05:45  INFO 838825 --- [EcommerceCommon] [restartedMain] o.apache.catalina.core.StandardService   : Starting service [Tomcat]
2025-05-01T19:28:13.697+05:45  INFO 838825 --- [EcommerceCommon] [restartedMain] o.apache.catalina.core.StandardEngine    : Starting Servlet engine: [Apache Tomcat/10.1.40]
2025-05-01T19:28:13.711+05:45  INFO 838825 --- [EcommerceCommon] [restartedMain] o.a.c.c.C.[Tomcat].[localhost].[/admin]  : Initializing Spring embedded WebApplicationContext
2025-05-01T19:28:13.711+05:45  INFO 838825 --- [EcommerceCommon] [restartedMain] w.s.c.ServletWebServerApplicationContext : Root WebApplicationContext: initialization completed in 357 ms
2025-05-01T19:28:13.778+05:45  INFO 838825 --- [EcommerceCommon] [restartedMain] o.hibernate.jpa.internal.util.LogHelper  : HHH000204: Processing PersistenceUnitInfo [name: default]
2025-05-01T19:28:13.781+05:45  INFO 838825 --- [EcommerceCommon] [restartedMain] o.h.c.internal.RegionFactoryInitiator    : HHH000026: Second-level cache disabled
2025-05-01T19:28:13.799+05:45  INFO 838825 --- [EcommerceCommon] [restartedMain] o.s.o.j.p.SpringPersistenceUnitInfo      : No LoadTimeWeaver setup: ignoring JPA class transformer
2025-05-01T19:28:13.801+05:45  INFO 838825 --- [EcommerceCommon] [restartedMain] com.zaxxer.hikari.HikariDataSource       : HikariPool-6 - Starting...
2025-05-01T19:28:13.843+05:45  INFO 838825 --- [EcommerceCommon] [restartedMain] com.zaxxer.hikari.pool.HikariPool        : HikariPool-6 - Added connection org.postgresql.jdbc.PgConnection@33ff1ad5
2025-05-01T19:28:13.844+05:45  INFO 838825 --- [EcommerceCommon] [restartedMain] com.zaxxer.hikari.HikariDataSource       : HikariPool-6 - Start completed.
2025-05-01T19:28:13.849+05:45  WARN 838825 --- [EcommerceCommon] [restartedMain] org.hibernate.orm.deprecation            : HHH90000025: PostgreSQLDialect does not need to be specified explicitly using 'hibernate.dialect' (remove the property setting and it will be selected by default)
2025-05-01T19:28:13.930+05:45  INFO 838825 --- [EcommerceCommon] [restartedMain] o.h.e.t.j.p.i.JtaPlatformInitiator       : HHH000489: No JTA platform available (set 'hibernate.transaction.jta.platform' to enable JTA platform integration)
2025-05-01T19:28:14.140+05:45  INFO 838825 --- [EcommerceCommon] [restartedMain] j.LocalContainerEntityManagerFactoryBean : Initialized JPA EntityManagerFactory for persistence unit 'default'
2025-05-01T19:28:14.276+05:45  WARN 838825 --- [EcommerceCommon] [restartedMain] JpaBaseConfiguration$JpaWebConfiguration : spring.jpa.open-in-view is enabled by default. Therefore, database queries may be performed during view rendering. Explicitly configure spring.jpa.open-in-view to disable this warning
2025-05-01T19:28:14.288+05:45  INFO 838825 --- [EcommerceCommon] [restartedMain] o.s.b.a.w.s.WelcomePageHandlerMapping    : Adding welcome page template: index
2025-05-01T19:28:14.586+05:45  INFO 838825 --- [EcommerceCommon] [restartedMain] o.s.b.d.a.OptionalLiveReloadServer       : LiveReload server is running on port 35729
2025-05-01T19:28:14.605+05:45  INFO 838825 --- [EcommerceCommon] [restartedMain] o.s.b.w.embedded.tomcat.TomcatWebServer  : Tomcat started on port 8080 (http) with context path '/admin'
2025-05-01T19:28:14.609+05:45  INFO 838825 --- [EcommerceCommon] [restartedMain] n.c.j.e.a.EcommerceBackendApplication    : Started EcommerceBackendApplication in 1.288 seconds (process running for 188.881)
2025-05-01T19:28:14.611+05:45  INFO 838825 --- [EcommerceCommon] [restartedMain] .ConditionEvaluationDeltaLoggingListener : Condition evaluation unchanged
2025-05-01T19:28:16.000+05:45  INFO 838825 --- [EcommerceCommon] [File Watcher] rtingClassPathChangeChangedEventListener : Restarting due to 1 class path change (0 additions, 0 deletions, 1 modification)
2025-05-01T19:28:16.004+05:45  INFO 838825 --- [EcommerceCommon] [Thread-23] j.LocalContainerEntityManagerFactoryBean : Closing JPA EntityManagerFactory for persistence unit 'default'
2025-05-01T19:28:16.005+05:45  INFO 838825 --- [EcommerceCommon] [Thread-23] com.zaxxer.hikari.HikariDataSource       : HikariPool-6 - Shutdown initiated...
2025-05-01T19:28:16.006+05:45  INFO 838825 --- [EcommerceCommon] [Thread-23] com.zaxxer.hikari.HikariDataSource       : HikariPool-6 - Shutdown completed.
2025-05-01T19:28:16.077+05:45  INFO 838825 --- [EcommerceCommon] [restartedMain] n.c.j.e.a.EcommerceBackendApplication    : Starting EcommerceBackendApplication using Java 21.0.7 with PID 838825 (/home/jp/Documents/eclipse-workspace/EcommerceProject/EcommerceWebParent/EcommerceBackend/target/classes started by jp in /home/jp/Documents/eclipse-workspace/EcommerceProject)
2025-05-01T19:28:16.077+05:45  INFO 838825 --- [EcommerceCommon] [restartedMain] n.c.j.e.a.EcommerceBackendApplication    : No active profile set, falling back to 1 default profile: "default"
2025-05-01T19:28:16.236+05:45  INFO 838825 --- [EcommerceCommon] [restartedMain] .s.d.r.c.RepositoryConfigurationDelegate : Bootstrapping Spring Data JPA repositories in DEFAULT mode.
2025-05-01T19:28:16.247+05:45  INFO 838825 --- [EcommerceCommon] [restartedMain] .s.d.r.c.RepositoryConfigurationDelegate : Finished Spring Data repository scanning in 10 ms. Found 2 JPA repository interfaces.
2025-05-01T19:28:16.375+05:45  INFO 838825 --- [EcommerceCommon] [restartedMain] o.s.b.w.embedded.tomcat.TomcatWebServer  : Tomcat initialized with port 8080 (http)
2025-05-01T19:28:16.376+05:45  INFO 838825 --- [EcommerceCommon] [restartedMain] o.apache.catalina.core.StandardService   : Starting service [Tomcat]
2025-05-01T19:28:16.377+05:45  INFO 838825 --- [EcommerceCommon] [restartedMain] o.apache.catalina.core.StandardEngine    : Starting Servlet engine: [Apache Tomcat/10.1.40]
2025-05-01T19:28:16.391+05:45  INFO 838825 --- [EcommerceCommon] [restartedMain] o.a.c.c.C.[Tomcat].[localhost].[/admin]  : Initializing Spring embedded WebApplicationContext
2025-05-01T19:28:16.391+05:45  INFO 838825 --- [EcommerceCommon] [restartedMain] w.s.c.ServletWebServerApplicationContext : Root WebApplicationContext: initialization completed in 312 ms
2025-05-01T19:28:16.450+05:45  INFO 838825 --- [EcommerceCommon] [restartedMain] o.hibernate.jpa.internal.util.LogHelper  : HHH000204: Processing PersistenceUnitInfo [name: default]
2025-05-01T19:28:16.454+05:45  INFO 838825 --- [EcommerceCommon] [restartedMain] o.h.c.internal.RegionFactoryInitiator    : HHH000026: Second-level cache disabled
2025-05-01T19:28:16.464+05:45  INFO 838825 --- [EcommerceCommon] [restartedMain] o.s.o.j.p.SpringPersistenceUnitInfo      : No LoadTimeWeaver setup: ignoring JPA class transformer
2025-05-01T19:28:16.466+05:45  INFO 838825 --- [EcommerceCommon] [restartedMain] com.zaxxer.hikari.HikariDataSource       : HikariPool-7 - Starting...
2025-05-01T19:28:16.502+05:45  INFO 838825 --- [EcommerceCommon] [restartedMain] com.zaxxer.hikari.pool.HikariPool        : HikariPool-7 - Added connection org.postgresql.jdbc.PgConnection@5f653576
2025-05-01T19:28:16.503+05:45  INFO 838825 --- [EcommerceCommon] [restartedMain] com.zaxxer.hikari.HikariDataSource       : HikariPool-7 - Start completed.
2025-05-01T19:28:16.507+05:45  WARN 838825 --- [EcommerceCommon] [restartedMain] org.hibernate.orm.deprecation            : HHH90000025: PostgreSQLDialect does not need to be specified explicitly using 'hibernate.dialect' (remove the property setting and it will be selected by default)
2025-05-01T19:28:16.598+05:45  INFO 838825 --- [EcommerceCommon] [restartedMain] o.h.e.t.j.p.i.JtaPlatformInitiator       : HHH000489: No JTA platform available (set 'hibernate.transaction.jta.platform' to enable JTA platform integration)
2025-05-01T19:28:16.772+05:45  INFO 838825 --- [EcommerceCommon] [restartedMain] j.LocalContainerEntityManagerFactoryBean : Initialized JPA EntityManagerFactory for persistence unit 'default'
2025-05-01T19:28:16.854+05:45  WARN 838825 --- [EcommerceCommon] [restartedMain] JpaBaseConfiguration$JpaWebConfiguration : spring.jpa.open-in-view is enabled by default. Therefore, database queries may be performed during view rendering. Explicitly configure spring.jpa.open-in-view to disable this warning
2025-05-01T19:28:16.865+05:45  INFO 838825 --- [EcommerceCommon] [restartedMain] o.s.b.a.w.s.WelcomePageHandlerMapping    : Adding welcome page template: index
2025-05-01T19:28:17.166+05:45  INFO 838825 --- [EcommerceCommon] [restartedMain] o.s.b.d.a.OptionalLiveReloadServer       : LiveReload server is running on port 35729
2025-05-01T19:28:17.186+05:45  INFO 838825 --- [EcommerceCommon] [restartedMain] o.s.b.w.embedded.tomcat.TomcatWebServer  : Tomcat started on port 8080 (http) with context path '/admin'
2025-05-01T19:28:17.191+05:45  INFO 838825 --- [EcommerceCommon] [restartedMain] n.c.j.e.a.EcommerceBackendApplication    : Started EcommerceBackendApplication in 1.14 seconds (process running for 191.464)
2025-05-01T19:28:17.193+05:45  INFO 838825 --- [EcommerceCommon] [restartedMain] .ConditionEvaluationDeltaLoggingListener : Condition evaluation unchanged
2025-05-01T19:29:59.162+05:45  INFO 838825 --- [EcommerceCommon] [http-nio-8080-exec-1] o.a.c.c.C.[Tomcat].[localhost].[/admin]  : Initializing Spring DispatcherServlet 'dispatcherServlet'
2025-05-01T19:29:59.163+05:45  INFO 838825 --- [EcommerceCommon] [http-nio-8080-exec-1] o.s.web.servlet.DispatcherServlet        : Initializing Servlet 'dispatcherServlet'
2025-05-01T19:29:59.164+05:45  INFO 838825 --- [EcommerceCommon] [http-nio-8080-exec-1] o.s.web.servlet.DispatcherServlet        : Completed initialization in 1 ms
2025-05-01T19:34:25.539+05:45 ERROR 838825 --- [EcommerceCommon] [http-nio-8080-exec-1] org.thymeleaf.TemplateEngine             : [THYMELEAF][http-nio-8080-exec-1] Exception processing template "create-user": An error happened during template parsing (template: "class path resource [templates/create-user.html]")

org.thymeleaf.exceptions.TemplateInputException: An error happened during template parsing (template: "class path resource [templates/create-user.html]")
	at org.thymeleaf.templateparser.markup.AbstractMarkupTemplateParser.parse(AbstractMarkupTemplateParser.java:241) ~[thymeleaf-3.1.3.RELEASE.jar:3.1.3.RELEASE]
	at org.thymeleaf.templateparser.markup.AbstractMarkupTemplateParser.parseStandalone(AbstractMarkupTemplateParser.java:100) ~[thymeleaf-3.1.3.RELEASE.jar:3.1.3.RELEASE]
	at org.thymeleaf.engine.TemplateManager.parseAndProcess(TemplateManager.java:666) ~[thymeleaf-3.1.3.RELEASE.jar:3.1.3.RELEASE]
	at org.thymeleaf.TemplateEngine.process(TemplateEngine.java:1103) ~[thymeleaf-3.1.3.RELEASE.jar:3.1.3.RELEASE]
	at org.thymeleaf.TemplateEngine.process(TemplateEngine.java:1077) ~[thymeleaf-3.1.3.RELEASE.jar:3.1.3.RELEASE]
	at org.thymeleaf.spring6.view.ThymeleafView.renderFragment(ThymeleafView.java:372) ~[thymeleaf-spring6-3.1.3.RELEASE.jar:3.1.3.RELEASE]
	at org.thymeleaf.spring6.view.ThymeleafView.render(ThymeleafView.java:192) ~[thymeleaf-spring6-3.1.3.RELEASE.jar:3.1.3.RELEASE]
	at org.springframework.web.servlet.DispatcherServlet.render(DispatcherServlet.java:1432) ~[spring-webmvc-6.1.19.jar:6.1.19]
	at org.springframework.web.servlet.DispatcherServlet.processDispatchResult(DispatcherServlet.java:1168) ~[spring-webmvc-6.1.19.jar:6.1.19]
	at org.springframework.web.servlet.DispatcherServlet.doDispatch(DispatcherServlet.java:1106) ~[spring-webmvc-6.1.19.jar:6.1.19]
	at org.springframework.web.servlet.DispatcherServlet.doService(DispatcherServlet.java:979) ~[spring-webmvc-6.1.19.jar:6.1.19]
	at org.springframework.web.servlet.FrameworkServlet.processRequest(FrameworkServlet.java:1014) ~[spring-webmvc-6.1.19.jar:6.1.19]
	at org.springframework.web.servlet.FrameworkServlet.doGet(FrameworkServlet.java:903) ~[spring-webmvc-6.1.19.jar:6.1.19]
	at jakarta.servlet.http.HttpServlet.service(HttpServlet.java:564) ~[tomcat-embed-core-10.1.40.jar:6.0]
	at org.springframework.web.servlet.FrameworkServlet.service(FrameworkServlet.java:885) ~[spring-webmvc-6.1.19.jar:6.1.19]
	at jakarta.servlet.http.HttpServlet.service(HttpServlet.java:658) ~[tomcat-embed-core-10.1.40.jar:6.0]
	at org.apache.catalina.core.ApplicationFilterChain.internalDoFilter(ApplicationFilterChain.java:195) ~[tomcat-embed-core-10.1.40.jar:10.1.40]
	at org.apache.catalina.core.ApplicationFilterChain.doFilter(ApplicationFilterChain.java:140) ~[tomcat-embed-core-10.1.40.jar:10.1.40]
	at org.apache.tomcat.websocket.server.WsFilter.doFilter(WsFilter.java:51) ~[tomcat-embed-websocket-10.1.40.jar:10.1.40]
	at org.apache.catalina.core.ApplicationFilterChain.internalDoFilter(ApplicationFilterChain.java:164) ~[tomcat-embed-core-10.1.40.jar:10.1.40]
	at org.apache.catalina.core.ApplicationFilterChain.doFilter(ApplicationFilterChain.java:140) ~[tomcat-embed-core-10.1.40.jar:10.1.40]
	at org.springframework.web.servlet.resource.ResourceUrlEncodingFilter.doFilter(ResourceUrlEncodingFilter.java:66) ~[spring-webmvc-6.1.19.jar:6.1.19]
	at org.apache.catalina.core.ApplicationFilterChain.internalDoFilter(ApplicationFilterChain.java:164) ~[tomcat-embed-core-10.1.40.jar:10.1.40]
	at org.apache.catalina.core.ApplicationFilterChain.doFilter(ApplicationFilterChain.java:140) ~[tomcat-embed-core-10.1.40.jar:10.1.40]
	at org.springframework.web.filter.RequestContextFilter.doFilterInternal(RequestContextFilter.java:100) ~[spring-web-6.1.19.jar:6.1.19]
	at org.springframework.web.filter.OncePerRequestFilter.doFilter(OncePerRequestFilter.java:116) ~[spring-web-6.1.19.jar:6.1.19]
	at org.apache.catalina.core.ApplicationFilterChain.internalDoFilter(ApplicationFilterChain.java:164) ~[tomcat-embed-core-10.1.40.jar:10.1.40]
	at org.apache.catalina.core.ApplicationFilterChain.doFilter(ApplicationFilterChain.java:140) ~[tomcat-embed-core-10.1.40.jar:10.1.40]
	at org.springframework.web.filter.FormContentFilter.doFilterInternal(FormContentFilter.java:93) ~[spring-web-6.1.19.jar:6.1.19]
	at org.springframework.web.filter.OncePerRequestFilter.doFilter(OncePerRequestFilter.java:116) ~[spring-web-6.1.19.jar:6.1.19]
	at org.apache.catalina.core.ApplicationFilterChain.internalDoFilter(ApplicationFilterChain.java:164) ~[tomcat-embed-core-10.1.40.jar:10.1.40]
	at org.apache.catalina.core.ApplicationFilterChain.doFilter(ApplicationFilterChain.java:140) ~[tomcat-embed-core-10.1.40.jar:10.1.40]
	at org.springframework.web.filter.CharacterEncodingFilter.doFilterInternal(CharacterEncodingFilter.java:201) ~[spring-web-6.1.19.jar:6.1.19]
	at org.springframework.web.filter.OncePerRequestFilter.doFilter(OncePerRequestFilter.java:116) ~[spring-web-6.1.19.jar:6.1.19]
	at org.apache.catalina.core.ApplicationFilterChain.internalDoFilter(ApplicationFilterChain.java:164) ~[tomcat-embed-core-10.1.40.jar:10.1.40]
	at org.apache.catalina.core.ApplicationFilterChain.doFilter(ApplicationFilterChain.java:140) ~[tomcat-embed-core-10.1.40.jar:10.1.40]
	at org.apache.catalina.core.StandardWrapperValve.invoke(StandardWrapperValve.java:167) ~[tomcat-embed-core-10.1.40.jar:10.1.40]
	at org.apache.catalina.core.StandardContextValve.invoke(StandardContextValve.java:90) ~[tomcat-embed-core-10.1.40.jar:10.1.40]
	at org.apache.catalina.authenticator.AuthenticatorBase.invoke(AuthenticatorBase.java:483) ~[tomcat-embed-core-10.1.40.jar:10.1.40]
	at org.apache.catalina.core.StandardHostValve.invoke(StandardHostValve.java:116) ~[tomcat-embed-core-10.1.40.jar:10.1.40]
	at org.apache.catalina.valves.ErrorReportValve.invoke(ErrorReportValve.java:93) ~[tomcat-embed-core-10.1.40.jar:10.1.40]
	at org.apache.catalina.core.StandardEngineValve.invoke(StandardEngineValve.java:74) ~[tomcat-embed-core-10.1.40.jar:10.1.40]
	at org.apache.catalina.connector.CoyoteAdapter.service(CoyoteAdapter.java:344) ~[tomcat-embed-core-10.1.40.jar:10.1.40]
	at org.apache.coyote.http11.Http11Processor.service(Http11Processor.java:398) ~[tomcat-embed-core-10.1.40.jar:10.1.40]
	at org.apache.coyote.AbstractProcessorLight.process(AbstractProcessorLight.java:63) ~[tomcat-embed-core-10.1.40.jar:10.1.40]
	at org.apache.coyote.AbstractProtocol$ConnectionHandler.process(AbstractProtocol.java:903) ~[tomcat-embed-core-10.1.40.jar:10.1.40]
	at org.apache.tomcat.util.net.NioEndpoint$SocketProcessor.doRun(NioEndpoint.java:1740) ~[tomcat-embed-core-10.1.40.jar:10.1.40]
	at org.apache.tomcat.util.net.SocketProcessorBase.run(SocketProcessorBase.java:52) ~[tomcat-embed-core-10.1.40.jar:10.1.40]
	at org.apache.tomcat.util.threads.ThreadPoolExecutor.runWorker(ThreadPoolExecutor.java:1189) ~[tomcat-embed-core-10.1.40.jar:10.1.40]
	at org.apache.tomcat.util.threads.ThreadPoolExecutor$Worker.run(ThreadPoolExecutor.java:658) ~[tomcat-embed-core-10.1.40.jar:10.1.40]
	at org.apache.tomcat.util.threads.TaskThread$WrappingRunnable.run(TaskThread.java:63) ~[tomcat-embed-core-10.1.40.jar:10.1.40]
	at java.base/java.lang.Thread.run(Thread.java:1583) ~[na:na]
Caused by: org.attoparser.ParseException: Expression "email" is not valid: only variable expressions ${...} or selection expressions *{...} are allowed in Spring field bindings (template: "create-user" - line 46, col 62)
	at org.attoparser.MarkupParser.parseDocument(MarkupParser.java:393) ~[attoparser-2.0.7.RELEASE.jar:2.0.7.RELEASE]
	at org.attoparser.MarkupParser.parse(MarkupParser.java:257) ~[attoparser-2.0.7.RELEASE.jar:2.0.7.RELEASE]
	at org.thymeleaf.templateparser.markup.AbstractMarkupTemplateParser.parse(AbstractMarkupTemplateParser.java:230) ~[thymeleaf-3.1.3.RELEASE.jar:3.1.3.RELEASE]
	... 51 common frames omitted
Caused by: org.thymeleaf.exceptions.TemplateProcessingException: Expression "email" is not valid: only variable expressions ${...} or selection expressions *{...} are allowed in Spring field bindings (template: "create-user" - line 46, col 62)
	at org.thymeleaf.spring6.util.FieldUtils.getBindStatus(FieldUtils.java:261) ~[thymeleaf-spring6-3.1.3.RELEASE.jar:3.1.3.RELEASE]
	at org.thymeleaf.spring6.util.FieldUtils.getBindStatus(FieldUtils.java:227) ~[thymeleaf-spring6-3.1.3.RELEASE.jar:3.1.3.RELEASE]
	at org.thymeleaf.spring6.processor.AbstractSpringFieldTagProcessor.doProcess(AbstractSpringFieldTagProcessor.java:174) ~[thymeleaf-spring6-3.1.3.RELEASE.jar:3.1.3.RELEASE]
	at org.thymeleaf.processor.element.AbstractAttributeTagProcessor.doProcess(AbstractAttributeTagProcessor.java:74) ~[thymeleaf-3.1.3.RELEASE.jar:3.1.3.RELEASE]
	at org.thymeleaf.processor.element.AbstractElementTagProcessor.process(AbstractElementTagProcessor.java:95) ~[thymeleaf-3.1.3.RELEASE.jar:3.1.3.RELEASE]
	at org.thymeleaf.util.ProcessorConfigurationUtils$ElementTagProcessorWrapper.process(ProcessorConfigurationUtils.java:633) ~[thymeleaf-3.1.3.RELEASE.jar:3.1.3.RELEASE]
	at org.thymeleaf.engine.ProcessorTemplateHandler.handleStandaloneElement(ProcessorTemplateHandler.java:918) ~[thymeleaf-3.1.3.RELEASE.jar:3.1.3.RELEASE]
	at org.thymeleaf.engine.TemplateHandlerAdapterMarkupHandler.handleStandaloneElementEnd(TemplateHandlerAdapterMarkupHandler.java:260) ~[thymeleaf-3.1.3.RELEASE.jar:3.1.3.RELEASE]
	at org.thymeleaf.templateparser.markup.InlinedOutputExpressionMarkupHandler$InlineMarkupAdapterPreProcessorHandler.handleStandaloneElementEnd(InlinedOutputExpressionMarkupHandler.java:256) ~[thymeleaf-3.1.3.RELEASE.jar:3.1.3.RELEASE]
	at org.thymeleaf.standard.inline.OutputExpressionInlinePreProcessorHandler.handleStandaloneElementEnd(OutputExpressionInlinePreProcessorHandler.java:169) ~[thymeleaf-3.1.3.RELEASE.jar:3.1.3.RELEASE]
	at org.thymeleaf.templateparser.markup.InlinedOutputExpressionMarkupHandler.handleStandaloneElementEnd(InlinedOutputExpressionMarkupHandler.java:104) ~[thymeleaf-3.1.3.RELEASE.jar:3.1.3.RELEASE]
	at org.attoparser.HtmlVoidElement.handleOpenElementEnd(HtmlVoidElement.java:92) ~[attoparser-2.0.7.RELEASE.jar:2.0.7.RELEASE]
	at org.attoparser.HtmlMarkupHandler.handleOpenElementEnd(HtmlMarkupHandler.java:297) ~[attoparser-2.0.7.RELEASE.jar:2.0.7.RELEASE]
	at org.attoparser.MarkupEventProcessorHandler.handleOpenElementEnd(MarkupEventProcessorHandler.java:402) ~[attoparser-2.0.7.RELEASE.jar:2.0.7.RELEASE]
	at org.attoparser.ParsingElementMarkupUtil.parseOpenElement(ParsingElementMarkupUtil.java:159) ~[attoparser-2.0.7.RELEASE.jar:2.0.7.RELEASE]
	at org.attoparser.MarkupParser.parseBuffer(MarkupParser.java:710) ~[attoparser-2.0.7.RELEASE.jar:2.0.7.RELEASE]
	at org.attoparser.MarkupParser.parseDocument(MarkupParser.java:301) ~[attoparser-2.0.7.RELEASE.jar:2.0.7.RELEASE]
	... 53 common frames omitted

2025-05-01T19:34:25.554+05:45 ERROR 838825 --- [EcommerceCommon] [http-nio-8080-exec-1] o.a.c.c.C.[.[.[.[dispatcherServlet]      : Servlet.service() for servlet [dispatcherServlet] in context with path [/admin] threw exception [Request processing failed: org.thymeleaf.exceptions.TemplateInputException: An error happened during template parsing (template: "class path resource [templates/create-user.html]")] with root cause

org.thymeleaf.exceptions.TemplateProcessingException: Expression "email" is not valid: only variable expressions ${...} or selection expressions *{...} are allowed in Spring field bindings (template: "create-user" - line 46, col 62)
	at org.thymeleaf.spring6.util.FieldUtils.getBindStatus(FieldUtils.java:261) ~[thymeleaf-spring6-3.1.3.RELEASE.jar:3.1.3.RELEASE]
	at org.thymeleaf.spring6.util.FieldUtils.getBindStatus(FieldUtils.java:227) ~[thymeleaf-spring6-3.1.3.RELEASE.jar:3.1.3.RELEASE]
	at org.thymeleaf.spring6.processor.AbstractSpringFieldTagProcessor.doProcess(AbstractSpringFieldTagProcessor.java:174) ~[thymeleaf-spring6-3.1.3.RELEASE.jar:3.1.3.RELEASE]
	at org.thymeleaf.processor.element.AbstractAttributeTagProcessor.doProcess(AbstractAttributeTagProcessor.java:74) ~[thymeleaf-3.1.3.RELEASE.jar:3.1.3.RELEASE]
	at org.thymeleaf.processor.element.AbstractElementTagProcessor.process(AbstractElementTagProcessor.java:95) ~[thymeleaf-3.1.3.RELEASE.jar:3.1.3.RELEASE]
	at org.thymeleaf.util.ProcessorConfigurationUtils$ElementTagProcessorWrapper.process(ProcessorConfigurationUtils.java:633) ~[thymeleaf-3.1.3.RELEASE.jar:3.1.3.RELEASE]
	at org.thymeleaf.engine.ProcessorTemplateHandler.handleStandaloneElement(ProcessorTemplateHandler.java:918) ~[thymeleaf-3.1.3.RELEASE.jar:3.1.3.RELEASE]
	at org.thymeleaf.engine.TemplateHandlerAdapterMarkupHandler.handleStandaloneElementEnd(TemplateHandlerAdapterMarkupHandler.java:260) ~[thymeleaf-3.1.3.RELEASE.jar:3.1.3.RELEASE]
	at org.thymeleaf.templateparser.markup.InlinedOutputExpressionMarkupHandler$InlineMarkupAdapterPreProcessorHandler.handleStandaloneElementEnd(InlinedOutputExpressionMarkupHandler.java:256) ~[thymeleaf-3.1.3.RELEASE.jar:3.1.3.RELEASE]
	at org.thymeleaf.standard.inline.OutputExpressionInlinePreProcessorHandler.handleStandaloneElementEnd(OutputExpressionInlinePreProcessorHandler.java:169) ~[thymeleaf-3.1.3.RELEASE.jar:3.1.3.RELEASE]
	at org.thymeleaf.templateparser.markup.InlinedOutputExpressionMarkupHandler.handleStandaloneElementEnd(InlinedOutputExpressionMarkupHandler.java:104) ~[thymeleaf-3.1.3.RELEASE.jar:3.1.3.RELEASE]
	at org.attoparser.HtmlVoidElement.handleOpenElementEnd(HtmlVoidElement.java:92) ~[attoparser-2.0.7.RELEASE.jar:2.0.7.RELEASE]
	at org.attoparser.HtmlMarkupHandler.handleOpenElementEnd(HtmlMarkupHandler.java:297) ~[attoparser-2.0.7.RELEASE.jar:2.0.7.RELEASE]
	at org.attoparser.MarkupEventProcessorHandler.handleOpenElementEnd(MarkupEventProcessorHandler.java:402) ~[attoparser-2.0.7.RELEASE.jar:2.0.7.RELEASE]
	at org.attoparser.ParsingElementMarkupUtil.parseOpenElement(ParsingElementMarkupUtil.java:159) ~[attoparser-2.0.7.RELEASE.jar:2.0.7.RELEASE]
	at org.attoparser.MarkupParser.parseBuffer(MarkupParser.java:710) ~[attoparser-2.0.7.RELEASE.jar:2.0.7.RELEASE]
	at org.attoparser.MarkupParser.parseDocument(MarkupParser.java:301) ~[attoparser-2.0.7.RELEASE.jar:2.0.7.RELEASE]
	at org.attoparser.MarkupParser.parse(MarkupParser.java:257) ~[attoparser-2.0.7.RELEASE.jar:2.0.7.RELEASE]
	at org.thymeleaf.templateparser.markup.AbstractMarkupTemplateParser.parse(AbstractMarkupTemplateParser.java:230) ~[thymeleaf-3.1.3.RELEASE.jar:3.1.3.RELEASE]
	at org.thymeleaf.templateparser.markup.AbstractMarkupTemplateParser.parseStandalone(AbstractMarkupTemplateParser.java:100) ~[thymeleaf-3.1.3.RELEASE.jar:3.1.3.RELEASE]
	at org.thymeleaf.engine.TemplateManager.parseAndProcess(TemplateManager.java:666) ~[thymeleaf-3.1.3.RELEASE.jar:3.1.3.RELEASE]
	at org.thymeleaf.TemplateEngine.process(TemplateEngine.java:1103) ~[thymeleaf-3.1.3.RELEASE.jar:3.1.3.RELEASE]
	at org.thymeleaf.TemplateEngine.process(TemplateEngine.java:1077) ~[thymeleaf-3.1.3.RELEASE.jar:3.1.3.RELEASE]
	at org.thymeleaf.spring6.view.ThymeleafView.renderFragment(ThymeleafView.java:372) ~[thymeleaf-spring6-3.1.3.RELEASE.jar:3.1.3.RELEASE]
	at org.thymeleaf.spring6.view.ThymeleafView.render(ThymeleafView.java:192) ~[thymeleaf-spring6-3.1.3.RELEASE.jar:3.1.3.RELEASE]
	at org.springframework.web.servlet.DispatcherServlet.render(DispatcherServlet.java:1432) ~[spring-webmvc-6.1.19.jar:6.1.19]
	at org.springframework.web.servlet.DispatcherServlet.processDispatchResult(DispatcherServlet.java:1168) ~[spring-webmvc-6.1.19.jar:6.1.19]
	at org.springframework.web.servlet.DispatcherServlet.doDispatch(DispatcherServlet.java:1106) ~[spring-webmvc-6.1.19.jar:6.1.19]
	at org.springframework.web.servlet.DispatcherServlet.doService(DispatcherServlet.java:979) ~[spring-webmvc-6.1.19.jar:6.1.19]
	at org.springframework.web.servlet.FrameworkServlet.processRequest(FrameworkServlet.java:1014) ~[spring-webmvc-6.1.19.jar:6.1.19]
	at org.springframework.web.servlet.FrameworkServlet.doGet(FrameworkServlet.java:903) ~[spring-webmvc-6.1.19.jar:6.1.19]
	at jakarta.servlet.http.HttpServlet.service(HttpServlet.java:564) ~[tomcat-embed-core-10.1.40.jar:6.0]
	at org.springframework.web.servlet.FrameworkServlet.service(FrameworkServlet.java:885) ~[spring-webmvc-6.1.19.jar:6.1.19]
	at jakarta.servlet.http.HttpServlet.service(HttpServlet.java:658) ~[tomcat-embed-core-10.1.40.jar:6.0]
	at org.apache.catalina.core.ApplicationFilterChain.internalDoFilter(ApplicationFilterChain.java:195) ~[tomcat-embed-core-10.1.40.jar:10.1.40]
	at org.apache.catalina.core.ApplicationFilterChain.doFilter(ApplicationFilterChain.java:140) ~[tomcat-embed-core-10.1.40.jar:10.1.40]
	at org.apache.tomcat.websocket.server.WsFilter.doFilter(WsFilter.java:51) ~[tomcat-embed-websocket-10.1.40.jar:10.1.40]
	at org.apache.catalina.core.ApplicationFilterChain.internalDoFilter(ApplicationFilterChain.java:164) ~[tomcat-embed-core-10.1.40.jar:10.1.40]
	at org.apache.catalina.core.ApplicationFilterChain.doFilter(ApplicationFilterChain.java:140) ~[tomcat-embed-core-10.1.40.jar:10.1.40]
	at org.springframework.web.servlet.resource.ResourceUrlEncodingFilter.doFilter(ResourceUrlEncodingFilter.java:66) ~[spring-webmvc-6.1.19.jar:6.1.19]
	at org.apache.catalina.core.ApplicationFilterChain.internalDoFilter(ApplicationFilterChain.java:164) ~[tomcat-embed-core-10.1.40.jar:10.1.40]
	at org.apache.catalina.core.ApplicationFilterChain.doFilter(ApplicationFilterChain.java:140) ~[tomcat-embed-core-10.1.40.jar:10.1.40]
	at org.springframework.web.filter.RequestContextFilter.doFilterInternal(RequestContextFilter.java:100) ~[spring-web-6.1.19.jar:6.1.19]
	at org.springframework.web.filter.OncePerRequestFilter.doFilter(OncePerRequestFilter.java:116) ~[spring-web-6.1.19.jar:6.1.19]
	at org.apache.catalina.core.ApplicationFilterChain.internalDoFilter(ApplicationFilterChain.java:164) ~[tomcat-embed-core-10.1.40.jar:10.1.40]
	at org.apache.catalina.core.ApplicationFilterChain.doFilter(ApplicationFilterChain.java:140) ~[tomcat-embed-core-10.1.40.jar:10.1.40]
	at org.springframework.web.filter.FormContentFilter.doFilterInternal(FormContentFilter.java:93) ~[spring-web-6.1.19.jar:6.1.19]
	at org.springframework.web.filter.OncePerRequestFilter.doFilter(OncePerRequestFilter.java:116) ~[spring-web-6.1.19.jar:6.1.19]
	at org.apache.catalina.core.ApplicationFilterChain.internalDoFilter(ApplicationFilterChain.java:164) ~[tomcat-embed-core-10.1.40.jar:10.1.40]
	at org.apache.catalina.core.ApplicationFilterChain.doFilter(ApplicationFilterChain.java:140) ~[tomcat-embed-core-10.1.40.jar:10.1.40]
	at org.springframework.web.filter.CharacterEncodingFilter.doFilterInternal(CharacterEncodingFilter.java:201) ~[spring-web-6.1.19.jar:6.1.19]
	at org.springframework.web.filter.OncePerRequestFilter.doFilter(OncePerRequestFilter.java:116) ~[spring-web-6.1.19.jar:6.1.19]
	at org.apache.catalina.core.ApplicationFilterChain.internalDoFilter(ApplicationFilterChain.java:164) ~[tomcat-embed-core-10.1.40.jar:10.1.40]
	at org.apache.catalina.core.ApplicationFilterChain.doFilter(ApplicationFilterChain.java:140) ~[tomcat-embed-core-10.1.40.jar:10.1.40]
	at org.apache.catalina.core.StandardWrapperValve.invoke(StandardWrapperValve.java:167) ~[tomcat-embed-core-10.1.40.jar:10.1.40]
	at org.apache.catalina.core.StandardContextValve.invoke(StandardContextValve.java:90) ~[tomcat-embed-core-10.1.40.jar:10.1.40]
	at org.apache.catalina.authenticator.AuthenticatorBase.invoke(AuthenticatorBase.java:483) ~[tomcat-embed-core-10.1.40.jar:10.1.40]
	at org.apache.catalina.core.StandardHostValve.invoke(StandardHostValve.java:116) ~[tomcat-embed-core-10.1.40.jar:10.1.40]
	at org.apache.catalina.valves.ErrorReportValve.invoke(ErrorReportValve.java:93) ~[tomcat-embed-core-10.1.40.jar:10.1.40]
	at org.apache.catalina.core.StandardEngineValve.invoke(StandardEngineValve.java:74) ~[tomcat-embed-core-10.1.40.jar:10.1.40]
	at org.apache.catalina.connector.CoyoteAdapter.service(CoyoteAdapter.java:344) ~[tomcat-embed-core-10.1.40.jar:10.1.40]
	at org.apache.coyote.http11.Http11Processor.service(Http11Processor.java:398) ~[tomcat-embed-core-10.1.40.jar:10.1.40]
	at org.apache.coyote.AbstractProcessorLight.process(AbstractProcessorLight.java:63) ~[tomcat-embed-core-10.1.40.jar:10.1.40]
	at org.apache.coyote.AbstractProtocol$ConnectionHandler.process(AbstractProtocol.java:903) ~[tomcat-embed-core-10.1.40.jar:10.1.40]
	at org.apache.tomcat.util.net.NioEndpoint$SocketProcessor.doRun(NioEndpoint.java:1740) ~[tomcat-embed-core-10.1.40.jar:10.1.40]
	at org.apache.tomcat.util.net.SocketProcessorBase.run(SocketProcessorBase.java:52) ~[tomcat-embed-core-10.1.40.jar:10.1.40]
	at org.apache.tomcat.util.threads.ThreadPoolExecutor.runWorker(ThreadPoolExecutor.java:1189) ~[tomcat-embed-core-10.1.40.jar:10.1.40]
	at org.apache.tomcat.util.threads.ThreadPoolExecutor$Worker.run(ThreadPoolExecutor.java:658) ~[tomcat-embed-core-10.1.40.jar:10.1.40]
	at org.apache.tomcat.util.threads.TaskThread$WrappingRunnable.run(TaskThread.java:63) ~[tomcat-embed-core-10.1.40.jar:10.1.40]
	at java.base/java.lang.Thread.run(Thread.java:1583) ~[na:na]

2025-05-01T19:51:31.270+05:45  INFO 838825 --- [EcommerceCommon] [File Watcher] rtingClassPathChangeChangedEventListener : Restarting due to 1 class path change (0 additions, 0 deletions, 1 modification)
2025-05-01T19:51:31.277+05:45  INFO 838825 --- [EcommerceCommon] [Thread-27] j.LocalContainerEntityManagerFactoryBean : Closing JPA EntityManagerFactory for persistence unit 'default'
2025-05-01T19:51:31.278+05:45  INFO 838825 --- [EcommerceCommon] [Thread-27] com.zaxxer.hikari.HikariDataSource       : HikariPool-7 - Shutdown initiated...
2025-05-01T19:51:31.281+05:45  INFO 838825 --- [EcommerceCommon] [Thread-27] com.zaxxer.hikari.HikariDataSource       : HikariPool-7 - Shutdown completed.
2025-05-01T19:51:31.411+05:45  INFO 838825 --- [EcommerceCommon] [restartedMain] n.c.j.e.a.EcommerceBackendApplication    : Starting EcommerceBackendApplication using Java 21.0.7 with PID 838825 (/home/jp/Documents/eclipse-workspace/EcommerceProject/EcommerceWebParent/EcommerceBackend/target/classes started by jp in /home/jp/Documents/eclipse-workspace/EcommerceProject)
2025-05-01T19:51:31.411+05:45  INFO 838825 --- [EcommerceCommon] [restartedMain] n.c.j.e.a.EcommerceBackendApplication    : No active profile set, falling back to 1 default profile: "default"
2025-05-01T19:51:31.693+05:45  INFO 838825 --- [EcommerceCommon] [restartedMain] .s.d.r.c.RepositoryConfigurationDelegate : Bootstrapping Spring Data JPA repositories in DEFAULT mode.
2025-05-01T19:51:31.703+05:45  INFO 838825 --- [EcommerceCommon] [restartedMain] .s.d.r.c.RepositoryConfigurationDelegate : Finished Spring Data repository scanning in 9 ms. Found 2 JPA repository interfaces.
2025-05-01T19:51:31.867+05:45  INFO 838825 --- [EcommerceCommon] [restartedMain] o.s.b.w.embedded.tomcat.TomcatWebServer  : Tomcat initialized with port 8080 (http)
2025-05-01T19:51:31.871+05:45  INFO 838825 --- [EcommerceCommon] [restartedMain] o.apache.catalina.core.StandardService   : Starting service [Tomcat]
2025-05-01T19:51:31.871+05:45  INFO 838825 --- [EcommerceCommon] [restartedMain] o.apache.catalina.core.StandardEngine    : Starting Servlet engine: [Apache Tomcat/10.1.40]
2025-05-01T19:51:31.888+05:45  INFO 838825 --- [EcommerceCommon] [restartedMain] o.a.c.c.C.[Tomcat].[localhost].[/admin]  : Initializing Spring embedded WebApplicationContext
2025-05-01T19:51:31.889+05:45  INFO 838825 --- [EcommerceCommon] [restartedMain] w.s.c.ServletWebServerApplicationContext : Root WebApplicationContext: initialization completed in 474 ms
2025-05-01T19:51:31.955+05:45  INFO 838825 --- [EcommerceCommon] [restartedMain] o.hibernate.jpa.internal.util.LogHelper  : HHH000204: Processing PersistenceUnitInfo [name: default]
2025-05-01T19:51:31.958+05:45  INFO 838825 --- [EcommerceCommon] [restartedMain] o.h.c.internal.RegionFactoryInitiator    : HHH000026: Second-level cache disabled
2025-05-01T19:51:31.969+05:45  INFO 838825 --- [EcommerceCommon] [restartedMain] o.s.o.j.p.SpringPersistenceUnitInfo      : No LoadTimeWeaver setup: ignoring JPA class transformer
2025-05-01T19:51:31.971+05:45  INFO 838825 --- [EcommerceCommon] [restartedMain] com.zaxxer.hikari.HikariDataSource       : HikariPool-8 - Starting...
2025-05-01T19:51:32.074+05:45  INFO 838825 --- [EcommerceCommon] [restartedMain] com.zaxxer.hikari.pool.HikariPool        : HikariPool-8 - Added connection org.postgresql.jdbc.PgConnection@3d6d2847
2025-05-01T19:51:32.074+05:45  INFO 838825 --- [EcommerceCommon] [restartedMain] com.zaxxer.hikari.HikariDataSource       : HikariPool-8 - Start completed.
2025-05-01T19:51:32.078+05:45  WARN 838825 --- [EcommerceCommon] [restartedMain] org.hibernate.orm.deprecation            : HHH90000025: PostgreSQLDialect does not need to be specified explicitly using 'hibernate.dialect' (remove the property setting and it will be selected by default)
2025-05-01T19:51:32.143+05:45  INFO 838825 --- [EcommerceCommon] [restartedMain] o.h.e.t.j.p.i.JtaPlatformInitiator       : HHH000489: No JTA platform available (set 'hibernate.transaction.jta.platform' to enable JTA platform integration)
2025-05-01T19:51:32.338+05:45  INFO 838825 --- [EcommerceCommon] [restartedMain] j.LocalContainerEntityManagerFactoryBean : Initialized JPA EntityManagerFactory for persistence unit 'default'
2025-05-01T19:51:32.507+05:45  WARN 838825 --- [EcommerceCommon] [restartedMain] JpaBaseConfiguration$JpaWebConfiguration : spring.jpa.open-in-view is enabled by default. Therefore, database queries may be performed during view rendering. Explicitly configure spring.jpa.open-in-view to disable this warning
2025-05-01T19:51:32.524+05:45  INFO 838825 --- [EcommerceCommon] [restartedMain] o.s.b.a.w.s.WelcomePageHandlerMapping    : Adding welcome page template: index
2025-05-01T19:51:32.862+05:45  INFO 838825 --- [EcommerceCommon] [restartedMain] o.s.b.d.a.OptionalLiveReloadServer       : LiveReload server is running on port 35729
2025-05-01T19:51:32.885+05:45  INFO 838825 --- [EcommerceCommon] [restartedMain] o.s.b.w.embedded.tomcat.TomcatWebServer  : Tomcat started on port 8080 (http) with context path '/admin'
2025-05-01T19:51:32.890+05:45  INFO 838825 --- [EcommerceCommon] [restartedMain] n.c.j.e.a.EcommerceBackendApplication    : Started EcommerceBackendApplication in 1.534 seconds (process running for 1587.163)
2025-05-01T19:51:32.892+05:45  INFO 838825 --- [EcommerceCommon] [restartedMain] .ConditionEvaluationDeltaLoggingListener : Condition evaluation unchanged
2025-05-01T19:51:44.289+05:45  INFO 838825 --- [EcommerceCommon] [File Watcher] rtingClassPathChangeChangedEventListener : Restarting due to 1 class path change (0 additions, 0 deletions, 1 modification)
2025-05-01T19:51:44.305+05:45  INFO 838825 --- [EcommerceCommon] [Thread-31] j.LocalContainerEntityManagerFactoryBean : Closing JPA EntityManagerFactory for persistence unit 'default'
2025-05-01T19:51:44.307+05:45  INFO 838825 --- [EcommerceCommon] [Thread-31] com.zaxxer.hikari.HikariDataSource       : HikariPool-8 - Shutdown initiated...
2025-05-01T19:51:44.321+05:45  INFO 838825 --- [EcommerceCommon] [Thread-31] com.zaxxer.hikari.HikariDataSource       : HikariPool-8 - Shutdown completed.
2025-05-01T19:51:44.496+05:45  INFO 838825 --- [EcommerceCommon] [restartedMain] n.c.j.e.a.EcommerceBackendApplication    : Starting EcommerceBackendApplication using Java 21.0.7 with PID 838825 (/home/jp/Documents/eclipse-workspace/EcommerceProject/EcommerceWebParent/EcommerceBackend/target/classes started by jp in /home/jp/Documents/eclipse-workspace/EcommerceProject)
2025-05-01T19:51:44.497+05:45  INFO 838825 --- [EcommerceCommon] [restartedMain] n.c.j.e.a.EcommerceBackendApplication    : No active profile set, falling back to 1 default profile: "default"
2025-05-01T19:51:44.747+05:45  INFO 838825 --- [EcommerceCommon] [restartedMain] .s.d.r.c.RepositoryConfigurationDelegate : Bootstrapping Spring Data JPA repositories in DEFAULT mode.
2025-05-01T19:51:44.759+05:45  INFO 838825 --- [EcommerceCommon] [restartedMain] .s.d.r.c.RepositoryConfigurationDelegate : Finished Spring Data repository scanning in 11 ms. Found 2 JPA repository interfaces.
2025-05-01T19:51:44.893+05:45  INFO 838825 --- [EcommerceCommon] [restartedMain] o.s.b.w.embedded.tomcat.TomcatWebServer  : Tomcat initialized with port 8080 (http)
2025-05-01T19:51:44.895+05:45  INFO 838825 --- [EcommerceCommon] [restartedMain] o.apache.catalina.core.StandardService   : Starting service [Tomcat]
2025-05-01T19:51:44.895+05:45  INFO 838825 --- [EcommerceCommon] [restartedMain] o.apache.catalina.core.StandardEngine    : Starting Servlet engine: [Apache Tomcat/10.1.40]
2025-05-01T19:51:44.911+05:45  INFO 838825 --- [EcommerceCommon] [restartedMain] o.a.c.c.C.[Tomcat].[localhost].[/admin]  : Initializing Spring embedded WebApplicationContext
2025-05-01T19:51:44.911+05:45  INFO 838825 --- [EcommerceCommon] [restartedMain] w.s.c.ServletWebServerApplicationContext : Root WebApplicationContext: initialization completed in 410 ms
2025-05-01T19:51:44.976+05:45  INFO 838825 --- [EcommerceCommon] [restartedMain] o.hibernate.jpa.internal.util.LogHelper  : HHH000204: Processing PersistenceUnitInfo [name: default]
2025-05-01T19:51:44.980+05:45  INFO 838825 --- [EcommerceCommon] [restartedMain] o.h.c.internal.RegionFactoryInitiator    : HHH000026: Second-level cache disabled
2025-05-01T19:51:44.992+05:45  INFO 838825 --- [EcommerceCommon] [restartedMain] o.s.o.j.p.SpringPersistenceUnitInfo      : No LoadTimeWeaver setup: ignoring JPA class transformer
2025-05-01T19:51:44.993+05:45  INFO 838825 --- [EcommerceCommon] [restartedMain] com.zaxxer.hikari.HikariDataSource       : HikariPool-9 - Starting...
2025-05-01T19:51:45.029+05:45  INFO 838825 --- [EcommerceCommon] [restartedMain] com.zaxxer.hikari.pool.HikariPool        : HikariPool-9 - Added connection org.postgresql.jdbc.PgConnection@72b90e5a
2025-05-01T19:51:45.029+05:45  INFO 838825 --- [EcommerceCommon] [restartedMain] com.zaxxer.hikari.HikariDataSource       : HikariPool-9 - Start completed.
2025-05-01T19:51:45.034+05:45  WARN 838825 --- [EcommerceCommon] [restartedMain] org.hibernate.orm.deprecation            : HHH90000025: PostgreSQLDialect does not need to be specified explicitly using 'hibernate.dialect' (remove the property setting and it will be selected by default)
2025-05-01T19:51:45.115+05:45  INFO 838825 --- [EcommerceCommon] [restartedMain] o.h.e.t.j.p.i.JtaPlatformInitiator       : HHH000489: No JTA platform available (set 'hibernate.transaction.jta.platform' to enable JTA platform integration)
2025-05-01T19:51:45.312+05:45  INFO 838825 --- [EcommerceCommon] [restartedMain] j.LocalContainerEntityManagerFactoryBean : Initialized JPA EntityManagerFactory for persistence unit 'default'
2025-05-01T19:51:45.401+05:45  WARN 838825 --- [EcommerceCommon] [restartedMain] JpaBaseConfiguration$JpaWebConfiguration : spring.jpa.open-in-view is enabled by default. Therefore, database queries may be performed during view rendering. Explicitly configure spring.jpa.open-in-view to disable this warning
2025-05-01T19:51:45.413+05:45  INFO 838825 --- [EcommerceCommon] [restartedMain] o.s.b.a.w.s.WelcomePageHandlerMapping    : Adding welcome page template: index
2025-05-01T19:51:45.707+05:45  INFO 838825 --- [EcommerceCommon] [restartedMain] o.s.b.d.a.OptionalLiveReloadServer       : LiveReload server is running on port 35729
2025-05-01T19:51:45.726+05:45  INFO 838825 --- [EcommerceCommon] [restartedMain] o.s.b.w.embedded.tomcat.TomcatWebServer  : Tomcat started on port 8080 (http) with context path '/admin'
2025-05-01T19:51:45.734+05:45  INFO 838825 --- [EcommerceCommon] [restartedMain] n.c.j.e.a.EcommerceBackendApplication    : Started EcommerceBackendApplication in 1.29 seconds (process running for 1600.006)
2025-05-01T19:51:45.737+05:45  INFO 838825 --- [EcommerceCommon] [restartedMain] .ConditionEvaluationDeltaLoggingListener : Condition evaluation unchanged
2025-05-01T19:54:45.562+05:45  INFO 838825 --- [EcommerceCommon] [File Watcher] rtingClassPathChangeChangedEventListener : Restarting due to 1 class path change (0 additions, 0 deletions, 1 modification)
2025-05-01T19:54:45.568+05:45  INFO 838825 --- [EcommerceCommon] [Thread-35] j.LocalContainerEntityManagerFactoryBean : Closing JPA EntityManagerFactory for persistence unit 'default'
2025-05-01T19:54:45.569+05:45  INFO 838825 --- [EcommerceCommon] [Thread-35] com.zaxxer.hikari.HikariDataSource       : HikariPool-9 - Shutdown initiated...
2025-05-01T19:54:45.573+05:45  INFO 838825 --- [EcommerceCommon] [Thread-35] com.zaxxer.hikari.HikariDataSource       : HikariPool-9 - Shutdown completed.
2025-05-01T19:54:45.696+05:45  INFO 838825 --- [EcommerceCommon] [restartedMain] n.c.j.e.a.EcommerceBackendApplication    : Starting EcommerceBackendApplication using Java 21.0.7 with PID 838825 (/home/jp/Documents/eclipse-workspace/EcommerceProject/EcommerceWebParent/EcommerceBackend/target/classes started by jp in /home/jp/Documents/eclipse-workspace/EcommerceProject)
2025-05-01T19:54:45.697+05:45  INFO 838825 --- [EcommerceCommon] [restartedMain] n.c.j.e.a.EcommerceBackendApplication    : No active profile set, falling back to 1 default profile: "default"
2025-05-01T19:54:45.918+05:45  INFO 838825 --- [EcommerceCommon] [restartedMain] .s.d.r.c.RepositoryConfigurationDelegate : Bootstrapping Spring Data JPA repositories in DEFAULT mode.
2025-05-01T19:54:45.927+05:45  INFO 838825 --- [EcommerceCommon] [restartedMain] .s.d.r.c.RepositoryConfigurationDelegate : Finished Spring Data repository scanning in 8 ms. Found 2 JPA repository interfaces.
2025-05-01T19:54:46.060+05:45  INFO 838825 --- [EcommerceCommon] [restartedMain] o.s.b.w.embedded.tomcat.TomcatWebServer  : Tomcat initialized with port 8080 (http)
2025-05-01T19:54:46.064+05:45  INFO 838825 --- [EcommerceCommon] [restartedMain] o.apache.catalina.core.StandardService   : Starting service [Tomcat]
2025-05-01T19:54:46.064+05:45  INFO 838825 --- [EcommerceCommon] [restartedMain] o.apache.catalina.core.StandardEngine    : Starting Servlet engine: [Apache Tomcat/10.1.40]
2025-05-01T19:54:46.076+05:45  INFO 838825 --- [EcommerceCommon] [restartedMain] o.a.c.c.C.[Tomcat].[localhost].[/admin]  : Initializing Spring embedded WebApplicationContext
2025-05-01T19:54:46.076+05:45  INFO 838825 --- [EcommerceCommon] [restartedMain] w.s.c.ServletWebServerApplicationContext : Root WebApplicationContext: initialization completed in 375 ms
2025-05-01T19:54:46.152+05:45  INFO 838825 --- [EcommerceCommon] [restartedMain] o.hibernate.jpa.internal.util.LogHelper  : HHH000204: Processing PersistenceUnitInfo [name: default]
2025-05-01T19:54:46.156+05:45  INFO 838825 --- [EcommerceCommon] [restartedMain] o.h.c.internal.RegionFactoryInitiator    : HHH000026: Second-level cache disabled
2025-05-01T19:54:46.174+05:45  INFO 838825 --- [EcommerceCommon] [restartedMain] o.s.o.j.p.SpringPersistenceUnitInfo      : No LoadTimeWeaver setup: ignoring JPA class transformer
2025-05-01T19:54:46.176+05:45  INFO 838825 --- [EcommerceCommon] [restartedMain] com.zaxxer.hikari.HikariDataSource       : HikariPool-10 - Starting...
2025-05-01T19:54:46.275+05:45  INFO 838825 --- [EcommerceCommon] [restartedMain] com.zaxxer.hikari.pool.HikariPool        : HikariPool-10 - Added connection org.postgresql.jdbc.PgConnection@7e67b15a
2025-05-01T19:54:46.275+05:45  INFO 838825 --- [EcommerceCommon] [restartedMain] com.zaxxer.hikari.HikariDataSource       : HikariPool-10 - Start completed.
2025-05-01T19:54:46.279+05:45  WARN 838825 --- [EcommerceCommon] [restartedMain] org.hibernate.orm.deprecation            : HHH90000025: PostgreSQLDialect does not need to be specified explicitly using 'hibernate.dialect' (remove the property setting and it will be selected by default)
2025-05-01T19:54:46.349+05:45  INFO 838825 --- [EcommerceCommon] [restartedMain] o.h.e.t.j.p.i.JtaPlatformInitiator       : HHH000489: No JTA platform available (set 'hibernate.transaction.jta.platform' to enable JTA platform integration)
2025-05-01T19:54:46.570+05:45  INFO 838825 --- [EcommerceCommon] [restartedMain] j.LocalContainerEntityManagerFactoryBean : Initialized JPA EntityManagerFactory for persistence unit 'default'
2025-05-01T19:54:46.676+05:45  WARN 838825 --- [EcommerceCommon] [restartedMain] JpaBaseConfiguration$JpaWebConfiguration : spring.jpa.open-in-view is enabled by default. Therefore, database queries may be performed during view rendering. Explicitly configure spring.jpa.open-in-view to disable this warning
2025-05-01T19:54:46.685+05:45  INFO 838825 --- [EcommerceCommon] [restartedMain] o.s.b.a.w.s.WelcomePageHandlerMapping    : Adding welcome page template: index
2025-05-01T19:54:46.995+05:45  INFO 838825 --- [EcommerceCommon] [restartedMain] o.s.b.d.a.OptionalLiveReloadServer       : LiveReload server is running on port 35729
2025-05-01T19:54:47.023+05:45  INFO 838825 --- [EcommerceCommon] [restartedMain] o.s.b.w.embedded.tomcat.TomcatWebServer  : Tomcat started on port 8080 (http) with context path '/admin'
2025-05-01T19:54:47.027+05:45  INFO 838825 --- [EcommerceCommon] [restartedMain] n.c.j.e.a.EcommerceBackendApplication    : Started EcommerceBackendApplication in 1.38 seconds (process running for 1781.3)
2025-05-01T19:54:47.028+05:45  INFO 838825 --- [EcommerceCommon] [restartedMain] .ConditionEvaluationDeltaLoggingListener : Condition evaluation unchanged
2025-05-01T19:54:55.415+05:45  INFO 838825 --- [EcommerceCommon] [File Watcher] rtingClassPathChangeChangedEventListener : Restarting due to 1 class path change (0 additions, 0 deletions, 1 modification)
2025-05-01T19:54:55.420+05:45  INFO 838825 --- [EcommerceCommon] [Thread-39] j.LocalContainerEntityManagerFactoryBean : Closing JPA EntityManagerFactory for persistence unit 'default'
2025-05-01T19:54:55.421+05:45  INFO 838825 --- [EcommerceCommon] [Thread-39] com.zaxxer.hikari.HikariDataSource       : HikariPool-10 - Shutdown initiated...
2025-05-01T19:54:55.422+05:45  INFO 838825 --- [EcommerceCommon] [Thread-39] com.zaxxer.hikari.HikariDataSource       : HikariPool-10 - Shutdown completed.
2025-05-01T19:54:55.526+05:45  INFO 838825 --- [EcommerceCommon] [restartedMain] n.c.j.e.a.EcommerceBackendApplication    : Starting EcommerceBackendApplication using Java 21.0.7 with PID 838825 (/home/jp/Documents/eclipse-workspace/EcommerceProject/EcommerceWebParent/EcommerceBackend/target/classes started by jp in /home/jp/Documents/eclipse-workspace/EcommerceProject)
2025-05-01T19:54:55.526+05:45  INFO 838825 --- [EcommerceCommon] [restartedMain] n.c.j.e.a.EcommerceBackendApplication    : No active profile set, falling back to 1 default profile: "default"
2025-05-01T19:54:55.731+05:45  INFO 838825 --- [EcommerceCommon] [restartedMain] .s.d.r.c.RepositoryConfigurationDelegate : Bootstrapping Spring Data JPA repositories in DEFAULT mode.
2025-05-01T19:54:55.741+05:45  INFO 838825 --- [EcommerceCommon] [restartedMain] .s.d.r.c.RepositoryConfigurationDelegate : Finished Spring Data repository scanning in 9 ms. Found 2 JPA repository interfaces.
2025-05-01T19:54:55.863+05:45  INFO 838825 --- [EcommerceCommon] [restartedMain] o.s.b.w.embedded.tomcat.TomcatWebServer  : Tomcat initialized with port 8080 (http)
2025-05-01T19:54:55.864+05:45  INFO 838825 --- [EcommerceCommon] [restartedMain] o.apache.catalina.core.StandardService   : Starting service [Tomcat]
2025-05-01T19:54:55.865+05:45  INFO 838825 --- [EcommerceCommon] [restartedMain] o.apache.catalina.core.StandardEngine    : Starting Servlet engine: [Apache Tomcat/10.1.40]
2025-05-01T19:54:55.878+05:45  INFO 838825 --- [EcommerceCommon] [restartedMain] o.a.c.c.C.[Tomcat].[localhost].[/admin]  : Initializing Spring embedded WebApplicationContext
2025-05-01T19:54:55.878+05:45  INFO 838825 --- [EcommerceCommon] [restartedMain] w.s.c.ServletWebServerApplicationContext : Root WebApplicationContext: initialization completed in 349 ms
2025-05-01T19:54:55.937+05:45  INFO 838825 --- [EcommerceCommon] [restartedMain] o.hibernate.jpa.internal.util.LogHelper  : HHH000204: Processing PersistenceUnitInfo [name: default]
2025-05-01T19:54:55.940+05:45  INFO 838825 --- [EcommerceCommon] [restartedMain] o.h.c.internal.RegionFactoryInitiator    : HHH000026: Second-level cache disabled
2025-05-01T19:54:55.949+05:45  INFO 838825 --- [EcommerceCommon] [restartedMain] o.s.o.j.p.SpringPersistenceUnitInfo      : No LoadTimeWeaver setup: ignoring JPA class transformer
2025-05-01T19:54:55.950+05:45  INFO 838825 --- [EcommerceCommon] [restartedMain] com.zaxxer.hikari.HikariDataSource       : HikariPool-11 - Starting...
2025-05-01T19:54:55.986+05:45  INFO 838825 --- [EcommerceCommon] [restartedMain] com.zaxxer.hikari.pool.HikariPool        : HikariPool-11 - Added connection org.postgresql.jdbc.PgConnection@483653e
2025-05-01T19:54:55.986+05:45  INFO 838825 --- [EcommerceCommon] [restartedMain] com.zaxxer.hikari.HikariDataSource       : HikariPool-11 - Start completed.
2025-05-01T19:54:55.990+05:45  WARN 838825 --- [EcommerceCommon] [restartedMain] org.hibernate.orm.deprecation            : HHH90000025: PostgreSQLDialect does not need to be specified explicitly using 'hibernate.dialect' (remove the property setting and it will be selected by default)
2025-05-01T19:54:56.063+05:45  INFO 838825 --- [EcommerceCommon] [restartedMain] o.h.e.t.j.p.i.JtaPlatformInitiator       : HHH000489: No JTA platform available (set 'hibernate.transaction.jta.platform' to enable JTA platform integration)
2025-05-01T19:54:56.251+05:45  INFO 838825 --- [EcommerceCommon] [restartedMain] j.LocalContainerEntityManagerFactoryBean : Initialized JPA EntityManagerFactory for persistence unit 'default'
2025-05-01T19:54:56.427+05:45  WARN 838825 --- [EcommerceCommon] [restartedMain] JpaBaseConfiguration$JpaWebConfiguration : spring.jpa.open-in-view is enabled by default. Therefore, database queries may be performed during view rendering. Explicitly configure spring.jpa.open-in-view to disable this warning
2025-05-01T19:54:56.436+05:45  INFO 838825 --- [EcommerceCommon] [restartedMain] o.s.b.a.w.s.WelcomePageHandlerMapping    : Adding welcome page template: index
2025-05-01T19:54:56.691+05:45  INFO 838825 --- [EcommerceCommon] [restartedMain] o.s.b.d.a.OptionalLiveReloadServer       : LiveReload server is running on port 35729
2025-05-01T19:54:56.713+05:45  INFO 838825 --- [EcommerceCommon] [restartedMain] o.s.b.w.embedded.tomcat.TomcatWebServer  : Tomcat started on port 8080 (http) with context path '/admin'
2025-05-01T19:54:56.718+05:45  INFO 838825 --- [EcommerceCommon] [restartedMain] n.c.j.e.a.EcommerceBackendApplication    : Started EcommerceBackendApplication in 1.231 seconds (process running for 1790.991)
2025-05-01T19:54:56.720+05:45  INFO 838825 --- [EcommerceCommon] [restartedMain] .ConditionEvaluationDeltaLoggingListener : Condition evaluation unchanged
2025-05-01T20:16:35.255+05:45  INFO 838825 --- [EcommerceCommon] [http-nio-8080-exec-1] o.a.c.c.C.[Tomcat].[localhost].[/admin]  : Initializing Spring DispatcherServlet 'dispatcherServlet'
2025-05-01T20:16:35.255+05:45  INFO 838825 --- [EcommerceCommon] [http-nio-8080-exec-1] o.s.web.servlet.DispatcherServlet        : Initializing Servlet 'dispatcherServlet'
2025-05-01T20:16:35.257+05:45  INFO 838825 --- [EcommerceCommon] [http-nio-8080-exec-1] o.s.web.servlet.DispatcherServlet        : Completed initialization in 2 ms
2025-05-01T20:19:08.988+05:45  INFO 838825 --- [EcommerceCommon] [File Watcher] rtingClassPathChangeChangedEventListener : Restarting due to 1 class path change (0 additions, 0 deletions, 1 modification)
2025-05-01T20:19:08.995+05:45  INFO 838825 --- [EcommerceCommon] [Thread-43] j.LocalContainerEntityManagerFactoryBean : Closing JPA EntityManagerFactory for persistence unit 'default'
2025-05-01T20:19:08.996+05:45  INFO 838825 --- [EcommerceCommon] [Thread-43] com.zaxxer.hikari.HikariDataSource       : HikariPool-11 - Shutdown initiated...
2025-05-01T20:19:08.997+05:45  INFO 838825 --- [EcommerceCommon] [Thread-43] com.zaxxer.hikari.HikariDataSource       : HikariPool-11 - Shutdown completed.
2025-05-01T20:19:09.091+05:45  INFO 838825 --- [EcommerceCommon] [restartedMain] n.c.j.e.a.EcommerceBackendApplication    : Starting EcommerceBackendApplication using Java 21.0.7 with PID 838825 (/home/jp/Documents/eclipse-workspace/EcommerceProject/EcommerceWebParent/EcommerceBackend/target/classes started by jp in /home/jp/Documents/eclipse-workspace/EcommerceProject)
2025-05-01T20:19:09.091+05:45  INFO 838825 --- [EcommerceCommon] [restartedMain] n.c.j.e.a.EcommerceBackendApplication    : No active profile set, falling back to 1 default profile: "default"
2025-05-01T20:19:09.341+05:45  INFO 838825 --- [EcommerceCommon] [restartedMain] .s.d.r.c.RepositoryConfigurationDelegate : Bootstrapping Spring Data JPA repositories in DEFAULT mode.
2025-05-01T20:19:09.350+05:45  INFO 838825 --- [EcommerceCommon] [restartedMain] .s.d.r.c.RepositoryConfigurationDelegate : Finished Spring Data repository scanning in 8 ms. Found 2 JPA repository interfaces.
2025-05-01T20:19:09.476+05:45  INFO 838825 --- [EcommerceCommon] [restartedMain] o.s.b.w.embedded.tomcat.TomcatWebServer  : Tomcat initialized with port 8080 (http)
2025-05-01T20:19:09.478+05:45  INFO 838825 --- [EcommerceCommon] [restartedMain] o.apache.catalina.core.StandardService   : Starting service [Tomcat]
2025-05-01T20:19:09.478+05:45  INFO 838825 --- [EcommerceCommon] [restartedMain] o.apache.catalina.core.StandardEngine    : Starting Servlet engine: [Apache Tomcat/10.1.40]
2025-05-01T20:19:09.488+05:45  INFO 838825 --- [EcommerceCommon] [restartedMain] o.a.c.c.C.[Tomcat].[localhost].[/admin]  : Initializing Spring embedded WebApplicationContext
2025-05-01T20:19:09.488+05:45  INFO 838825 --- [EcommerceCommon] [restartedMain] w.s.c.ServletWebServerApplicationContext : Root WebApplicationContext: initialization completed in 395 ms
2025-05-01T20:19:09.544+05:45  INFO 838825 --- [EcommerceCommon] [restartedMain] o.hibernate.jpa.internal.util.LogHelper  : HHH000204: Processing PersistenceUnitInfo [name: default]
2025-05-01T20:19:09.547+05:45  INFO 838825 --- [EcommerceCommon] [restartedMain] o.h.c.internal.RegionFactoryInitiator    : HHH000026: Second-level cache disabled
2025-05-01T20:19:09.566+05:45  INFO 838825 --- [EcommerceCommon] [restartedMain] o.s.o.j.p.SpringPersistenceUnitInfo      : No LoadTimeWeaver setup: ignoring JPA class transformer
2025-05-01T20:19:09.567+05:45  INFO 838825 --- [EcommerceCommon] [restartedMain] com.zaxxer.hikari.HikariDataSource       : HikariPool-12 - Starting...
2025-05-01T20:19:09.668+05:45  INFO 838825 --- [EcommerceCommon] [restartedMain] com.zaxxer.hikari.pool.HikariPool        : HikariPool-12 - Added connection org.postgresql.jdbc.PgConnection@54960b46
2025-05-01T20:19:09.669+05:45  INFO 838825 --- [EcommerceCommon] [restartedMain] com.zaxxer.hikari.HikariDataSource       : HikariPool-12 - Start completed.
2025-05-01T20:19:09.672+05:45  WARN 838825 --- [EcommerceCommon] [restartedMain] org.hibernate.orm.deprecation            : HHH90000025: PostgreSQLDialect does not need to be specified explicitly using 'hibernate.dialect' (remove the property setting and it will be selected by default)
2025-05-01T20:19:09.753+05:45  INFO 838825 --- [EcommerceCommon] [restartedMain] o.h.e.t.j.p.i.JtaPlatformInitiator       : HHH000489: No JTA platform available (set 'hibernate.transaction.jta.platform' to enable JTA platform integration)
2025-05-01T20:19:09.887+05:45  INFO 838825 --- [EcommerceCommon] [restartedMain] j.LocalContainerEntityManagerFactoryBean : Initialized JPA EntityManagerFactory for persistence unit 'default'
2025-05-01T20:19:09.959+05:45  WARN 838825 --- [EcommerceCommon] [restartedMain] ConfigServletWebServerApplicationContext : Exception encountered during context initialization - cancelling refresh attempt: org.springframework.beans.factory.BeanCreationException: Error creating bean with name 'userController' defined in file [/home/jp/Documents/eclipse-workspace/EcommerceProject/EcommerceWebParent/EcommerceBackend/target/classes/np/com/jp/ecommerce/admin/user/UserController.class]: Failed to instantiate [np.com.jp.ecommerce.admin.user.UserController]: Constructor threw exception
2025-05-01T20:19:09.959+05:45  INFO 838825 --- [EcommerceCommon] [restartedMain] j.LocalContainerEntityManagerFactoryBean : Closing JPA EntityManagerFactory for persistence unit 'default'
2025-05-01T20:19:09.960+05:45  INFO 838825 --- [EcommerceCommon] [restartedMain] com.zaxxer.hikari.HikariDataSource       : HikariPool-12 - Shutdown initiated...
2025-05-01T20:19:09.986+05:45  INFO 838825 --- [EcommerceCommon] [restartedMain] com.zaxxer.hikari.HikariDataSource       : HikariPool-12 - Shutdown completed.
2025-05-01T20:19:09.987+05:45  INFO 838825 --- [EcommerceCommon] [restartedMain] o.apache.catalina.core.StandardService   : Stopping service [Tomcat]
2025-05-01T20:19:09.995+05:45  INFO 838825 --- [EcommerceCommon] [restartedMain] .s.b.a.l.ConditionEvaluationReportLogger : 

Error starting ApplicationContext. To display the condition evaluation report re-run your application with 'debug' enabled.
2025-05-01T20:19:10.025+05:45 ERROR 838825 --- [EcommerceCommon] [restartedMain] o.s.boot.SpringApplication               : Application run failed

org.springframework.beans.factory.BeanCreationException: Error creating bean with name 'userController' defined in file [/home/jp/Documents/eclipse-workspace/EcommerceProject/EcommerceWebParent/EcommerceBackend/target/classes/np/com/jp/ecommerce/admin/user/UserController.class]: Failed to instantiate [np.com.jp.ecommerce.admin.user.UserController]: Constructor threw exception
	at org.springframework.beans.factory.support.ConstructorResolver.instantiate(ConstructorResolver.java:318) ~[spring-beans-6.1.19.jar:6.1.19]
	at org.springframework.beans.factory.support.ConstructorResolver.autowireConstructor(ConstructorResolver.java:306) ~[spring-beans-6.1.19.jar:6.1.19]
	at org.springframework.beans.factory.support.AbstractAutowireCapableBeanFactory.autowireConstructor(AbstractAutowireCapableBeanFactory.java:1375) ~[spring-beans-6.1.19.jar:6.1.19]
	at org.springframework.beans.factory.support.AbstractAutowireCapableBeanFactory.createBeanInstance(AbstractAutowireCapableBeanFactory.java:1212) ~[spring-beans-6.1.19.jar:6.1.19]
	at org.springframework.beans.factory.support.AbstractAutowireCapableBeanFactory.doCreateBean(AbstractAutowireCapableBeanFactory.java:562) ~[spring-beans-6.1.19.jar:6.1.19]
	at org.springframework.beans.factory.support.AbstractAutowireCapableBeanFactory.createBean(AbstractAutowireCapableBeanFactory.java:522) ~[spring-beans-6.1.19.jar:6.1.19]
	at org.springframework.beans.factory.support.AbstractBeanFactory.lambda$doGetBean$0(AbstractBeanFactory.java:337) ~[spring-beans-6.1.19.jar:6.1.19]
	at org.springframework.beans.factory.support.DefaultSingletonBeanRegistry.getSingleton(DefaultSingletonBeanRegistry.java:234) ~[spring-beans-6.1.19.jar:6.1.19]
	at org.springframework.beans.factory.support.AbstractBeanFactory.doGetBean(AbstractBeanFactory.java:335) ~[spring-beans-6.1.19.jar:6.1.19]
	at org.springframework.beans.factory.support.AbstractBeanFactory.getBean(AbstractBeanFactory.java:200) ~[spring-beans-6.1.19.jar:6.1.19]
	at org.springframework.beans.factory.support.DefaultListableBeanFactory.preInstantiateSingletons(DefaultListableBeanFactory.java:975) ~[spring-beans-6.1.19.jar:6.1.19]
	at org.springframework.context.support.AbstractApplicationContext.finishBeanFactoryInitialization(AbstractApplicationContext.java:971) ~[spring-context-6.1.19.jar:6.1.19]
	at org.springframework.context.support.AbstractApplicationContext.refresh(AbstractApplicationContext.java:625) ~[spring-context-6.1.19.jar:6.1.19]
	at org.springframework.boot.web.servlet.context.ServletWebServerApplicationContext.refresh(ServletWebServerApplicationContext.java:146) ~[spring-boot-3.3.11.jar:3.3.11]
	at org.springframework.boot.SpringApplication.refresh(SpringApplication.java:755) ~[spring-boot-3.3.11.jar:3.3.11]
	at org.springframework.boot.SpringApplication.refreshContext(SpringApplication.java:456) ~[spring-boot-3.3.11.jar:3.3.11]
	at org.springframework.boot.SpringApplication.run(SpringApplication.java:335) ~[spring-boot-3.3.11.jar:3.3.11]
	at org.springframework.boot.SpringApplication.run(SpringApplication.java:1364) ~[spring-boot-3.3.11.jar:3.3.11]
	at org.springframework.boot.SpringApplication.run(SpringApplication.java:1353) ~[spring-boot-3.3.11.jar:3.3.11]
	at np.com.jp.ecommerce.admin.EcommerceBackendApplication.main(EcommerceBackendApplication.java:12) ~[classes/:na]
	at java.base/jdk.internal.reflect.DirectMethodHandleAccessor.invoke(DirectMethodHandleAccessor.java:103) ~[na:na]
	at java.base/java.lang.reflect.Method.invoke(Method.java:580) ~[na:na]
	at org.springframework.boot.devtools.restart.RestartLauncher.run(RestartLauncher.java:50) ~[spring-boot-devtools-3.3.11.jar:3.3.11]
Caused by: org.springframework.beans.BeanInstantiationException: Failed to instantiate [np.com.jp.ecommerce.admin.user.UserController]: Constructor threw exception
	at org.springframework.beans.BeanUtils.instantiateClass(BeanUtils.java:221) ~[spring-beans-6.1.19.jar:6.1.19]
	at org.springframework.beans.factory.support.SimpleInstantiationStrategy.instantiate(SimpleInstantiationStrategy.java:117) ~[spring-beans-6.1.19.jar:6.1.19]
	at org.springframework.beans.factory.support.ConstructorResolver.instantiate(ConstructorResolver.java:315) ~[spring-beans-6.1.19.jar:6.1.19]
	... 22 common frames omitted
Caused by: java.lang.Error: Unresolved compilation problems: 
	Syntax error, insert "}" to complete ClassBody
	Syntax error on token ")", { expected after this token

	at np.com.jp.ecommerce.admin.user.UserController.<init>(UserController.java:33) ~[classes/:na]
	at java.base/jdk.internal.reflect.DirectConstructorHandleAccessor.newInstance(DirectConstructorHandleAccessor.java:62) ~[na:na]
	at java.base/java.lang.reflect.Constructor.newInstanceWithCaller(Constructor.java:502) ~[na:na]
	at java.base/java.lang.reflect.Constructor.newInstance(Constructor.java:486) ~[na:na]
	at org.springframework.beans.BeanUtils.instantiateClass(BeanUtils.java:208) ~[spring-beans-6.1.19.jar:6.1.19]
	... 24 common frames omitted

2025-05-01T20:19:11.463+05:45  INFO 838825 --- [EcommerceCommon] [restartedMain] n.c.j.e.a.EcommerceBackendApplication    : Starting EcommerceBackendApplication using Java 21.0.7 with PID 838825 (/home/jp/Documents/eclipse-workspace/EcommerceProject/EcommerceWebParent/EcommerceBackend/target/classes started by jp in /home/jp/Documents/eclipse-workspace/EcommerceProject)
2025-05-01T20:19:11.464+05:45  INFO 838825 --- [EcommerceCommon] [restartedMain] n.c.j.e.a.EcommerceBackendApplication    : No active profile set, falling back to 1 default profile: "default"
2025-05-01T20:19:11.608+05:45  INFO 838825 --- [EcommerceCommon] [restartedMain] .s.d.r.c.RepositoryConfigurationDelegate : Bootstrapping Spring Data JPA repositories in DEFAULT mode.
2025-05-01T20:19:11.614+05:45  INFO 838825 --- [EcommerceCommon] [restartedMain] .s.d.r.c.RepositoryConfigurationDelegate : Finished Spring Data repository scanning in 5 ms. Found 2 JPA repository interfaces.
2025-05-01T20:19:11.714+05:45  INFO 838825 --- [EcommerceCommon] [restartedMain] o.s.b.w.embedded.tomcat.TomcatWebServer  : Tomcat initialized with port 8080 (http)
2025-05-01T20:19:11.717+05:45  INFO 838825 --- [EcommerceCommon] [restartedMain] o.apache.catalina.core.StandardService   : Starting service [Tomcat]
2025-05-01T20:19:11.718+05:45  INFO 838825 --- [EcommerceCommon] [restartedMain] o.apache.catalina.core.StandardEngine    : Starting Servlet engine: [Apache Tomcat/10.1.40]
2025-05-01T20:19:11.731+05:45  INFO 838825 --- [EcommerceCommon] [restartedMain] o.a.c.c.C.[.[localhost].[/admin]         : Initializing Spring embedded WebApplicationContext
2025-05-01T20:19:11.731+05:45  INFO 838825 --- [EcommerceCommon] [restartedMain] w.s.c.ServletWebServerApplicationContext : Root WebApplicationContext: initialization completed in 265 ms
2025-05-01T20:19:11.786+05:45  INFO 838825 --- [EcommerceCommon] [restartedMain] o.hibernate.jpa.internal.util.LogHelper  : HHH000204: Processing PersistenceUnitInfo [name: default]
2025-05-01T20:19:11.789+05:45  INFO 838825 --- [EcommerceCommon] [restartedMain] o.h.c.internal.RegionFactoryInitiator    : HHH000026: Second-level cache disabled
2025-05-01T20:19:11.800+05:45  INFO 838825 --- [EcommerceCommon] [restartedMain] o.s.o.j.p.SpringPersistenceUnitInfo      : No LoadTimeWeaver setup: ignoring JPA class transformer
2025-05-01T20:19:11.801+05:45  INFO 838825 --- [EcommerceCommon] [restartedMain] com.zaxxer.hikari.HikariDataSource       : HikariPool-13 - Starting...
2025-05-01T20:19:11.833+05:45  INFO 838825 --- [EcommerceCommon] [restartedMain] com.zaxxer.hikari.pool.HikariPool        : HikariPool-13 - Added connection org.postgresql.jdbc.PgConnection@7e769232
2025-05-01T20:19:11.833+05:45  INFO 838825 --- [EcommerceCommon] [restartedMain] com.zaxxer.hikari.HikariDataSource       : HikariPool-13 - Start completed.
2025-05-01T20:19:11.837+05:45  WARN 838825 --- [EcommerceCommon] [restartedMain] org.hibernate.orm.deprecation            : HHH90000025: PostgreSQLDialect does not need to be specified explicitly using 'hibernate.dialect' (remove the property setting and it will be selected by default)
2025-05-01T20:19:11.920+05:45  INFO 838825 --- [EcommerceCommon] [restartedMain] o.h.e.t.j.p.i.JtaPlatformInitiator       : HHH000489: No JTA platform available (set 'hibernate.transaction.jta.platform' to enable JTA platform integration)
2025-05-01T20:19:12.109+05:45  INFO 838825 --- [EcommerceCommon] [restartedMain] j.LocalContainerEntityManagerFactoryBean : Initialized JPA EntityManagerFactory for persistence unit 'default'
2025-05-01T20:19:12.192+05:45  WARN 838825 --- [EcommerceCommon] [restartedMain] JpaBaseConfiguration$JpaWebConfiguration : spring.jpa.open-in-view is enabled by default. Therefore, database queries may be performed during view rendering. Explicitly configure spring.jpa.open-in-view to disable this warning
2025-05-01T20:19:12.205+05:45  INFO 838825 --- [EcommerceCommon] [restartedMain] o.s.b.a.w.s.WelcomePageHandlerMapping    : Adding welcome page template: index
2025-05-01T20:19:12.480+05:45  INFO 838825 --- [EcommerceCommon] [restartedMain] o.s.b.d.a.OptionalLiveReloadServer       : LiveReload server is running on port 35729
2025-05-01T20:19:12.494+05:45  INFO 838825 --- [EcommerceCommon] [restartedMain] o.s.b.w.embedded.tomcat.TomcatWebServer  : Tomcat started on port 8080 (http) with context path '/admin'
2025-05-01T20:19:12.498+05:45  INFO 838825 --- [EcommerceCommon] [restartedMain] n.c.j.e.a.EcommerceBackendApplication    : Started EcommerceBackendApplication in 1.06 seconds (process running for 2913.124)
2025-05-01T20:19:12.499+05:45  INFO 838825 --- [EcommerceCommon] [restartedMain] .ConditionEvaluationDeltaLoggingListener : Condition evaluation unchanged
2025-05-01T20:19:22.899+05:45  INFO 838825 --- [EcommerceCommon] [File Watcher] rtingClassPathChangeChangedEventListener : Restarting due to 1 class path change (0 additions, 0 deletions, 1 modification)
2025-05-01T20:19:22.903+05:45  INFO 838825 --- [EcommerceCommon] [Thread-47] j.LocalContainerEntityManagerFactoryBean : Closing JPA EntityManagerFactory for persistence unit 'default'
2025-05-01T20:19:22.904+05:45  INFO 838825 --- [EcommerceCommon] [Thread-47] com.zaxxer.hikari.HikariDataSource       : HikariPool-13 - Shutdown initiated...
2025-05-01T20:19:22.905+05:45  INFO 838825 --- [EcommerceCommon] [Thread-47] com.zaxxer.hikari.HikariDataSource       : HikariPool-13 - Shutdown completed.
2025-05-01T20:19:22.994+05:45  INFO 838825 --- [EcommerceCommon] [restartedMain] n.c.j.e.a.EcommerceBackendApplication    : Starting EcommerceBackendApplication using Java 21.0.7 with PID 838825 (/home/jp/Documents/eclipse-workspace/EcommerceProject/EcommerceWebParent/EcommerceBackend/target/classes started by jp in /home/jp/Documents/eclipse-workspace/EcommerceProject)
2025-05-01T20:19:22.994+05:45  INFO 838825 --- [EcommerceCommon] [restartedMain] n.c.j.e.a.EcommerceBackendApplication    : No active profile set, falling back to 1 default profile: "default"
2025-05-01T20:19:23.139+05:45  INFO 838825 --- [EcommerceCommon] [restartedMain] .s.d.r.c.RepositoryConfigurationDelegate : Bootstrapping Spring Data JPA repositories in DEFAULT mode.
2025-05-01T20:19:23.146+05:45  INFO 838825 --- [EcommerceCommon] [restartedMain] .s.d.r.c.RepositoryConfigurationDelegate : Finished Spring Data repository scanning in 7 ms. Found 2 JPA repository interfaces.
2025-05-01T20:19:23.232+05:45  INFO 838825 --- [EcommerceCommon] [restartedMain] o.s.b.w.embedded.tomcat.TomcatWebServer  : Tomcat initialized with port 8080 (http)
2025-05-01T20:19:23.233+05:45  INFO 838825 --- [EcommerceCommon] [restartedMain] o.apache.catalina.core.StandardService   : Starting service [Tomcat]
2025-05-01T20:19:23.233+05:45  INFO 838825 --- [EcommerceCommon] [restartedMain] o.apache.catalina.core.StandardEngine    : Starting Servlet engine: [Apache Tomcat/10.1.40]
2025-05-01T20:19:23.241+05:45  INFO 838825 --- [EcommerceCommon] [restartedMain] o.a.c.c.C.[.[localhost].[/admin]         : Initializing Spring embedded WebApplicationContext
2025-05-01T20:19:23.241+05:45  INFO 838825 --- [EcommerceCommon] [restartedMain] w.s.c.ServletWebServerApplicationContext : Root WebApplicationContext: initialization completed in 245 ms
2025-05-01T20:19:23.278+05:45  INFO 838825 --- [EcommerceCommon] [restartedMain] o.hibernate.jpa.internal.util.LogHelper  : HHH000204: Processing PersistenceUnitInfo [name: default]
2025-05-01T20:19:23.281+05:45  INFO 838825 --- [EcommerceCommon] [restartedMain] o.h.c.internal.RegionFactoryInitiator    : HHH000026: Second-level cache disabled
2025-05-01T20:19:23.288+05:45  INFO 838825 --- [EcommerceCommon] [restartedMain] o.s.o.j.p.SpringPersistenceUnitInfo      : No LoadTimeWeaver setup: ignoring JPA class transformer
2025-05-01T20:19:23.289+05:45  INFO 838825 --- [EcommerceCommon] [restartedMain] com.zaxxer.hikari.HikariDataSource       : HikariPool-14 - Starting...
2025-05-01T20:19:23.311+05:45  INFO 838825 --- [EcommerceCommon] [restartedMain] com.zaxxer.hikari.pool.HikariPool        : HikariPool-14 - Added connection org.postgresql.jdbc.PgConnection@7cccedfd
2025-05-01T20:19:23.312+05:45  INFO 838825 --- [EcommerceCommon] [restartedMain] com.zaxxer.hikari.HikariDataSource       : HikariPool-14 - Start completed.
2025-05-01T20:19:23.315+05:45  WARN 838825 --- [EcommerceCommon] [restartedMain] org.hibernate.orm.deprecation            : HHH90000025: PostgreSQLDialect does not need to be specified explicitly using 'hibernate.dialect' (remove the property setting and it will be selected by default)
2025-05-01T20:19:23.398+05:45  INFO 838825 --- [EcommerceCommon] [restartedMain] o.h.e.t.j.p.i.JtaPlatformInitiator       : HHH000489: No JTA platform available (set 'hibernate.transaction.jta.platform' to enable JTA platform integration)
2025-05-01T20:19:23.542+05:45  INFO 838825 --- [EcommerceCommon] [restartedMain] j.LocalContainerEntityManagerFactoryBean : Initialized JPA EntityManagerFactory for persistence unit 'default'
2025-05-01T20:19:23.606+05:45  WARN 838825 --- [EcommerceCommon] [restartedMain] JpaBaseConfiguration$JpaWebConfiguration : spring.jpa.open-in-view is enabled by default. Therefore, database queries may be performed during view rendering. Explicitly configure spring.jpa.open-in-view to disable this warning
2025-05-01T20:19:23.614+05:45  INFO 838825 --- [EcommerceCommon] [restartedMain] o.s.b.a.w.s.WelcomePageHandlerMapping    : Adding welcome page template: index
2025-05-01T20:19:23.826+05:45  INFO 838825 --- [EcommerceCommon] [restartedMain] o.s.b.d.a.OptionalLiveReloadServer       : LiveReload server is running on port 35729
2025-05-01T20:19:23.841+05:45  INFO 838825 --- [EcommerceCommon] [restartedMain] o.s.b.w.embedded.tomcat.TomcatWebServer  : Tomcat started on port 8080 (http) with context path '/admin'
2025-05-01T20:19:23.845+05:45  INFO 838825 --- [EcommerceCommon] [restartedMain] n.c.j.e.a.EcommerceBackendApplication    : Started EcommerceBackendApplication in 0.879 seconds (process running for 2924.472)
2025-05-01T20:19:23.847+05:45  INFO 838825 --- [EcommerceCommon] [restartedMain] .ConditionEvaluationDeltaLoggingListener : Condition evaluation unchanged
2025-05-01T20:19:28.236+05:45  INFO 838825 --- [EcommerceCommon] [File Watcher] rtingClassPathChangeChangedEventListener : Restarting due to 1 class path change (0 additions, 0 deletions, 1 modification)
2025-05-01T20:19:28.239+05:45  INFO 838825 --- [EcommerceCommon] [Thread-54] j.LocalContainerEntityManagerFactoryBean : Closing JPA EntityManagerFactory for persistence unit 'default'
2025-05-01T20:19:28.239+05:45  INFO 838825 --- [EcommerceCommon] [Thread-54] com.zaxxer.hikari.HikariDataSource       : HikariPool-14 - Shutdown initiated...
2025-05-01T20:19:28.241+05:45  INFO 838825 --- [EcommerceCommon] [Thread-54] com.zaxxer.hikari.HikariDataSource       : HikariPool-14 - Shutdown completed.
2025-05-01T20:19:28.327+05:45  INFO 838825 --- [EcommerceCommon] [restartedMain] n.c.j.e.a.EcommerceBackendApplication    : Starting EcommerceBackendApplication using Java 21.0.7 with PID 838825 (/home/jp/Documents/eclipse-workspace/EcommerceProject/EcommerceWebParent/EcommerceBackend/target/classes started by jp in /home/jp/Documents/eclipse-workspace/EcommerceProject)
2025-05-01T20:19:28.327+05:45  INFO 838825 --- [EcommerceCommon] [restartedMain] n.c.j.e.a.EcommerceBackendApplication    : No active profile set, falling back to 1 default profile: "default"
2025-05-01T20:19:28.510+05:45  INFO 838825 --- [EcommerceCommon] [restartedMain] .s.d.r.c.RepositoryConfigurationDelegate : Bootstrapping Spring Data JPA repositories in DEFAULT mode.
2025-05-01T20:19:28.517+05:45  INFO 838825 --- [EcommerceCommon] [restartedMain] .s.d.r.c.RepositoryConfigurationDelegate : Finished Spring Data repository scanning in 7 ms. Found 2 JPA repository interfaces.
2025-05-01T20:19:28.597+05:45  INFO 838825 --- [EcommerceCommon] [restartedMain] o.s.b.w.embedded.tomcat.TomcatWebServer  : Tomcat initialized with port 8080 (http)
2025-05-01T20:19:28.599+05:45  INFO 838825 --- [EcommerceCommon] [restartedMain] o.apache.catalina.core.StandardService   : Starting service [Tomcat]
2025-05-01T20:19:28.599+05:45  INFO 838825 --- [EcommerceCommon] [restartedMain] o.apache.catalina.core.StandardEngine    : Starting Servlet engine: [Apache Tomcat/10.1.40]
2025-05-01T20:19:28.607+05:45  INFO 838825 --- [EcommerceCommon] [restartedMain] o.a.c.c.C.[.[localhost].[/admin]         : Initializing Spring embedded WebApplicationContext
2025-05-01T20:19:28.607+05:45  INFO 838825 --- [EcommerceCommon] [restartedMain] w.s.c.ServletWebServerApplicationContext : Root WebApplicationContext: initialization completed in 278 ms
2025-05-01T20:19:28.644+05:45  INFO 838825 --- [EcommerceCommon] [restartedMain] o.hibernate.jpa.internal.util.LogHelper  : HHH000204: Processing PersistenceUnitInfo [name: default]
2025-05-01T20:19:28.646+05:45  INFO 838825 --- [EcommerceCommon] [restartedMain] o.h.c.internal.RegionFactoryInitiator    : HHH000026: Second-level cache disabled
2025-05-01T20:19:28.655+05:45  INFO 838825 --- [EcommerceCommon] [restartedMain] o.s.o.j.p.SpringPersistenceUnitInfo      : No LoadTimeWeaver setup: ignoring JPA class transformer
2025-05-01T20:19:28.659+05:45  INFO 838825 --- [EcommerceCommon] [restartedMain] com.zaxxer.hikari.HikariDataSource       : HikariPool-15 - Starting...
2025-05-01T20:19:28.688+05:45  INFO 838825 --- [EcommerceCommon] [restartedMain] com.zaxxer.hikari.pool.HikariPool        : HikariPool-15 - Added connection org.postgresql.jdbc.PgConnection@5fec47d1
2025-05-01T20:19:28.688+05:45  INFO 838825 --- [EcommerceCommon] [restartedMain] com.zaxxer.hikari.HikariDataSource       : HikariPool-15 - Start completed.
2025-05-01T20:19:28.692+05:45  WARN 838825 --- [EcommerceCommon] [restartedMain] org.hibernate.orm.deprecation            : HHH90000025: PostgreSQLDialect does not need to be specified explicitly using 'hibernate.dialect' (remove the property setting and it will be selected by default)
2025-05-01T20:19:28.756+05:45  INFO 838825 --- [EcommerceCommon] [restartedMain] o.h.e.t.j.p.i.JtaPlatformInitiator       : HHH000489: No JTA platform available (set 'hibernate.transaction.jta.platform' to enable JTA platform integration)
2025-05-01T20:19:28.878+05:45  INFO 838825 --- [EcommerceCommon] [restartedMain] j.LocalContainerEntityManagerFactoryBean : Initialized JPA EntityManagerFactory for persistence unit 'default'
2025-05-01T20:19:28.941+05:45  WARN 838825 --- [EcommerceCommon] [restartedMain] JpaBaseConfiguration$JpaWebConfiguration : spring.jpa.open-in-view is enabled by default. Therefore, database queries may be performed during view rendering. Explicitly configure spring.jpa.open-in-view to disable this warning
2025-05-01T20:19:28.951+05:45  INFO 838825 --- [EcommerceCommon] [restartedMain] o.s.b.a.w.s.WelcomePageHandlerMapping    : Adding welcome page template: index
2025-05-01T20:19:29.151+05:45  INFO 838825 --- [EcommerceCommon] [restartedMain] o.s.b.d.a.OptionalLiveReloadServer       : LiveReload server is running on port 35729
2025-05-01T20:19:29.163+05:45  INFO 838825 --- [EcommerceCommon] [restartedMain] o.s.b.w.embedded.tomcat.TomcatWebServer  : Tomcat started on port 8080 (http) with context path '/admin'
2025-05-01T20:19:29.168+05:45  INFO 838825 --- [EcommerceCommon] [restartedMain] n.c.j.e.a.EcommerceBackendApplication    : Started EcommerceBackendApplication in 0.866 seconds (process running for 2929.795)
2025-05-01T20:19:29.169+05:45  INFO 838825 --- [EcommerceCommon] [restartedMain] .ConditionEvaluationDeltaLoggingListener : Condition evaluation unchanged
2025-05-01T20:19:39.576+05:45  INFO 838825 --- [EcommerceCommon] [File Watcher] rtingClassPathChangeChangedEventListener : Restarting due to 1 class path change (0 additions, 0 deletions, 1 modification)
2025-05-01T20:19:39.579+05:45  INFO 838825 --- [EcommerceCommon] [Thread-58] j.LocalContainerEntityManagerFactoryBean : Closing JPA EntityManagerFactory for persistence unit 'default'
2025-05-01T20:19:39.580+05:45  INFO 838825 --- [EcommerceCommon] [Thread-58] com.zaxxer.hikari.HikariDataSource       : HikariPool-15 - Shutdown initiated...
2025-05-01T20:19:39.585+05:45  INFO 838825 --- [EcommerceCommon] [Thread-58] com.zaxxer.hikari.HikariDataSource       : HikariPool-15 - Shutdown completed.
2025-05-01T20:19:39.682+05:45  INFO 838825 --- [EcommerceCommon] [restartedMain] n.c.j.e.a.EcommerceBackendApplication    : Starting EcommerceBackendApplication using Java 21.0.7 with PID 838825 (/home/jp/Documents/eclipse-workspace/EcommerceProject/EcommerceWebParent/EcommerceBackend/target/classes started by jp in /home/jp/Documents/eclipse-workspace/EcommerceProject)
2025-05-01T20:19:39.682+05:45  INFO 838825 --- [EcommerceCommon] [restartedMain] n.c.j.e.a.EcommerceBackendApplication    : No active profile set, falling back to 1 default profile: "default"
2025-05-01T20:19:39.831+05:45  INFO 838825 --- [EcommerceCommon] [restartedMain] .s.d.r.c.RepositoryConfigurationDelegate : Bootstrapping Spring Data JPA repositories in DEFAULT mode.
2025-05-01T20:19:39.837+05:45  INFO 838825 --- [EcommerceCommon] [restartedMain] .s.d.r.c.RepositoryConfigurationDelegate : Finished Spring Data repository scanning in 5 ms. Found 2 JPA repository interfaces.
2025-05-01T20:19:39.945+05:45  INFO 838825 --- [EcommerceCommon] [restartedMain] o.s.b.w.embedded.tomcat.TomcatWebServer  : Tomcat initialized with port 8080 (http)
2025-05-01T20:19:39.945+05:45  INFO 838825 --- [EcommerceCommon] [restartedMain] o.apache.catalina.core.StandardService   : Starting service [Tomcat]
2025-05-01T20:19:39.946+05:45  INFO 838825 --- [EcommerceCommon] [restartedMain] o.apache.catalina.core.StandardEngine    : Starting Servlet engine: [Apache Tomcat/10.1.40]
2025-05-01T20:19:39.954+05:45  INFO 838825 --- [EcommerceCommon] [restartedMain] o.a.c.c.C.[.[localhost].[/admin]         : Initializing Spring embedded WebApplicationContext
2025-05-01T20:19:39.954+05:45  INFO 838825 --- [EcommerceCommon] [restartedMain] w.s.c.ServletWebServerApplicationContext : Root WebApplicationContext: initialization completed in 270 ms
2025-05-01T20:19:39.995+05:45  INFO 838825 --- [EcommerceCommon] [restartedMain] o.hibernate.jpa.internal.util.LogHelper  : HHH000204: Processing PersistenceUnitInfo [name: default]
2025-05-01T20:19:39.997+05:45  INFO 838825 --- [EcommerceCommon] [restartedMain] o.h.c.internal.RegionFactoryInitiator    : HHH000026: Second-level cache disabled
2025-05-01T20:19:40.004+05:45  INFO 838825 --- [EcommerceCommon] [restartedMain] o.s.o.j.p.SpringPersistenceUnitInfo      : No LoadTimeWeaver setup: ignoring JPA class transformer
2025-05-01T20:19:40.004+05:45  INFO 838825 --- [EcommerceCommon] [restartedMain] com.zaxxer.hikari.HikariDataSource       : HikariPool-16 - Starting...
2025-05-01T20:19:40.086+05:45  INFO 838825 --- [EcommerceCommon] [restartedMain] com.zaxxer.hikari.pool.HikariPool        : HikariPool-16 - Added connection org.postgresql.jdbc.PgConnection@1379a366
2025-05-01T20:19:40.086+05:45  INFO 838825 --- [EcommerceCommon] [restartedMain] com.zaxxer.hikari.HikariDataSource       : HikariPool-16 - Start completed.
2025-05-01T20:19:40.089+05:45  WARN 838825 --- [EcommerceCommon] [restartedMain] org.hibernate.orm.deprecation            : HHH90000025: PostgreSQLDialect does not need to be specified explicitly using 'hibernate.dialect' (remove the property setting and it will be selected by default)
2025-05-01T20:19:40.142+05:45  INFO 838825 --- [EcommerceCommon] [restartedMain] o.h.e.t.j.p.i.JtaPlatformInitiator       : HHH000489: No JTA platform available (set 'hibernate.transaction.jta.platform' to enable JTA platform integration)
2025-05-01T20:19:40.295+05:45  INFO 838825 --- [EcommerceCommon] [restartedMain] j.LocalContainerEntityManagerFactoryBean : Initialized JPA EntityManagerFactory for persistence unit 'default'
2025-05-01T20:19:40.368+05:45  WARN 838825 --- [EcommerceCommon] [restartedMain] JpaBaseConfiguration$JpaWebConfiguration : spring.jpa.open-in-view is enabled by default. Therefore, database queries may be performed during view rendering. Explicitly configure spring.jpa.open-in-view to disable this warning
2025-05-01T20:19:40.375+05:45  INFO 838825 --- [EcommerceCommon] [restartedMain] o.s.b.a.w.s.WelcomePageHandlerMapping    : Adding welcome page template: index
2025-05-01T20:19:40.629+05:45  INFO 838825 --- [EcommerceCommon] [restartedMain] o.s.b.d.a.OptionalLiveReloadServer       : LiveReload server is running on port 35729
2025-05-01T20:19:40.642+05:45  INFO 838825 --- [EcommerceCommon] [restartedMain] o.s.b.w.embedded.tomcat.TomcatWebServer  : Tomcat started on port 8080 (http) with context path '/admin'
2025-05-01T20:19:40.645+05:45  INFO 838825 --- [EcommerceCommon] [restartedMain] n.c.j.e.a.EcommerceBackendApplication    : Started EcommerceBackendApplication in 1.0 seconds (process running for 2941.271)
2025-05-01T20:19:40.646+05:45  INFO 838825 --- [EcommerceCommon] [restartedMain] .ConditionEvaluationDeltaLoggingListener : Condition evaluation unchanged
2025-05-01T20:19:49.052+05:45  INFO 838825 --- [EcommerceCommon] [File Watcher] rtingClassPathChangeChangedEventListener : Restarting due to 1 class path change (0 additions, 0 deletions, 1 modification)
2025-05-01T20:19:49.057+05:45  INFO 838825 --- [EcommerceCommon] [Thread-62] j.LocalContainerEntityManagerFactoryBean : Closing JPA EntityManagerFactory for persistence unit 'default'
2025-05-01T20:19:49.058+05:45  INFO 838825 --- [EcommerceCommon] [Thread-62] com.zaxxer.hikari.HikariDataSource       : HikariPool-16 - Shutdown initiated...
2025-05-01T20:19:49.059+05:45  INFO 838825 --- [EcommerceCommon] [Thread-62] com.zaxxer.hikari.HikariDataSource       : HikariPool-16 - Shutdown completed.
2025-05-01T20:19:49.148+05:45  INFO 838825 --- [EcommerceCommon] [restartedMain] n.c.j.e.a.EcommerceBackendApplication    : Starting EcommerceBackendApplication using Java 21.0.7 with PID 838825 (/home/jp/Documents/eclipse-workspace/EcommerceProject/EcommerceWebParent/EcommerceBackend/target/classes started by jp in /home/jp/Documents/eclipse-workspace/EcommerceProject)
2025-05-01T20:19:49.148+05:45  INFO 838825 --- [EcommerceCommon] [restartedMain] n.c.j.e.a.EcommerceBackendApplication    : No active profile set, falling back to 1 default profile: "default"
2025-05-01T20:19:49.339+05:45  INFO 838825 --- [EcommerceCommon] [restartedMain] .s.d.r.c.RepositoryConfigurationDelegate : Bootstrapping Spring Data JPA repositories in DEFAULT mode.
2025-05-01T20:19:49.349+05:45  INFO 838825 --- [EcommerceCommon] [restartedMain] .s.d.r.c.RepositoryConfigurationDelegate : Finished Spring Data repository scanning in 9 ms. Found 2 JPA repository interfaces.
2025-05-01T20:19:49.485+05:45  INFO 838825 --- [EcommerceCommon] [restartedMain] o.s.b.w.embedded.tomcat.TomcatWebServer  : Tomcat initialized with port 8080 (http)
2025-05-01T20:19:49.487+05:45  INFO 838825 --- [EcommerceCommon] [restartedMain] o.apache.catalina.core.StandardService   : Starting service [Tomcat]
2025-05-01T20:19:49.488+05:45  INFO 838825 --- [EcommerceCommon] [restartedMain] o.apache.catalina.core.StandardEngine    : Starting Servlet engine: [Apache Tomcat/10.1.40]
2025-05-01T20:19:49.501+05:45  INFO 838825 --- [EcommerceCommon] [restartedMain] o.a.c.c.C.[.[localhost].[/admin]         : Initializing Spring embedded WebApplicationContext
2025-05-01T20:19:49.502+05:45  INFO 838825 --- [EcommerceCommon] [restartedMain] w.s.c.ServletWebServerApplicationContext : Root WebApplicationContext: initialization completed in 351 ms
2025-05-01T20:19:49.546+05:45  INFO 838825 --- [EcommerceCommon] [restartedMain] o.hibernate.jpa.internal.util.LogHelper  : HHH000204: Processing PersistenceUnitInfo [name: default]
2025-05-01T20:19:49.548+05:45  INFO 838825 --- [EcommerceCommon] [restartedMain] o.h.c.internal.RegionFactoryInitiator    : HHH000026: Second-level cache disabled
2025-05-01T20:19:49.556+05:45  INFO 838825 --- [EcommerceCommon] [restartedMain] o.s.o.j.p.SpringPersistenceUnitInfo      : No LoadTimeWeaver setup: ignoring JPA class transformer
2025-05-01T20:19:49.557+05:45  INFO 838825 --- [EcommerceCommon] [restartedMain] com.zaxxer.hikari.HikariDataSource       : HikariPool-17 - Starting...
2025-05-01T20:19:49.580+05:45  INFO 838825 --- [EcommerceCommon] [restartedMain] com.zaxxer.hikari.pool.HikariPool        : HikariPool-17 - Added connection org.postgresql.jdbc.PgConnection@7ab680
2025-05-01T20:19:49.581+05:45  INFO 838825 --- [EcommerceCommon] [restartedMain] com.zaxxer.hikari.HikariDataSource       : HikariPool-17 - Start completed.
2025-05-01T20:19:49.583+05:45  WARN 838825 --- [EcommerceCommon] [restartedMain] org.hibernate.orm.deprecation            : HHH90000025: PostgreSQLDialect does not need to be specified explicitly using 'hibernate.dialect' (remove the property setting and it will be selected by default)
2025-05-01T20:19:49.627+05:45  INFO 838825 --- [EcommerceCommon] [restartedMain] o.h.e.t.j.p.i.JtaPlatformInitiator       : HHH000489: No JTA platform available (set 'hibernate.transaction.jta.platform' to enable JTA platform integration)
2025-05-01T20:19:49.786+05:45  INFO 838825 --- [EcommerceCommon] [restartedMain] j.LocalContainerEntityManagerFactoryBean : Initialized JPA EntityManagerFactory for persistence unit 'default'
2025-05-01T20:19:49.853+05:45  WARN 838825 --- [EcommerceCommon] [restartedMain] JpaBaseConfiguration$JpaWebConfiguration : spring.jpa.open-in-view is enabled by default. Therefore, database queries may be performed during view rendering. Explicitly configure spring.jpa.open-in-view to disable this warning
2025-05-01T20:19:49.868+05:45  INFO 838825 --- [EcommerceCommon] [restartedMain] o.s.b.a.w.s.WelcomePageHandlerMapping    : Adding welcome page template: index
2025-05-01T20:19:50.069+05:45  INFO 838825 --- [EcommerceCommon] [restartedMain] o.s.b.d.a.OptionalLiveReloadServer       : LiveReload server is running on port 35729
2025-05-01T20:19:50.084+05:45  INFO 838825 --- [EcommerceCommon] [restartedMain] o.s.b.w.embedded.tomcat.TomcatWebServer  : Tomcat started on port 8080 (http) with context path '/admin'
2025-05-01T20:19:50.088+05:45  INFO 838825 --- [EcommerceCommon] [restartedMain] n.c.j.e.a.EcommerceBackendApplication    : Started EcommerceBackendApplication in 0.976 seconds (process running for 2950.714)
2025-05-01T20:19:50.089+05:45  INFO 838825 --- [EcommerceCommon] [restartedMain] .ConditionEvaluationDeltaLoggingListener : Condition evaluation unchanged
2025-05-01T20:20:18.529+05:45  INFO 838825 --- [EcommerceCommon] [File Watcher] rtingClassPathChangeChangedEventListener : Restarting due to 1 class path change (0 additions, 0 deletions, 1 modification)
2025-05-01T20:20:18.534+05:45  INFO 838825 --- [EcommerceCommon] [Thread-66] j.LocalContainerEntityManagerFactoryBean : Closing JPA EntityManagerFactory for persistence unit 'default'
2025-05-01T20:20:18.535+05:45  INFO 838825 --- [EcommerceCommon] [Thread-66] com.zaxxer.hikari.HikariDataSource       : HikariPool-17 - Shutdown initiated...
2025-05-01T20:20:18.536+05:45  INFO 838825 --- [EcommerceCommon] [Thread-66] com.zaxxer.hikari.HikariDataSource       : HikariPool-17 - Shutdown completed.
2025-05-01T20:20:18.609+05:45  INFO 838825 --- [EcommerceCommon] [restartedMain] n.c.j.e.a.EcommerceBackendApplication    : Starting EcommerceBackendApplication using Java 21.0.7 with PID 838825 (/home/jp/Documents/eclipse-workspace/EcommerceProject/EcommerceWebParent/EcommerceBackend/target/classes started by jp in /home/jp/Documents/eclipse-workspace/EcommerceProject)
2025-05-01T20:20:18.609+05:45  INFO 838825 --- [EcommerceCommon] [restartedMain] n.c.j.e.a.EcommerceBackendApplication    : No active profile set, falling back to 1 default profile: "default"
2025-05-01T20:20:18.736+05:45  INFO 838825 --- [EcommerceCommon] [restartedMain] .s.d.r.c.RepositoryConfigurationDelegate : Bootstrapping Spring Data JPA repositories in DEFAULT mode.
2025-05-01T20:20:18.743+05:45  INFO 838825 --- [EcommerceCommon] [restartedMain] .s.d.r.c.RepositoryConfigurationDelegate : Finished Spring Data repository scanning in 6 ms. Found 2 JPA repository interfaces.
2025-05-01T20:20:18.821+05:45  INFO 838825 --- [EcommerceCommon] [restartedMain] o.s.b.w.embedded.tomcat.TomcatWebServer  : Tomcat initialized with port 8080 (http)
2025-05-01T20:20:18.822+05:45  INFO 838825 --- [EcommerceCommon] [restartedMain] o.apache.catalina.core.StandardService   : Starting service [Tomcat]
2025-05-01T20:20:18.822+05:45  INFO 838825 --- [EcommerceCommon] [restartedMain] o.apache.catalina.core.StandardEngine    : Starting Servlet engine: [Apache Tomcat/10.1.40]
2025-05-01T20:20:18.830+05:45  INFO 838825 --- [EcommerceCommon] [restartedMain] o.a.c.c.C.[.[localhost].[/admin]         : Initializing Spring embedded WebApplicationContext
2025-05-01T20:20:18.831+05:45  INFO 838825 --- [EcommerceCommon] [restartedMain] w.s.c.ServletWebServerApplicationContext : Root WebApplicationContext: initialization completed in 220 ms
2025-05-01T20:20:18.866+05:45  INFO 838825 --- [EcommerceCommon] [restartedMain] o.hibernate.jpa.internal.util.LogHelper  : HHH000204: Processing PersistenceUnitInfo [name: default]
2025-05-01T20:20:18.869+05:45  INFO 838825 --- [EcommerceCommon] [restartedMain] o.h.c.internal.RegionFactoryInitiator    : HHH000026: Second-level cache disabled
2025-05-01T20:20:18.876+05:45  INFO 838825 --- [EcommerceCommon] [restartedMain] o.s.o.j.p.SpringPersistenceUnitInfo      : No LoadTimeWeaver setup: ignoring JPA class transformer
2025-05-01T20:20:18.877+05:45  INFO 838825 --- [EcommerceCommon] [restartedMain] com.zaxxer.hikari.HikariDataSource       : HikariPool-18 - Starting...
2025-05-01T20:20:18.973+05:45  INFO 838825 --- [EcommerceCommon] [restartedMain] com.zaxxer.hikari.pool.HikariPool        : HikariPool-18 - Added connection org.postgresql.jdbc.PgConnection@eb56b89
2025-05-01T20:20:18.973+05:45  INFO 838825 --- [EcommerceCommon] [restartedMain] com.zaxxer.hikari.HikariDataSource       : HikariPool-18 - Start completed.
2025-05-01T20:20:18.977+05:45  WARN 838825 --- [EcommerceCommon] [restartedMain] org.hibernate.orm.deprecation            : HHH90000025: PostgreSQLDialect does not need to be specified explicitly using 'hibernate.dialect' (remove the property setting and it will be selected by default)
2025-05-01T20:20:19.031+05:45  INFO 838825 --- [EcommerceCommon] [restartedMain] o.h.e.t.j.p.i.JtaPlatformInitiator       : HHH000489: No JTA platform available (set 'hibernate.transaction.jta.platform' to enable JTA platform integration)
2025-05-01T20:20:19.175+05:45  INFO 838825 --- [EcommerceCommon] [restartedMain] j.LocalContainerEntityManagerFactoryBean : Initialized JPA EntityManagerFactory for persistence unit 'default'
2025-05-01T20:20:19.229+05:45  WARN 838825 --- [EcommerceCommon] [restartedMain] JpaBaseConfiguration$JpaWebConfiguration : spring.jpa.open-in-view is enabled by default. Therefore, database queries may be performed during view rendering. Explicitly configure spring.jpa.open-in-view to disable this warning
2025-05-01T20:20:19.243+05:45  INFO 838825 --- [EcommerceCommon] [restartedMain] o.s.b.a.w.s.WelcomePageHandlerMapping    : Adding welcome page template: index
2025-05-01T20:20:19.456+05:45  INFO 838825 --- [EcommerceCommon] [restartedMain] o.s.b.d.a.OptionalLiveReloadServer       : LiveReload server is running on port 35729
2025-05-01T20:20:19.482+05:45  INFO 838825 --- [EcommerceCommon] [restartedMain] o.s.b.w.embedded.tomcat.TomcatWebServer  : Tomcat started on port 8080 (http) with context path '/admin'
2025-05-01T20:20:19.488+05:45  INFO 838825 --- [EcommerceCommon] [restartedMain] n.c.j.e.a.EcommerceBackendApplication    : Started EcommerceBackendApplication in 0.901 seconds (process running for 2980.115)
2025-05-01T20:20:19.490+05:45  INFO 838825 --- [EcommerceCommon] [restartedMain] .ConditionEvaluationDeltaLoggingListener : Condition evaluation unchanged
2025-05-01T20:21:37.358+05:45  INFO 838825 --- [EcommerceCommon] [http-nio-8080-exec-1] o.a.c.c.C.[.[localhost].[/admin]         : Initializing Spring DispatcherServlet 'dispatcherServlet'
2025-05-01T20:21:37.359+05:45  INFO 838825 --- [EcommerceCommon] [http-nio-8080-exec-1] o.s.web.servlet.DispatcherServlet        : Initializing Servlet 'dispatcherServlet'
2025-05-01T20:21:37.364+05:45  INFO 838825 --- [EcommerceCommon] [http-nio-8080-exec-1] o.s.web.servlet.DispatcherServlet        : Completed initialization in 5 ms
2025-05-01T20:27:42.253+05:45  INFO 838825 --- [EcommerceCommon] [SpringApplicationShutdownHook] j.LocalContainerEntityManagerFactoryBean : Closing JPA EntityManagerFactory for persistence unit 'default'
2025-05-01T20:27:42.255+05:45  INFO 838825 --- [EcommerceCommon] [SpringApplicationShutdownHook] com.zaxxer.hikari.HikariDataSource       : HikariPool-18 - Shutdown initiated...
2025-05-01T20:27:42.256+05:45  INFO 838825 --- [EcommerceCommon] [SpringApplicationShutdownHook] com.zaxxer.hikari.HikariDataSource       : HikariPool-18 - Shutdown completed.
2025-05-01T20:27:49.441+05:45  INFO 881556 --- [EcommerceCommon] [restartedMain] n.c.j.e.a.EcommerceBackendApplication    : Starting EcommerceBackendApplication using Java 21.0.7 with PID 881556 (/home/jp/Documents/eclipse-workspace/EcommerceProject/EcommerceWebParent/EcommerceBackend/target/classes started by jp in /home/jp/Documents/eclipse-workspace/EcommerceProject)
2025-05-01T20:27:49.443+05:45  INFO 881556 --- [EcommerceCommon] [restartedMain] n.c.j.e.a.EcommerceBackendApplication    : No active profile set, falling back to 1 default profile: "default"
2025-05-01T20:27:49.494+05:45  INFO 881556 --- [EcommerceCommon] [restartedMain] .e.DevToolsPropertyDefaultsPostProcessor : Devtools property defaults active! Set 'spring.devtools.add-properties' to 'false' to disable
2025-05-01T20:27:49.494+05:45  INFO 881556 --- [EcommerceCommon] [restartedMain] .e.DevToolsPropertyDefaultsPostProcessor : For additional web related logging consider setting the 'logging.level.web' property to 'DEBUG'
2025-05-01T20:27:50.164+05:45  INFO 881556 --- [EcommerceCommon] [restartedMain] .s.d.r.c.RepositoryConfigurationDelegate : Bootstrapping Spring Data JPA repositories in DEFAULT mode.
2025-05-01T20:27:50.241+05:45  INFO 881556 --- [EcommerceCommon] [restartedMain] .s.d.r.c.RepositoryConfigurationDelegate : Finished Spring Data repository scanning in 68 ms. Found 2 JPA repository interfaces.
2025-05-01T20:27:50.780+05:45  INFO 881556 --- [EcommerceCommon] [restartedMain] o.s.b.w.embedded.tomcat.TomcatWebServer  : Tomcat initialized with port 8080 (http)
2025-05-01T20:27:50.796+05:45  INFO 881556 --- [EcommerceCommon] [restartedMain] o.apache.catalina.core.StandardService   : Starting service [Tomcat]
2025-05-01T20:27:50.797+05:45  INFO 881556 --- [EcommerceCommon] [restartedMain] o.apache.catalina.core.StandardEngine    : Starting Servlet engine: [Apache Tomcat/10.1.40]
2025-05-01T20:27:50.842+05:45  INFO 881556 --- [EcommerceCommon] [restartedMain] o.a.c.c.C.[Tomcat].[localhost].[/admin]  : Initializing Spring embedded WebApplicationContext
2025-05-01T20:27:50.842+05:45  INFO 881556 --- [EcommerceCommon] [restartedMain] w.s.c.ServletWebServerApplicationContext : Root WebApplicationContext: initialization completed in 1347 ms
2025-05-01T20:27:51.021+05:45  INFO 881556 --- [EcommerceCommon] [restartedMain] o.hibernate.jpa.internal.util.LogHelper  : HHH000204: Processing PersistenceUnitInfo [name: default]
2025-05-01T20:27:51.088+05:45  INFO 881556 --- [EcommerceCommon] [restartedMain] org.hibernate.Version                    : HHH000412: Hibernate ORM core version 6.5.3.Final
2025-05-01T20:27:51.128+05:45  INFO 881556 --- [EcommerceCommon] [restartedMain] o.h.c.internal.RegionFactoryInitiator    : HHH000026: Second-level cache disabled
2025-05-01T20:27:51.492+05:45  INFO 881556 --- [EcommerceCommon] [restartedMain] o.s.o.j.p.SpringPersistenceUnitInfo      : No LoadTimeWeaver setup: ignoring JPA class transformer
2025-05-01T20:27:51.530+05:45  INFO 881556 --- [EcommerceCommon] [restartedMain] com.zaxxer.hikari.HikariDataSource       : HikariPool-1 - Starting...
2025-05-01T20:27:51.707+05:45  INFO 881556 --- [EcommerceCommon] [restartedMain] com.zaxxer.hikari.pool.HikariPool        : HikariPool-1 - Added connection org.postgresql.jdbc.PgConnection@41e3220
2025-05-01T20:27:51.709+05:45  INFO 881556 --- [EcommerceCommon] [restartedMain] com.zaxxer.hikari.HikariDataSource       : HikariPool-1 - Start completed.
2025-05-01T20:27:51.746+05:45  WARN 881556 --- [EcommerceCommon] [restartedMain] org.hibernate.orm.deprecation            : HHH90000025: PostgreSQLDialect does not need to be specified explicitly using 'hibernate.dialect' (remove the property setting and it will be selected by default)
2025-05-01T20:27:52.816+05:45  INFO 881556 --- [EcommerceCommon] [restartedMain] o.h.e.t.j.p.i.JtaPlatformInitiator       : HHH000489: No JTA platform available (set 'hibernate.transaction.jta.platform' to enable JTA platform integration)
2025-05-01T20:27:53.033+05:45  INFO 881556 --- [EcommerceCommon] [restartedMain] j.LocalContainerEntityManagerFactoryBean : Initialized JPA EntityManagerFactory for persistence unit 'default'
2025-05-01T20:27:53.342+05:45  WARN 881556 --- [EcommerceCommon] [restartedMain] JpaBaseConfiguration$JpaWebConfiguration : spring.jpa.open-in-view is enabled by default. Therefore, database queries may be performed during view rendering. Explicitly configure spring.jpa.open-in-view to disable this warning
2025-05-01T20:27:53.369+05:45  INFO 881556 --- [EcommerceCommon] [restartedMain] o.s.b.a.w.s.WelcomePageHandlerMapping    : Adding welcome page template: index
2025-05-01T20:27:54.007+05:45  INFO 881556 --- [EcommerceCommon] [restartedMain] o.s.b.d.a.OptionalLiveReloadServer       : LiveReload server is running on port 35729
2025-05-01T20:27:54.054+05:45  INFO 881556 --- [EcommerceCommon] [restartedMain] o.s.b.w.embedded.tomcat.TomcatWebServer  : Tomcat started on port 8080 (http) with context path '/admin'
2025-05-01T20:27:54.064+05:45  INFO 881556 --- [EcommerceCommon] [restartedMain] n.c.j.e.a.EcommerceBackendApplication    : Started EcommerceBackendApplication in 5.16 seconds (process running for 6.009)
2025-05-01T20:27:56.983+05:45  INFO 881556 --- [EcommerceCommon] [http-nio-8080-exec-1] o.a.c.c.C.[Tomcat].[localhost].[/admin]  : Initializing Spring DispatcherServlet 'dispatcherServlet'
2025-05-01T20:27:56.984+05:45  INFO 881556 --- [EcommerceCommon] [http-nio-8080-exec-1] o.s.web.servlet.DispatcherServlet        : Initializing Servlet 'dispatcherServlet'
2025-05-01T20:27:56.985+05:45  INFO 881556 --- [EcommerceCommon] [http-nio-8080-exec-1] o.s.web.servlet.DispatcherServlet        : Completed initialization in 1 ms
2025-05-01T20:28:29.563+05:45  INFO 881556 --- [EcommerceCommon] [http-nio-8080-exec-4] n.c.j.e.admin.user.UserController        : save user: User{id=null, email='jeevan@poudel.com', password='sfddsfdsfdsfdsf', firstName='jeevan', lastName='poudel', photos='null', enabled=true, roles=[]}
2025-05-01T20:42:43.912+05:45  INFO 881556 --- [EcommerceCommon] [File Watcher] rtingClassPathChangeChangedEventListener : Restarting due to 1 class path change (0 additions, 0 deletions, 1 modification)
2025-05-01T20:42:43.927+05:45  INFO 881556 --- [EcommerceCommon] [Thread-5] j.LocalContainerEntityManagerFactoryBean : Closing JPA EntityManagerFactory for persistence unit 'default'
2025-05-01T20:42:43.932+05:45  INFO 881556 --- [EcommerceCommon] [Thread-5] com.zaxxer.hikari.HikariDataSource       : HikariPool-1 - Shutdown initiated...
2025-05-01T20:42:43.935+05:45  INFO 881556 --- [EcommerceCommon] [Thread-5] com.zaxxer.hikari.HikariDataSource       : HikariPool-1 - Shutdown completed.
2025-05-01T20:42:44.033+05:45  INFO 881556 --- [EcommerceCommon] [restartedMain] n.c.j.e.a.EcommerceBackendApplication    : Starting EcommerceBackendApplication using Java 21.0.7 with PID 881556 (/home/jp/Documents/eclipse-workspace/EcommerceProject/EcommerceWebParent/EcommerceBackend/target/classes started by jp in /home/jp/Documents/eclipse-workspace/EcommerceProject)
2025-05-01T20:42:44.033+05:45  INFO 881556 --- [EcommerceCommon] [restartedMain] n.c.j.e.a.EcommerceBackendApplication    : No active profile set, falling back to 1 default profile: "default"
2025-05-01T20:42:44.230+05:45  INFO 881556 --- [EcommerceCommon] [restartedMain] .s.d.r.c.RepositoryConfigurationDelegate : Bootstrapping Spring Data JPA repositories in DEFAULT mode.
2025-05-01T20:42:44.240+05:45  INFO 881556 --- [EcommerceCommon] [restartedMain] .s.d.r.c.RepositoryConfigurationDelegate : Finished Spring Data repository scanning in 9 ms. Found 2 JPA repository interfaces.
2025-05-01T20:42:44.380+05:45  INFO 881556 --- [EcommerceCommon] [restartedMain] o.s.b.w.embedded.tomcat.TomcatWebServer  : Tomcat initialized with port 8080 (http)
2025-05-01T20:42:44.383+05:45  INFO 881556 --- [EcommerceCommon] [restartedMain] o.apache.catalina.core.StandardService   : Starting service [Tomcat]
2025-05-01T20:42:44.383+05:45  INFO 881556 --- [EcommerceCommon] [restartedMain] o.apache.catalina.core.StandardEngine    : Starting Servlet engine: [Apache Tomcat/10.1.40]
2025-05-01T20:42:44.394+05:45  INFO 881556 --- [EcommerceCommon] [restartedMain] o.a.c.c.C.[Tomcat].[localhost].[/admin]  : Initializing Spring embedded WebApplicationContext
2025-05-01T20:42:44.395+05:45  INFO 881556 --- [EcommerceCommon] [restartedMain] w.s.c.ServletWebServerApplicationContext : Root WebApplicationContext: initialization completed in 359 ms
2025-05-01T20:42:44.457+05:45  INFO 881556 --- [EcommerceCommon] [restartedMain] o.hibernate.jpa.internal.util.LogHelper  : HHH000204: Processing PersistenceUnitInfo [name: default]
2025-05-01T20:42:44.460+05:45  INFO 881556 --- [EcommerceCommon] [restartedMain] o.h.c.internal.RegionFactoryInitiator    : HHH000026: Second-level cache disabled
2025-05-01T20:42:44.472+05:45  INFO 881556 --- [EcommerceCommon] [restartedMain] o.s.o.j.p.SpringPersistenceUnitInfo      : No LoadTimeWeaver setup: ignoring JPA class transformer
2025-05-01T20:42:44.473+05:45  INFO 881556 --- [EcommerceCommon] [restartedMain] com.zaxxer.hikari.HikariDataSource       : HikariPool-2 - Starting...
2025-05-01T20:42:44.572+05:45  INFO 881556 --- [EcommerceCommon] [restartedMain] com.zaxxer.hikari.pool.HikariPool        : HikariPool-2 - Added connection org.postgresql.jdbc.PgConnection@19004f8f
2025-05-01T20:42:44.572+05:45  INFO 881556 --- [EcommerceCommon] [restartedMain] com.zaxxer.hikari.HikariDataSource       : HikariPool-2 - Start completed.
2025-05-01T20:42:44.577+05:45  WARN 881556 --- [EcommerceCommon] [restartedMain] org.hibernate.orm.deprecation            : HHH90000025: PostgreSQLDialect does not need to be specified explicitly using 'hibernate.dialect' (remove the property setting and it will be selected by default)
2025-05-01T20:42:44.671+05:45  INFO 881556 --- [EcommerceCommon] [restartedMain] o.h.e.t.j.p.i.JtaPlatformInitiator       : HHH000489: No JTA platform available (set 'hibernate.transaction.jta.platform' to enable JTA platform integration)
2025-05-01T20:42:44.795+05:45  INFO 881556 --- [EcommerceCommon] [restartedMain] j.LocalContainerEntityManagerFactoryBean : Initialized JPA EntityManagerFactory for persistence unit 'default'
2025-05-01T20:42:44.886+05:45  WARN 881556 --- [EcommerceCommon] [restartedMain] JpaBaseConfiguration$JpaWebConfiguration : spring.jpa.open-in-view is enabled by default. Therefore, database queries may be performed during view rendering. Explicitly configure spring.jpa.open-in-view to disable this warning
2025-05-01T20:42:44.903+05:45  INFO 881556 --- [EcommerceCommon] [restartedMain] o.s.b.a.w.s.WelcomePageHandlerMapping    : Adding welcome page template: index
2025-05-01T20:42:45.141+05:45  INFO 881556 --- [EcommerceCommon] [restartedMain] o.s.b.d.a.OptionalLiveReloadServer       : LiveReload server is running on port 35729
2025-05-01T20:42:45.154+05:45  INFO 881556 --- [EcommerceCommon] [restartedMain] o.s.b.w.embedded.tomcat.TomcatWebServer  : Tomcat started on port 8080 (http) with context path '/admin'
2025-05-01T20:42:45.157+05:45  INFO 881556 --- [EcommerceCommon] [restartedMain] n.c.j.e.a.EcommerceBackendApplication    : Started EcommerceBackendApplication in 1.166 seconds (process running for 897.102)
2025-05-01T20:42:45.159+05:45  INFO 881556 --- [EcommerceCommon] [restartedMain] .ConditionEvaluationDeltaLoggingListener : Condition evaluation unchanged
2025-05-01T20:47:31.674+05:45  INFO 881556 --- [EcommerceCommon] [http-nio-8080-exec-1] o.a.c.c.C.[Tomcat].[localhost].[/admin]  : Initializing Spring DispatcherServlet 'dispatcherServlet'
2025-05-01T20:47:31.674+05:45  INFO 881556 --- [EcommerceCommon] [http-nio-8080-exec-1] o.s.web.servlet.DispatcherServlet        : Initializing Servlet 'dispatcherServlet'
2025-05-01T20:47:31.676+05:45  INFO 881556 --- [EcommerceCommon] [http-nio-8080-exec-1] o.s.web.servlet.DispatcherServlet        : Completed initialization in 1 ms
2025-05-01T20:49:09.534+05:45  INFO 881556 --- [EcommerceCommon] [SpringApplicationShutdownHook] j.LocalContainerEntityManagerFactoryBean : Closing JPA EntityManagerFactory for persistence unit 'default'
2025-05-01T20:49:09.535+05:45  INFO 881556 --- [EcommerceCommon] [SpringApplicationShutdownHook] com.zaxxer.hikari.HikariDataSource       : HikariPool-2 - Shutdown initiated...
2025-05-01T20:49:09.537+05:45  INFO 881556 --- [EcommerceCommon] [SpringApplicationShutdownHook] com.zaxxer.hikari.HikariDataSource       : HikariPool-2 - Shutdown completed.
2025-05-01T20:49:14.439+05:45  INFO 897085 --- [EcommerceCommon] [restartedMain] n.c.j.e.a.EcommerceBackendApplication    : Starting EcommerceBackendApplication using Java 21.0.7 with PID 897085 (/home/jp/Documents/eclipse-workspace/EcommerceProject/EcommerceWebParent/EcommerceBackend/target/classes started by jp in /home/jp/Documents/eclipse-workspace/EcommerceProject)
2025-05-01T20:49:14.441+05:45  INFO 897085 --- [EcommerceCommon] [restartedMain] n.c.j.e.a.EcommerceBackendApplication    : No active profile set, falling back to 1 default profile: "default"
2025-05-01T20:49:14.490+05:45  INFO 897085 --- [EcommerceCommon] [restartedMain] .e.DevToolsPropertyDefaultsPostProcessor : Devtools property defaults active! Set 'spring.devtools.add-properties' to 'false' to disable
2025-05-01T20:49:14.491+05:45  INFO 897085 --- [EcommerceCommon] [restartedMain] .e.DevToolsPropertyDefaultsPostProcessor : For additional web related logging consider setting the 'logging.level.web' property to 'DEBUG'
2025-05-01T20:49:15.178+05:45  INFO 897085 --- [EcommerceCommon] [restartedMain] .s.d.r.c.RepositoryConfigurationDelegate : Bootstrapping Spring Data JPA repositories in DEFAULT mode.
2025-05-01T20:49:15.245+05:45  INFO 897085 --- [EcommerceCommon] [restartedMain] .s.d.r.c.RepositoryConfigurationDelegate : Finished Spring Data repository scanning in 57 ms. Found 2 JPA repository interfaces.
2025-05-01T20:49:15.796+05:45  INFO 897085 --- [EcommerceCommon] [restartedMain] o.s.b.w.embedded.tomcat.TomcatWebServer  : Tomcat initialized with port 8080 (http)
2025-05-01T20:49:15.812+05:45  INFO 897085 --- [EcommerceCommon] [restartedMain] o.apache.catalina.core.StandardService   : Starting service [Tomcat]
2025-05-01T20:49:15.812+05:45  INFO 897085 --- [EcommerceCommon] [restartedMain] o.apache.catalina.core.StandardEngine    : Starting Servlet engine: [Apache Tomcat/10.1.40]
2025-05-01T20:49:15.858+05:45  INFO 897085 --- [EcommerceCommon] [restartedMain] o.a.c.c.C.[Tomcat].[localhost].[/admin]  : Initializing Spring embedded WebApplicationContext
2025-05-01T20:49:15.859+05:45  INFO 897085 --- [EcommerceCommon] [restartedMain] w.s.c.ServletWebServerApplicationContext : Root WebApplicationContext: initialization completed in 1367 ms
2025-05-01T20:49:16.049+05:45  INFO 897085 --- [EcommerceCommon] [restartedMain] o.hibernate.jpa.internal.util.LogHelper  : HHH000204: Processing PersistenceUnitInfo [name: default]
2025-05-01T20:49:16.116+05:45  INFO 897085 --- [EcommerceCommon] [restartedMain] org.hibernate.Version                    : HHH000412: Hibernate ORM core version 6.5.3.Final
2025-05-01T20:49:16.156+05:45  INFO 897085 --- [EcommerceCommon] [restartedMain] o.h.c.internal.RegionFactoryInitiator    : HHH000026: Second-level cache disabled
2025-05-01T20:49:16.516+05:45  INFO 897085 --- [EcommerceCommon] [restartedMain] o.s.o.j.p.SpringPersistenceUnitInfo      : No LoadTimeWeaver setup: ignoring JPA class transformer
2025-05-01T20:49:16.551+05:45  INFO 897085 --- [EcommerceCommon] [restartedMain] com.zaxxer.hikari.HikariDataSource       : HikariPool-1 - Starting...
2025-05-01T20:49:16.725+05:45  INFO 897085 --- [EcommerceCommon] [restartedMain] com.zaxxer.hikari.pool.HikariPool        : HikariPool-1 - Added connection org.postgresql.jdbc.PgConnection@6820550f
2025-05-01T20:49:16.727+05:45  INFO 897085 --- [EcommerceCommon] [restartedMain] com.zaxxer.hikari.HikariDataSource       : HikariPool-1 - Start completed.
2025-05-01T20:49:16.766+05:45  WARN 897085 --- [EcommerceCommon] [restartedMain] org.hibernate.orm.deprecation            : HHH90000025: PostgreSQLDialect does not need to be specified explicitly using 'hibernate.dialect' (remove the property setting and it will be selected by default)
2025-05-01T20:49:17.830+05:45  INFO 897085 --- [EcommerceCommon] [restartedMain] o.h.e.t.j.p.i.JtaPlatformInitiator       : HHH000489: No JTA platform available (set 'hibernate.transaction.jta.platform' to enable JTA platform integration)
2025-05-01T20:49:18.062+05:45  INFO 897085 --- [EcommerceCommon] [restartedMain] j.LocalContainerEntityManagerFactoryBean : Initialized JPA EntityManagerFactory for persistence unit 'default'
2025-05-01T20:49:18.365+05:45  WARN 897085 --- [EcommerceCommon] [restartedMain] JpaBaseConfiguration$JpaWebConfiguration : spring.jpa.open-in-view is enabled by default. Therefore, database queries may be performed during view rendering. Explicitly configure spring.jpa.open-in-view to disable this warning
2025-05-01T20:49:18.392+05:45  INFO 897085 --- [EcommerceCommon] [restartedMain] o.s.b.a.w.s.WelcomePageHandlerMapping    : Adding welcome page template: index
2025-05-01T20:49:19.039+05:45  INFO 897085 --- [EcommerceCommon] [restartedMain] o.s.b.d.a.OptionalLiveReloadServer       : LiveReload server is running on port 35729
2025-05-01T20:49:19.085+05:45  INFO 897085 --- [EcommerceCommon] [restartedMain] o.s.b.w.embedded.tomcat.TomcatWebServer  : Tomcat started on port 8080 (http) with context path '/admin'
2025-05-01T20:49:19.095+05:45  INFO 897085 --- [EcommerceCommon] [restartedMain] n.c.j.e.a.EcommerceBackendApplication    : Started EcommerceBackendApplication in 5.209 seconds (process running for 6.078)
2025-05-01T20:49:26.973+05:45  INFO 897085 --- [EcommerceCommon] [http-nio-8080-exec-1] o.a.c.c.C.[Tomcat].[localhost].[/admin]  : Initializing Spring DispatcherServlet 'dispatcherServlet'
2025-05-01T20:49:26.974+05:45  INFO 897085 --- [EcommerceCommon] [http-nio-8080-exec-1] o.s.web.servlet.DispatcherServlet        : Initializing Servlet 'dispatcherServlet'
2025-05-01T20:49:26.975+05:45  INFO 897085 --- [EcommerceCommon] [http-nio-8080-exec-1] o.s.web.servlet.DispatcherServlet        : Completed initialization in 1 ms
2025-05-01T20:51:48.786+05:45  INFO 897085 --- [EcommerceCommon] [File Watcher] rtingClassPathChangeChangedEventListener : Restarting due to 1 class path change (0 additions, 0 deletions, 1 modification)
2025-05-01T20:51:48.800+05:45  INFO 897085 --- [EcommerceCommon] [Thread-5] j.LocalContainerEntityManagerFactoryBean : Closing JPA EntityManagerFactory for persistence unit 'default'
2025-05-01T20:51:48.805+05:45  INFO 897085 --- [EcommerceCommon] [Thread-5] com.zaxxer.hikari.HikariDataSource       : HikariPool-1 - Shutdown initiated...
2025-05-01T20:51:48.808+05:45  INFO 897085 --- [EcommerceCommon] [Thread-5] com.zaxxer.hikari.HikariDataSource       : HikariPool-1 - Shutdown completed.
2025-05-01T20:51:48.923+05:45  INFO 897085 --- [EcommerceCommon] [restartedMain] n.c.j.e.a.EcommerceBackendApplication    : Starting EcommerceBackendApplication using Java 21.0.7 with PID 897085 (/home/jp/Documents/eclipse-workspace/EcommerceProject/EcommerceWebParent/EcommerceBackend/target/classes started by jp in /home/jp/Documents/eclipse-workspace/EcommerceProject)
2025-05-01T20:51:48.924+05:45  INFO 897085 --- [EcommerceCommon] [restartedMain] n.c.j.e.a.EcommerceBackendApplication    : No active profile set, falling back to 1 default profile: "default"
2025-05-01T20:51:49.145+05:45  INFO 897085 --- [EcommerceCommon] [restartedMain] .s.d.r.c.RepositoryConfigurationDelegate : Bootstrapping Spring Data JPA repositories in DEFAULT mode.
2025-05-01T20:51:49.154+05:45  INFO 897085 --- [EcommerceCommon] [restartedMain] .s.d.r.c.RepositoryConfigurationDelegate : Finished Spring Data repository scanning in 8 ms. Found 2 JPA repository interfaces.
2025-05-01T20:51:49.287+05:45  INFO 897085 --- [EcommerceCommon] [restartedMain] o.s.b.w.embedded.tomcat.TomcatWebServer  : Tomcat initialized with port 8080 (http)
2025-05-01T20:51:49.290+05:45  INFO 897085 --- [EcommerceCommon] [restartedMain] o.apache.catalina.core.StandardService   : Starting service [Tomcat]
2025-05-01T20:51:49.290+05:45  INFO 897085 --- [EcommerceCommon] [restartedMain] o.apache.catalina.core.StandardEngine    : Starting Servlet engine: [Apache Tomcat/10.1.40]
2025-05-01T20:51:49.302+05:45  INFO 897085 --- [EcommerceCommon] [restartedMain] o.a.c.c.C.[Tomcat].[localhost].[/admin]  : Initializing Spring embedded WebApplicationContext
2025-05-01T20:51:49.302+05:45  INFO 897085 --- [EcommerceCommon] [restartedMain] w.s.c.ServletWebServerApplicationContext : Root WebApplicationContext: initialization completed in 375 ms
2025-05-01T20:51:49.375+05:45  INFO 897085 --- [EcommerceCommon] [restartedMain] o.hibernate.jpa.internal.util.LogHelper  : HHH000204: Processing PersistenceUnitInfo [name: default]
2025-05-01T20:51:49.378+05:45  INFO 897085 --- [EcommerceCommon] [restartedMain] o.h.c.internal.RegionFactoryInitiator    : HHH000026: Second-level cache disabled
2025-05-01T20:51:49.391+05:45  INFO 897085 --- [EcommerceCommon] [restartedMain] o.s.o.j.p.SpringPersistenceUnitInfo      : No LoadTimeWeaver setup: ignoring JPA class transformer
2025-05-01T20:51:49.393+05:45  INFO 897085 --- [EcommerceCommon] [restartedMain] com.zaxxer.hikari.HikariDataSource       : HikariPool-2 - Starting...
2025-05-01T20:51:49.479+05:45  INFO 897085 --- [EcommerceCommon] [restartedMain] com.zaxxer.hikari.pool.HikariPool        : HikariPool-2 - Added connection org.postgresql.jdbc.PgConnection@68cbdb75
2025-05-01T20:51:49.480+05:45  INFO 897085 --- [EcommerceCommon] [restartedMain] com.zaxxer.hikari.HikariDataSource       : HikariPool-2 - Start completed.
2025-05-01T20:51:49.484+05:45  WARN 897085 --- [EcommerceCommon] [restartedMain] org.hibernate.orm.deprecation            : HHH90000025: PostgreSQLDialect does not need to be specified explicitly using 'hibernate.dialect' (remove the property setting and it will be selected by default)
2025-05-01T20:51:49.562+05:45  INFO 897085 --- [EcommerceCommon] [restartedMain] o.h.e.t.j.p.i.JtaPlatformInitiator       : HHH000489: No JTA platform available (set 'hibernate.transaction.jta.platform' to enable JTA platform integration)
2025-05-01T20:51:49.740+05:45  INFO 897085 --- [EcommerceCommon] [restartedMain] j.LocalContainerEntityManagerFactoryBean : Initialized JPA EntityManagerFactory for persistence unit 'default'
2025-05-01T20:51:49.819+05:45  WARN 897085 --- [EcommerceCommon] [restartedMain] JpaBaseConfiguration$JpaWebConfiguration : spring.jpa.open-in-view is enabled by default. Therefore, database queries may be performed during view rendering. Explicitly configure spring.jpa.open-in-view to disable this warning
2025-05-01T20:51:49.830+05:45  INFO 897085 --- [EcommerceCommon] [restartedMain] o.s.b.a.w.s.WelcomePageHandlerMapping    : Adding welcome page template: index
2025-05-01T20:51:50.100+05:45  INFO 897085 --- [EcommerceCommon] [restartedMain] o.s.b.d.a.OptionalLiveReloadServer       : LiveReload server is running on port 35729
2025-05-01T20:51:50.115+05:45  INFO 897085 --- [EcommerceCommon] [restartedMain] o.s.b.w.embedded.tomcat.TomcatWebServer  : Tomcat started on port 8080 (http) with context path '/admin'
2025-05-01T20:51:50.119+05:45  INFO 897085 --- [EcommerceCommon] [restartedMain] n.c.j.e.a.EcommerceBackendApplication    : Started EcommerceBackendApplication in 1.236 seconds (process running for 157.102)
2025-05-01T20:51:50.121+05:45  INFO 897085 --- [EcommerceCommon] [restartedMain] .ConditionEvaluationDeltaLoggingListener : Condition evaluation unchanged
2025-05-01T20:52:10.541+05:45  INFO 897085 --- [EcommerceCommon] [File Watcher] rtingClassPathChangeChangedEventListener : Restarting due to 3 class path changes (0 additions, 0 deletions, 3 modifications)
2025-05-01T20:52:10.546+05:45  INFO 897085 --- [EcommerceCommon] [Thread-7] j.LocalContainerEntityManagerFactoryBean : Closing JPA EntityManagerFactory for persistence unit 'default'
2025-05-01T20:52:10.547+05:45  INFO 897085 --- [EcommerceCommon] [Thread-7] com.zaxxer.hikari.HikariDataSource       : HikariPool-2 - Shutdown initiated...
2025-05-01T20:52:10.555+05:45  INFO 897085 --- [EcommerceCommon] [Thread-7] com.zaxxer.hikari.HikariDataSource       : HikariPool-2 - Shutdown completed.
2025-05-01T20:52:10.712+05:45  INFO 897085 --- [EcommerceCommon] [restartedMain] n.c.j.e.a.EcommerceBackendApplication    : Starting EcommerceBackendApplication using Java 21.0.7 with PID 897085 (/home/jp/Documents/eclipse-workspace/EcommerceProject/EcommerceWebParent/EcommerceBackend/target/classes started by jp in /home/jp/Documents/eclipse-workspace/EcommerceProject)
2025-05-01T20:52:10.719+05:45  INFO 897085 --- [EcommerceCommon] [restartedMain] n.c.j.e.a.EcommerceBackendApplication    : No active profile set, falling back to 1 default profile: "default"
2025-05-01T20:52:10.934+05:45  INFO 897085 --- [EcommerceCommon] [restartedMain] .s.d.r.c.RepositoryConfigurationDelegate : Bootstrapping Spring Data JPA repositories in DEFAULT mode.
2025-05-01T20:52:10.945+05:45  INFO 897085 --- [EcommerceCommon] [restartedMain] .s.d.r.c.RepositoryConfigurationDelegate : Finished Spring Data repository scanning in 10 ms. Found 2 JPA repository interfaces.
2025-05-01T20:52:11.045+05:45  INFO 897085 --- [EcommerceCommon] [restartedMain] o.s.b.w.embedded.tomcat.TomcatWebServer  : Tomcat initialized with port 8080 (http)
2025-05-01T20:52:11.046+05:45  INFO 897085 --- [EcommerceCommon] [restartedMain] o.apache.catalina.core.StandardService   : Starting service [Tomcat]
2025-05-01T20:52:11.046+05:45  INFO 897085 --- [EcommerceCommon] [restartedMain] o.apache.catalina.core.StandardEngine    : Starting Servlet engine: [Apache Tomcat/10.1.40]
2025-05-01T20:52:11.055+05:45  INFO 897085 --- [EcommerceCommon] [restartedMain] o.a.c.c.C.[Tomcat].[localhost].[/admin]  : Initializing Spring embedded WebApplicationContext
2025-05-01T20:52:11.056+05:45  INFO 897085 --- [EcommerceCommon] [restartedMain] w.s.c.ServletWebServerApplicationContext : Root WebApplicationContext: initialization completed in 321 ms
2025-05-01T20:52:11.105+05:45  INFO 897085 --- [EcommerceCommon] [restartedMain] o.hibernate.jpa.internal.util.LogHelper  : HHH000204: Processing PersistenceUnitInfo [name: default]
2025-05-01T20:52:11.108+05:45  INFO 897085 --- [EcommerceCommon] [restartedMain] o.h.c.internal.RegionFactoryInitiator    : HHH000026: Second-level cache disabled
2025-05-01T20:52:11.115+05:45  INFO 897085 --- [EcommerceCommon] [restartedMain] o.s.o.j.p.SpringPersistenceUnitInfo      : No LoadTimeWeaver setup: ignoring JPA class transformer
2025-05-01T20:52:11.116+05:45  INFO 897085 --- [EcommerceCommon] [restartedMain] com.zaxxer.hikari.HikariDataSource       : HikariPool-3 - Starting...
2025-05-01T20:52:11.140+05:45  INFO 897085 --- [EcommerceCommon] [restartedMain] com.zaxxer.hikari.pool.HikariPool        : HikariPool-3 - Added connection org.postgresql.jdbc.PgConnection@587632f3
2025-05-01T20:52:11.140+05:45  INFO 897085 --- [EcommerceCommon] [restartedMain] com.zaxxer.hikari.HikariDataSource       : HikariPool-3 - Start completed.
2025-05-01T20:52:11.144+05:45  WARN 897085 --- [EcommerceCommon] [restartedMain] org.hibernate.orm.deprecation            : HHH90000025: PostgreSQLDialect does not need to be specified explicitly using 'hibernate.dialect' (remove the property setting and it will be selected by default)
2025-05-01T20:52:11.221+05:45  INFO 897085 --- [EcommerceCommon] [restartedMain] o.h.e.t.j.p.i.JtaPlatformInitiator       : HHH000489: No JTA platform available (set 'hibernate.transaction.jta.platform' to enable JTA platform integration)
2025-05-01T20:52:11.349+05:45  INFO 897085 --- [EcommerceCommon] [restartedMain] j.LocalContainerEntityManagerFactoryBean : Initialized JPA EntityManagerFactory for persistence unit 'default'
2025-05-01T20:52:11.426+05:45  WARN 897085 --- [EcommerceCommon] [restartedMain] JpaBaseConfiguration$JpaWebConfiguration : spring.jpa.open-in-view is enabled by default. Therefore, database queries may be performed during view rendering. Explicitly configure spring.jpa.open-in-view to disable this warning
2025-05-01T20:52:11.437+05:45  INFO 897085 --- [EcommerceCommon] [restartedMain] o.s.b.a.w.s.WelcomePageHandlerMapping    : Adding welcome page template: index
2025-05-01T20:52:11.676+05:45  INFO 897085 --- [EcommerceCommon] [restartedMain] o.s.b.d.a.OptionalLiveReloadServer       : LiveReload server is running on port 35729
2025-05-01T20:52:11.698+05:45  INFO 897085 --- [EcommerceCommon] [restartedMain] o.s.b.w.embedded.tomcat.TomcatWebServer  : Tomcat started on port 8080 (http) with context path '/admin'
2025-05-01T20:52:11.704+05:45  INFO 897085 --- [EcommerceCommon] [restartedMain] n.c.j.e.a.EcommerceBackendApplication    : Started EcommerceBackendApplication in 1.081 seconds (process running for 178.687)
2025-05-01T20:52:11.705+05:45  INFO 897085 --- [EcommerceCommon] [restartedMain] .ConditionEvaluationDeltaLoggingListener : Condition evaluation unchanged
2025-05-01T20:52:13.082+05:45  INFO 897085 --- [EcommerceCommon] [File Watcher] rtingClassPathChangeChangedEventListener : Restarting due to 1 class path change (0 additions, 0 deletions, 1 modification)
2025-05-01T20:52:13.087+05:45  INFO 897085 --- [EcommerceCommon] [Thread-11] j.LocalContainerEntityManagerFactoryBean : Closing JPA EntityManagerFactory for persistence unit 'default'
2025-05-01T20:52:13.088+05:45  INFO 897085 --- [EcommerceCommon] [Thread-11] com.zaxxer.hikari.HikariDataSource       : HikariPool-3 - Shutdown initiated...
2025-05-01T20:52:13.089+05:45  INFO 897085 --- [EcommerceCommon] [Thread-11] com.zaxxer.hikari.HikariDataSource       : HikariPool-3 - Shutdown completed.
2025-05-01T20:52:13.161+05:45  INFO 897085 --- [EcommerceCommon] [restartedMain] n.c.j.e.a.EcommerceBackendApplication    : Starting EcommerceBackendApplication using Java 21.0.7 with PID 897085 (/home/jp/Documents/eclipse-workspace/EcommerceProject/EcommerceWebParent/EcommerceBackend/target/classes started by jp in /home/jp/Documents/eclipse-workspace/EcommerceProject)
2025-05-01T20:52:13.162+05:45  INFO 897085 --- [EcommerceCommon] [restartedMain] n.c.j.e.a.EcommerceBackendApplication    : No active profile set, falling back to 1 default profile: "default"
2025-05-01T20:52:13.299+05:45  INFO 897085 --- [EcommerceCommon] [restartedMain] .s.d.r.c.RepositoryConfigurationDelegate : Bootstrapping Spring Data JPA repositories in DEFAULT mode.
2025-05-01T20:52:13.306+05:45  INFO 897085 --- [EcommerceCommon] [restartedMain] .s.d.r.c.RepositoryConfigurationDelegate : Finished Spring Data repository scanning in 6 ms. Found 2 JPA repository interfaces.
2025-05-01T20:52:13.401+05:45  INFO 897085 --- [EcommerceCommon] [restartedMain] o.s.b.w.embedded.tomcat.TomcatWebServer  : Tomcat initialized with port 8080 (http)
2025-05-01T20:52:13.403+05:45  INFO 897085 --- [EcommerceCommon] [restartedMain] o.apache.catalina.core.StandardService   : Starting service [Tomcat]
2025-05-01T20:52:13.403+05:45  INFO 897085 --- [EcommerceCommon] [restartedMain] o.apache.catalina.core.StandardEngine    : Starting Servlet engine: [Apache Tomcat/10.1.40]
2025-05-01T20:52:13.415+05:45  INFO 897085 --- [EcommerceCommon] [restartedMain] o.a.c.c.C.[Tomcat].[localhost].[/admin]  : Initializing Spring embedded WebApplicationContext
2025-05-01T20:52:13.416+05:45  INFO 897085 --- [EcommerceCommon] [restartedMain] w.s.c.ServletWebServerApplicationContext : Root WebApplicationContext: initialization completed in 253 ms
2025-05-01T20:52:13.458+05:45  INFO 897085 --- [EcommerceCommon] [restartedMain] o.hibernate.jpa.internal.util.LogHelper  : HHH000204: Processing PersistenceUnitInfo [name: default]
2025-05-01T20:52:13.462+05:45  INFO 897085 --- [EcommerceCommon] [restartedMain] o.h.c.internal.RegionFactoryInitiator    : HHH000026: Second-level cache disabled
2025-05-01T20:52:13.472+05:45  INFO 897085 --- [EcommerceCommon] [restartedMain] o.s.o.j.p.SpringPersistenceUnitInfo      : No LoadTimeWeaver setup: ignoring JPA class transformer
2025-05-01T20:52:13.473+05:45  INFO 897085 --- [EcommerceCommon] [restartedMain] com.zaxxer.hikari.HikariDataSource       : HikariPool-4 - Starting...
2025-05-01T20:52:13.498+05:45  INFO 897085 --- [EcommerceCommon] [restartedMain] com.zaxxer.hikari.pool.HikariPool        : HikariPool-4 - Added connection org.postgresql.jdbc.PgConnection@5a3386fc
2025-05-01T20:52:13.498+05:45  INFO 897085 --- [EcommerceCommon] [restartedMain] com.zaxxer.hikari.HikariDataSource       : HikariPool-4 - Start completed.
2025-05-01T20:52:13.502+05:45  WARN 897085 --- [EcommerceCommon] [restartedMain] org.hibernate.orm.deprecation            : HHH90000025: PostgreSQLDialect does not need to be specified explicitly using 'hibernate.dialect' (remove the property setting and it will be selected by default)
2025-05-01T20:52:13.566+05:45  INFO 897085 --- [EcommerceCommon] [restartedMain] o.h.e.t.j.p.i.JtaPlatformInitiator       : HHH000489: No JTA platform available (set 'hibernate.transaction.jta.platform' to enable JTA platform integration)
2025-05-01T20:52:13.725+05:45  INFO 897085 --- [EcommerceCommon] [restartedMain] j.LocalContainerEntityManagerFactoryBean : Initialized JPA EntityManagerFactory for persistence unit 'default'
2025-05-01T20:52:13.792+05:45  WARN 897085 --- [EcommerceCommon] [restartedMain] JpaBaseConfiguration$JpaWebConfiguration : spring.jpa.open-in-view is enabled by default. Therefore, database queries may be performed during view rendering. Explicitly configure spring.jpa.open-in-view to disable this warning
2025-05-01T20:52:13.800+05:45  INFO 897085 --- [EcommerceCommon] [restartedMain] o.s.b.a.w.s.WelcomePageHandlerMapping    : Adding welcome page template: index
2025-05-01T20:52:14.010+05:45  INFO 897085 --- [EcommerceCommon] [restartedMain] o.s.b.d.a.OptionalLiveReloadServer       : LiveReload server is running on port 35729
2025-05-01T20:52:14.026+05:45  INFO 897085 --- [EcommerceCommon] [restartedMain] o.s.b.w.embedded.tomcat.TomcatWebServer  : Tomcat started on port 8080 (http) with context path '/admin'
2025-05-01T20:52:14.030+05:45  INFO 897085 --- [EcommerceCommon] [restartedMain] n.c.j.e.a.EcommerceBackendApplication    : Started EcommerceBackendApplication in 0.895 seconds (process running for 181.013)
2025-05-01T20:52:14.032+05:45  INFO 897085 --- [EcommerceCommon] [restartedMain] .ConditionEvaluationDeltaLoggingListener : Condition evaluation unchanged
2025-05-01T20:52:36.459+05:45  INFO 897085 --- [EcommerceCommon] [File Watcher] rtingClassPathChangeChangedEventListener : Restarting due to 1 class path change (0 additions, 0 deletions, 1 modification)
2025-05-01T20:52:36.462+05:45  INFO 897085 --- [EcommerceCommon] [Thread-15] j.LocalContainerEntityManagerFactoryBean : Closing JPA EntityManagerFactory for persistence unit 'default'
2025-05-01T20:52:36.463+05:45  INFO 897085 --- [EcommerceCommon] [Thread-15] com.zaxxer.hikari.HikariDataSource       : HikariPool-4 - Shutdown initiated...
2025-05-01T20:52:36.465+05:45  INFO 897085 --- [EcommerceCommon] [Thread-15] com.zaxxer.hikari.HikariDataSource       : HikariPool-4 - Shutdown completed.
2025-05-01T20:52:36.536+05:45  INFO 897085 --- [EcommerceCommon] [restartedMain] n.c.j.e.a.EcommerceBackendApplication    : Starting EcommerceBackendApplication using Java 21.0.7 with PID 897085 (/home/jp/Documents/eclipse-workspace/EcommerceProject/EcommerceWebParent/EcommerceBackend/target/classes started by jp in /home/jp/Documents/eclipse-workspace/EcommerceProject)
2025-05-01T20:52:36.537+05:45  INFO 897085 --- [EcommerceCommon] [restartedMain] n.c.j.e.a.EcommerceBackendApplication    : No active profile set, falling back to 1 default profile: "default"
2025-05-01T20:52:36.708+05:45  INFO 897085 --- [EcommerceCommon] [restartedMain] .s.d.r.c.RepositoryConfigurationDelegate : Bootstrapping Spring Data JPA repositories in DEFAULT mode.
2025-05-01T20:52:36.719+05:45  INFO 897085 --- [EcommerceCommon] [restartedMain] .s.d.r.c.RepositoryConfigurationDelegate : Finished Spring Data repository scanning in 10 ms. Found 2 JPA repository interfaces.
2025-05-01T20:52:36.844+05:45  INFO 897085 --- [EcommerceCommon] [restartedMain] o.s.b.w.embedded.tomcat.TomcatWebServer  : Tomcat initialized with port 8080 (http)
2025-05-01T20:52:36.846+05:45  INFO 897085 --- [EcommerceCommon] [restartedMain] o.apache.catalina.core.StandardService   : Starting service [Tomcat]
2025-05-01T20:52:36.846+05:45  INFO 897085 --- [EcommerceCommon] [restartedMain] o.apache.catalina.core.StandardEngine    : Starting Servlet engine: [Apache Tomcat/10.1.40]
2025-05-01T20:52:36.859+05:45  INFO 897085 --- [EcommerceCommon] [restartedMain] o.a.c.c.C.[Tomcat].[localhost].[/admin]  : Initializing Spring embedded WebApplicationContext
2025-05-01T20:52:36.859+05:45  INFO 897085 --- [EcommerceCommon] [restartedMain] w.s.c.ServletWebServerApplicationContext : Root WebApplicationContext: initialization completed in 320 ms
2025-05-01T20:52:36.917+05:45  INFO 897085 --- [EcommerceCommon] [restartedMain] o.hibernate.jpa.internal.util.LogHelper  : HHH000204: Processing PersistenceUnitInfo [name: default]
2025-05-01T20:52:36.919+05:45  INFO 897085 --- [EcommerceCommon] [restartedMain] o.h.c.internal.RegionFactoryInitiator    : HHH000026: Second-level cache disabled
2025-05-01T20:52:36.931+05:45  INFO 897085 --- [EcommerceCommon] [restartedMain] o.s.o.j.p.SpringPersistenceUnitInfo      : No LoadTimeWeaver setup: ignoring JPA class transformer
2025-05-01T20:52:36.932+05:45  INFO 897085 --- [EcommerceCommon] [restartedMain] com.zaxxer.hikari.HikariDataSource       : HikariPool-5 - Starting...
2025-05-01T20:52:37.059+05:45  INFO 897085 --- [EcommerceCommon] [restartedMain] com.zaxxer.hikari.pool.HikariPool        : HikariPool-5 - Added connection org.postgresql.jdbc.PgConnection@73a6498d
2025-05-01T20:52:37.060+05:45  INFO 897085 --- [EcommerceCommon] [restartedMain] com.zaxxer.hikari.HikariDataSource       : HikariPool-5 - Start completed.
2025-05-01T20:52:37.063+05:45  WARN 897085 --- [EcommerceCommon] [restartedMain] org.hibernate.orm.deprecation            : HHH90000025: PostgreSQLDialect does not need to be specified explicitly using 'hibernate.dialect' (remove the property setting and it will be selected by default)
2025-05-01T20:52:37.123+05:45  INFO 897085 --- [EcommerceCommon] [restartedMain] o.h.e.t.j.p.i.JtaPlatformInitiator       : HHH000489: No JTA platform available (set 'hibernate.transaction.jta.platform' to enable JTA platform integration)
2025-05-01T20:52:37.287+05:45  INFO 897085 --- [EcommerceCommon] [restartedMain] j.LocalContainerEntityManagerFactoryBean : Initialized JPA EntityManagerFactory for persistence unit 'default'
2025-05-01T20:52:37.350+05:45  WARN 897085 --- [EcommerceCommon] [restartedMain] JpaBaseConfiguration$JpaWebConfiguration : spring.jpa.open-in-view is enabled by default. Therefore, database queries may be performed during view rendering. Explicitly configure spring.jpa.open-in-view to disable this warning
2025-05-01T20:52:37.357+05:45  INFO 897085 --- [EcommerceCommon] [restartedMain] o.s.b.a.w.s.WelcomePageHandlerMapping    : Adding welcome page template: index
2025-05-01T20:52:37.542+05:45  INFO 897085 --- [EcommerceCommon] [restartedMain] o.s.b.d.a.OptionalLiveReloadServer       : LiveReload server is running on port 35729
2025-05-01T20:52:37.561+05:45  INFO 897085 --- [EcommerceCommon] [restartedMain] o.s.b.w.embedded.tomcat.TomcatWebServer  : Tomcat started on port 8080 (http) with context path '/admin'
2025-05-01T20:52:37.565+05:45  INFO 897085 --- [EcommerceCommon] [restartedMain] n.c.j.e.a.EcommerceBackendApplication    : Started EcommerceBackendApplication in 1.055 seconds (process running for 204.548)
2025-05-01T20:52:37.566+05:45  INFO 897085 --- [EcommerceCommon] [restartedMain] .ConditionEvaluationDeltaLoggingListener : Condition evaluation unchanged
2025-05-01T20:52:39.949+05:45  INFO 897085 --- [EcommerceCommon] [File Watcher] rtingClassPathChangeChangedEventListener : Restarting due to 1 class path change (0 additions, 0 deletions, 1 modification)
2025-05-01T20:52:39.954+05:45  INFO 897085 --- [EcommerceCommon] [Thread-19] j.LocalContainerEntityManagerFactoryBean : Closing JPA EntityManagerFactory for persistence unit 'default'
2025-05-01T20:52:39.955+05:45  INFO 897085 --- [EcommerceCommon] [Thread-19] com.zaxxer.hikari.HikariDataSource       : HikariPool-5 - Shutdown initiated...
2025-05-01T20:52:39.956+05:45  INFO 897085 --- [EcommerceCommon] [Thread-19] com.zaxxer.hikari.HikariDataSource       : HikariPool-5 - Shutdown completed.
2025-05-01T20:52:40.029+05:45  INFO 897085 --- [EcommerceCommon] [restartedMain] n.c.j.e.a.EcommerceBackendApplication    : Starting EcommerceBackendApplication using Java 21.0.7 with PID 897085 (/home/jp/Documents/eclipse-workspace/EcommerceProject/EcommerceWebParent/EcommerceBackend/target/classes started by jp in /home/jp/Documents/eclipse-workspace/EcommerceProject)
2025-05-01T20:52:40.029+05:45  INFO 897085 --- [EcommerceCommon] [restartedMain] n.c.j.e.a.EcommerceBackendApplication    : No active profile set, falling back to 1 default profile: "default"
2025-05-01T20:52:40.208+05:45  INFO 897085 --- [EcommerceCommon] [restartedMain] .s.d.r.c.RepositoryConfigurationDelegate : Bootstrapping Spring Data JPA repositories in DEFAULT mode.
2025-05-01T20:52:40.216+05:45  INFO 897085 --- [EcommerceCommon] [restartedMain] .s.d.r.c.RepositoryConfigurationDelegate : Finished Spring Data repository scanning in 7 ms. Found 2 JPA repository interfaces.
2025-05-01T20:52:40.316+05:45  INFO 897085 --- [EcommerceCommon] [restartedMain] o.s.b.w.embedded.tomcat.TomcatWebServer  : Tomcat initialized with port 8080 (http)
2025-05-01T20:52:40.317+05:45  INFO 897085 --- [EcommerceCommon] [restartedMain] o.apache.catalina.core.StandardService   : Starting service [Tomcat]
2025-05-01T20:52:40.317+05:45  INFO 897085 --- [EcommerceCommon] [restartedMain] o.apache.catalina.core.StandardEngine    : Starting Servlet engine: [Apache Tomcat/10.1.40]
2025-05-01T20:52:40.325+05:45  INFO 897085 --- [EcommerceCommon] [restartedMain] o.a.c.c.C.[Tomcat].[localhost].[/admin]  : Initializing Spring embedded WebApplicationContext
2025-05-01T20:52:40.325+05:45  INFO 897085 --- [EcommerceCommon] [restartedMain] w.s.c.ServletWebServerApplicationContext : Root WebApplicationContext: initialization completed in 295 ms
2025-05-01T20:52:40.381+05:45  INFO 897085 --- [EcommerceCommon] [restartedMain] o.hibernate.jpa.internal.util.LogHelper  : HHH000204: Processing PersistenceUnitInfo [name: default]
2025-05-01T20:52:40.384+05:45  INFO 897085 --- [EcommerceCommon] [restartedMain] o.h.c.internal.RegionFactoryInitiator    : HHH000026: Second-level cache disabled
2025-05-01T20:52:40.393+05:45  INFO 897085 --- [EcommerceCommon] [restartedMain] o.s.o.j.p.SpringPersistenceUnitInfo      : No LoadTimeWeaver setup: ignoring JPA class transformer
2025-05-01T20:52:40.394+05:45  INFO 897085 --- [EcommerceCommon] [restartedMain] com.zaxxer.hikari.HikariDataSource       : HikariPool-6 - Starting...
2025-05-01T20:52:40.422+05:45  INFO 897085 --- [EcommerceCommon] [restartedMain] com.zaxxer.hikari.pool.HikariPool        : HikariPool-6 - Added connection org.postgresql.jdbc.PgConnection@320d2f15
2025-05-01T20:52:40.423+05:45  INFO 897085 --- [EcommerceCommon] [restartedMain] com.zaxxer.hikari.HikariDataSource       : HikariPool-6 - Start completed.
2025-05-01T20:52:40.426+05:45  WARN 897085 --- [EcommerceCommon] [restartedMain] org.hibernate.orm.deprecation            : HHH90000025: PostgreSQLDialect does not need to be specified explicitly using 'hibernate.dialect' (remove the property setting and it will be selected by default)
2025-05-01T20:52:40.502+05:45  INFO 897085 --- [EcommerceCommon] [restartedMain] o.h.e.t.j.p.i.JtaPlatformInitiator       : HHH000489: No JTA platform available (set 'hibernate.transaction.jta.platform' to enable JTA platform integration)
2025-05-01T20:52:40.679+05:45  INFO 897085 --- [EcommerceCommon] [restartedMain] j.LocalContainerEntityManagerFactoryBean : Initialized JPA EntityManagerFactory for persistence unit 'default'
2025-05-01T20:52:40.785+05:45  WARN 897085 --- [EcommerceCommon] [restartedMain] JpaBaseConfiguration$JpaWebConfiguration : spring.jpa.open-in-view is enabled by default. Therefore, database queries may be performed during view rendering. Explicitly configure spring.jpa.open-in-view to disable this warning
2025-05-01T20:52:40.794+05:45  INFO 897085 --- [EcommerceCommon] [restartedMain] o.s.b.a.w.s.WelcomePageHandlerMapping    : Adding welcome page template: index
2025-05-01T20:52:40.988+05:45  INFO 897085 --- [EcommerceCommon] [restartedMain] o.s.b.d.a.OptionalLiveReloadServer       : LiveReload server is running on port 35729
2025-05-01T20:52:41.000+05:45  INFO 897085 --- [EcommerceCommon] [restartedMain] o.s.b.w.embedded.tomcat.TomcatWebServer  : Tomcat started on port 8080 (http) with context path '/admin'
2025-05-01T20:52:41.004+05:45  INFO 897085 --- [EcommerceCommon] [restartedMain] n.c.j.e.a.EcommerceBackendApplication    : Started EcommerceBackendApplication in 1.006 seconds (process running for 207.987)
2025-05-01T20:52:41.005+05:45  INFO 897085 --- [EcommerceCommon] [restartedMain] .ConditionEvaluationDeltaLoggingListener : Condition evaluation unchanged
2025-05-01T20:53:01.435+05:45  INFO 897085 --- [EcommerceCommon] [File Watcher] rtingClassPathChangeChangedEventListener : Restarting due to 1 class path change (0 additions, 0 deletions, 1 modification)
2025-05-01T20:53:01.441+05:45  INFO 897085 --- [EcommerceCommon] [Thread-23] j.LocalContainerEntityManagerFactoryBean : Closing JPA EntityManagerFactory for persistence unit 'default'
2025-05-01T20:53:01.441+05:45  INFO 897085 --- [EcommerceCommon] [Thread-23] com.zaxxer.hikari.HikariDataSource       : HikariPool-6 - Shutdown initiated...
2025-05-01T20:53:01.443+05:45  INFO 897085 --- [EcommerceCommon] [Thread-23] com.zaxxer.hikari.HikariDataSource       : HikariPool-6 - Shutdown completed.
2025-05-01T20:53:01.513+05:45  INFO 897085 --- [EcommerceCommon] [restartedMain] n.c.j.e.a.EcommerceBackendApplication    : Starting EcommerceBackendApplication using Java 21.0.7 with PID 897085 (/home/jp/Documents/eclipse-workspace/EcommerceProject/EcommerceWebParent/EcommerceBackend/target/classes started by jp in /home/jp/Documents/eclipse-workspace/EcommerceProject)
2025-05-01T20:53:01.514+05:45  INFO 897085 --- [EcommerceCommon] [restartedMain] n.c.j.e.a.EcommerceBackendApplication    : No active profile set, falling back to 1 default profile: "default"
2025-05-01T20:53:01.689+05:45  INFO 897085 --- [EcommerceCommon] [restartedMain] .s.d.r.c.RepositoryConfigurationDelegate : Bootstrapping Spring Data JPA repositories in DEFAULT mode.
2025-05-01T20:53:01.702+05:45  INFO 897085 --- [EcommerceCommon] [restartedMain] .s.d.r.c.RepositoryConfigurationDelegate : Finished Spring Data repository scanning in 11 ms. Found 2 JPA repository interfaces.
2025-05-01T20:53:01.831+05:45  INFO 897085 --- [EcommerceCommon] [restartedMain] o.s.b.w.embedded.tomcat.TomcatWebServer  : Tomcat initialized with port 8080 (http)
2025-05-01T20:53:01.832+05:45  INFO 897085 --- [EcommerceCommon] [restartedMain] o.apache.catalina.core.StandardService   : Starting service [Tomcat]
2025-05-01T20:53:01.833+05:45  INFO 897085 --- [EcommerceCommon] [restartedMain] o.apache.catalina.core.StandardEngine    : Starting Servlet engine: [Apache Tomcat/10.1.40]
2025-05-01T20:53:01.846+05:45  INFO 897085 --- [EcommerceCommon] [restartedMain] o.a.c.c.C.[Tomcat].[localhost].[/admin]  : Initializing Spring embedded WebApplicationContext
2025-05-01T20:53:01.847+05:45  INFO 897085 --- [EcommerceCommon] [restartedMain] w.s.c.ServletWebServerApplicationContext : Root WebApplicationContext: initialization completed in 331 ms
2025-05-01T20:53:01.905+05:45  INFO 897085 --- [EcommerceCommon] [restartedMain] o.hibernate.jpa.internal.util.LogHelper  : HHH000204: Processing PersistenceUnitInfo [name: default]
2025-05-01T20:53:01.908+05:45  INFO 897085 --- [EcommerceCommon] [restartedMain] o.h.c.internal.RegionFactoryInitiator    : HHH000026: Second-level cache disabled
2025-05-01T20:53:01.918+05:45  INFO 897085 --- [EcommerceCommon] [restartedMain] o.s.o.j.p.SpringPersistenceUnitInfo      : No LoadTimeWeaver setup: ignoring JPA class transformer
2025-05-01T20:53:01.919+05:45  INFO 897085 --- [EcommerceCommon] [restartedMain] com.zaxxer.hikari.HikariDataSource       : HikariPool-7 - Starting...
2025-05-01T20:53:01.952+05:45  INFO 897085 --- [EcommerceCommon] [restartedMain] com.zaxxer.hikari.pool.HikariPool        : HikariPool-7 - Added connection org.postgresql.jdbc.PgConnection@7708976e
2025-05-01T20:53:01.952+05:45  INFO 897085 --- [EcommerceCommon] [restartedMain] com.zaxxer.hikari.HikariDataSource       : HikariPool-7 - Start completed.
2025-05-01T20:53:01.956+05:45  WARN 897085 --- [EcommerceCommon] [restartedMain] org.hibernate.orm.deprecation            : HHH90000025: PostgreSQLDialect does not need to be specified explicitly using 'hibernate.dialect' (remove the property setting and it will be selected by default)
2025-05-01T20:53:02.023+05:45  INFO 897085 --- [EcommerceCommon] [restartedMain] o.h.e.t.j.p.i.JtaPlatformInitiator       : HHH000489: No JTA platform available (set 'hibernate.transaction.jta.platform' to enable JTA platform integration)
2025-05-01T20:53:02.153+05:45  INFO 897085 --- [EcommerceCommon] [restartedMain] j.LocalContainerEntityManagerFactoryBean : Initialized JPA EntityManagerFactory for persistence unit 'default'
2025-05-01T20:53:02.208+05:45  WARN 897085 --- [EcommerceCommon] [restartedMain] ConfigServletWebServerApplicationContext : Exception encountered during context initialization - cancelling refresh attempt: org.springframework.beans.factory.UnsatisfiedDependencyException: Error creating bean with name 'userController' defined in file [/home/jp/Documents/eclipse-workspace/EcommerceProject/EcommerceWebParent/EcommerceBackend/target/classes/np/com/jp/ecommerce/admin/user/UserController.class]: Unsatisfied dependency expressed through constructor parameter 0: Error creating bean with name 'userServiceImpl' defined in file [/home/jp/Documents/eclipse-workspace/EcommerceProject/EcommerceWebParent/EcommerceBackend/target/classes/np/com/jp/ecommerce/admin/user/UserServiceImpl.class]: Failed to instantiate [np.com.jp.ecommerce.admin.user.UserServiceImpl]: Constructor threw exception
2025-05-01T20:53:02.209+05:45  INFO 897085 --- [EcommerceCommon] [restartedMain] j.LocalContainerEntityManagerFactoryBean : Closing JPA EntityManagerFactory for persistence unit 'default'
2025-05-01T20:53:02.209+05:45  INFO 897085 --- [EcommerceCommon] [restartedMain] com.zaxxer.hikari.HikariDataSource       : HikariPool-7 - Shutdown initiated...
2025-05-01T20:53:02.212+05:45  INFO 897085 --- [EcommerceCommon] [restartedMain] com.zaxxer.hikari.HikariDataSource       : HikariPool-7 - Shutdown completed.
2025-05-01T20:53:02.212+05:45  INFO 897085 --- [EcommerceCommon] [restartedMain] o.apache.catalina.core.StandardService   : Stopping service [Tomcat]
2025-05-01T20:53:02.220+05:45  INFO 897085 --- [EcommerceCommon] [restartedMain] .s.b.a.l.ConditionEvaluationReportLogger : 

Error starting ApplicationContext. To display the condition evaluation report re-run your application with 'debug' enabled.
2025-05-01T20:53:02.254+05:45 ERROR 897085 --- [EcommerceCommon] [restartedMain] o.s.boot.SpringApplication               : Application run failed

org.springframework.beans.factory.UnsatisfiedDependencyException: Error creating bean with name 'userController' defined in file [/home/jp/Documents/eclipse-workspace/EcommerceProject/EcommerceWebParent/EcommerceBackend/target/classes/np/com/jp/ecommerce/admin/user/UserController.class]: Unsatisfied dependency expressed through constructor parameter 0: Error creating bean with name 'userServiceImpl' defined in file [/home/jp/Documents/eclipse-workspace/EcommerceProject/EcommerceWebParent/EcommerceBackend/target/classes/np/com/jp/ecommerce/admin/user/UserServiceImpl.class]: Failed to instantiate [np.com.jp.ecommerce.admin.user.UserServiceImpl]: Constructor threw exception
	at org.springframework.beans.factory.support.ConstructorResolver.createArgumentArray(ConstructorResolver.java:795) ~[spring-beans-6.1.19.jar:6.1.19]
	at org.springframework.beans.factory.support.ConstructorResolver.autowireConstructor(ConstructorResolver.java:237) ~[spring-beans-6.1.19.jar:6.1.19]
	at org.springframework.beans.factory.support.AbstractAutowireCapableBeanFactory.autowireConstructor(AbstractAutowireCapableBeanFactory.java:1375) ~[spring-beans-6.1.19.jar:6.1.19]
	at org.springframework.beans.factory.support.AbstractAutowireCapableBeanFactory.createBeanInstance(AbstractAutowireCapableBeanFactory.java:1212) ~[spring-beans-6.1.19.jar:6.1.19]
	at org.springframework.beans.factory.support.AbstractAutowireCapableBeanFactory.doCreateBean(AbstractAutowireCapableBeanFactory.java:562) ~[spring-beans-6.1.19.jar:6.1.19]
	at org.springframework.beans.factory.support.AbstractAutowireCapableBeanFactory.createBean(AbstractAutowireCapableBeanFactory.java:522) ~[spring-beans-6.1.19.jar:6.1.19]
	at org.springframework.beans.factory.support.AbstractBeanFactory.lambda$doGetBean$0(AbstractBeanFactory.java:337) ~[spring-beans-6.1.19.jar:6.1.19]
	at org.springframework.beans.factory.support.DefaultSingletonBeanRegistry.getSingleton(DefaultSingletonBeanRegistry.java:234) ~[spring-beans-6.1.19.jar:6.1.19]
	at org.springframework.beans.factory.support.AbstractBeanFactory.doGetBean(AbstractBeanFactory.java:335) ~[spring-beans-6.1.19.jar:6.1.19]
	at org.springframework.beans.factory.support.AbstractBeanFactory.getBean(AbstractBeanFactory.java:200) ~[spring-beans-6.1.19.jar:6.1.19]
	at org.springframework.beans.factory.support.DefaultListableBeanFactory.preInstantiateSingletons(DefaultListableBeanFactory.java:975) ~[spring-beans-6.1.19.jar:6.1.19]
	at org.springframework.context.support.AbstractApplicationContext.finishBeanFactoryInitialization(AbstractApplicationContext.java:971) ~[spring-context-6.1.19.jar:6.1.19]
	at org.springframework.context.support.AbstractApplicationContext.refresh(AbstractApplicationContext.java:625) ~[spring-context-6.1.19.jar:6.1.19]
	at org.springframework.boot.web.servlet.context.ServletWebServerApplicationContext.refresh(ServletWebServerApplicationContext.java:146) ~[spring-boot-3.3.11.jar:3.3.11]
	at org.springframework.boot.SpringApplication.refresh(SpringApplication.java:755) ~[spring-boot-3.3.11.jar:3.3.11]
	at org.springframework.boot.SpringApplication.refreshContext(SpringApplication.java:456) ~[spring-boot-3.3.11.jar:3.3.11]
	at org.springframework.boot.SpringApplication.run(SpringApplication.java:335) ~[spring-boot-3.3.11.jar:3.3.11]
	at org.springframework.boot.SpringApplication.run(SpringApplication.java:1364) ~[spring-boot-3.3.11.jar:3.3.11]
	at org.springframework.boot.SpringApplication.run(SpringApplication.java:1353) ~[spring-boot-3.3.11.jar:3.3.11]
	at np.com.jp.ecommerce.admin.EcommerceBackendApplication.main(EcommerceBackendApplication.java:12) ~[classes/:na]
	at java.base/jdk.internal.reflect.DirectMethodHandleAccessor.invoke(DirectMethodHandleAccessor.java:103) ~[na:na]
	at java.base/java.lang.reflect.Method.invoke(Method.java:580) ~[na:na]
	at org.springframework.boot.devtools.restart.RestartLauncher.run(RestartLauncher.java:50) ~[spring-boot-devtools-3.3.11.jar:3.3.11]
Caused by: org.springframework.beans.factory.BeanCreationException: Error creating bean with name 'userServiceImpl' defined in file [/home/jp/Documents/eclipse-workspace/EcommerceProject/EcommerceWebParent/EcommerceBackend/target/classes/np/com/jp/ecommerce/admin/user/UserServiceImpl.class]: Failed to instantiate [np.com.jp.ecommerce.admin.user.UserServiceImpl]: Constructor threw exception
	at org.springframework.beans.factory.support.ConstructorResolver.instantiate(ConstructorResolver.java:318) ~[spring-beans-6.1.19.jar:6.1.19]
	at org.springframework.beans.factory.support.ConstructorResolver.autowireConstructor(ConstructorResolver.java:306) ~[spring-beans-6.1.19.jar:6.1.19]
	at org.springframework.beans.factory.support.AbstractAutowireCapableBeanFactory.autowireConstructor(AbstractAutowireCapableBeanFactory.java:1375) ~[spring-beans-6.1.19.jar:6.1.19]
	at org.springframework.beans.factory.support.AbstractAutowireCapableBeanFactory.createBeanInstance(AbstractAutowireCapableBeanFactory.java:1212) ~[spring-beans-6.1.19.jar:6.1.19]
	at org.springframework.beans.factory.support.AbstractAutowireCapableBeanFactory.doCreateBean(AbstractAutowireCapableBeanFactory.java:562) ~[spring-beans-6.1.19.jar:6.1.19]
	at org.springframework.beans.factory.support.AbstractAutowireCapableBeanFactory.createBean(AbstractAutowireCapableBeanFactory.java:522) ~[spring-beans-6.1.19.jar:6.1.19]
	at org.springframework.beans.factory.support.AbstractBeanFactory.lambda$doGetBean$0(AbstractBeanFactory.java:337) ~[spring-beans-6.1.19.jar:6.1.19]
	at org.springframework.beans.factory.support.DefaultSingletonBeanRegistry.getSingleton(DefaultSingletonBeanRegistry.java:234) ~[spring-beans-6.1.19.jar:6.1.19]
	at org.springframework.beans.factory.support.AbstractBeanFactory.doGetBean(AbstractBeanFactory.java:335) ~[spring-beans-6.1.19.jar:6.1.19]
	at org.springframework.beans.factory.support.AbstractBeanFactory.getBean(AbstractBeanFactory.java:200) ~[spring-beans-6.1.19.jar:6.1.19]
	at org.springframework.beans.factory.config.DependencyDescriptor.resolveCandidate(DependencyDescriptor.java:254) ~[spring-beans-6.1.19.jar:6.1.19]
	at org.springframework.beans.factory.support.DefaultListableBeanFactory.doResolveDependency(DefaultListableBeanFactory.java:1448) ~[spring-beans-6.1.19.jar:6.1.19]
	at org.springframework.beans.factory.support.DefaultListableBeanFactory.resolveDependency(DefaultListableBeanFactory.java:1358) ~[spring-beans-6.1.19.jar:6.1.19]
	at org.springframework.beans.factory.support.ConstructorResolver.resolveAutowiredArgument(ConstructorResolver.java:904) ~[spring-beans-6.1.19.jar:6.1.19]
	at org.springframework.beans.factory.support.ConstructorResolver.createArgumentArray(ConstructorResolver.java:782) ~[spring-beans-6.1.19.jar:6.1.19]
	... 22 common frames omitted
Caused by: org.springframework.beans.BeanInstantiationException: Failed to instantiate [np.com.jp.ecommerce.admin.user.UserServiceImpl]: Constructor threw exception
	at org.springframework.beans.BeanUtils.instantiateClass(BeanUtils.java:221) ~[spring-beans-6.1.19.jar:6.1.19]
	at org.springframework.beans.factory.support.SimpleInstantiationStrategy.instantiate(SimpleInstantiationStrategy.java:117) ~[spring-beans-6.1.19.jar:6.1.19]
	at org.springframework.beans.factory.support.ConstructorResolver.instantiate(ConstructorResolver.java:315) ~[spring-beans-6.1.19.jar:6.1.19]
	... 36 common frames omitted
Caused by: java.lang.Error: Unresolved compilation problem: 
	The blank final field roleRepository may not have been initialized

	at np.com.jp.ecommerce.admin.user.UserServiceImpl.<init>(UserServiceImpl.java:14) ~[classes/:na]
	at java.base/jdk.internal.reflect.DirectConstructorHandleAccessor.newInstance(DirectConstructorHandleAccessor.java:62) ~[na:na]
	at java.base/java.lang.reflect.Constructor.newInstanceWithCaller(Constructor.java:502) ~[na:na]
	at java.base/java.lang.reflect.Constructor.newInstance(Constructor.java:486) ~[na:na]
	at org.springframework.beans.BeanUtils.instantiateClass(BeanUtils.java:208) ~[spring-beans-6.1.19.jar:6.1.19]
	... 38 common frames omitted

2025-05-01T20:53:07.730+05:45  INFO 897085 --- [EcommerceCommon] [restartedMain] n.c.j.e.a.EcommerceBackendApplication    : Starting EcommerceBackendApplication using Java 21.0.7 with PID 897085 (/home/jp/Documents/eclipse-workspace/EcommerceProject/EcommerceWebParent/EcommerceBackend/target/classes started by jp in /home/jp/Documents/eclipse-workspace/EcommerceProject)
2025-05-01T20:53:07.731+05:45  INFO 897085 --- [EcommerceCommon] [restartedMain] n.c.j.e.a.EcommerceBackendApplication    : No active profile set, falling back to 1 default profile: "default"
2025-05-01T20:53:07.857+05:45  INFO 897085 --- [EcommerceCommon] [restartedMain] .s.d.r.c.RepositoryConfigurationDelegate : Bootstrapping Spring Data JPA repositories in DEFAULT mode.
2025-05-01T20:53:07.864+05:45  INFO 897085 --- [EcommerceCommon] [restartedMain] .s.d.r.c.RepositoryConfigurationDelegate : Finished Spring Data repository scanning in 6 ms. Found 2 JPA repository interfaces.
2025-05-01T20:53:07.962+05:45  INFO 897085 --- [EcommerceCommon] [restartedMain] o.s.b.w.embedded.tomcat.TomcatWebServer  : Tomcat initialized with port 8080 (http)
2025-05-01T20:53:07.964+05:45  INFO 897085 --- [EcommerceCommon] [restartedMain] o.apache.catalina.core.StandardService   : Starting service [Tomcat]
2025-05-01T20:53:07.964+05:45  INFO 897085 --- [EcommerceCommon] [restartedMain] o.apache.catalina.core.StandardEngine    : Starting Servlet engine: [Apache Tomcat/10.1.40]
2025-05-01T20:53:07.973+05:45  INFO 897085 --- [EcommerceCommon] [restartedMain] o.a.c.c.C.[.[localhost].[/admin]         : Initializing Spring embedded WebApplicationContext
2025-05-01T20:53:07.973+05:45  INFO 897085 --- [EcommerceCommon] [restartedMain] w.s.c.ServletWebServerApplicationContext : Root WebApplicationContext: initialization completed in 240 ms
2025-05-01T20:53:08.015+05:45  INFO 897085 --- [EcommerceCommon] [restartedMain] o.hibernate.jpa.internal.util.LogHelper  : HHH000204: Processing PersistenceUnitInfo [name: default]
2025-05-01T20:53:08.017+05:45  INFO 897085 --- [EcommerceCommon] [restartedMain] o.h.c.internal.RegionFactoryInitiator    : HHH000026: Second-level cache disabled
2025-05-01T20:53:08.023+05:45  INFO 897085 --- [EcommerceCommon] [restartedMain] o.s.o.j.p.SpringPersistenceUnitInfo      : No LoadTimeWeaver setup: ignoring JPA class transformer
2025-05-01T20:53:08.024+05:45  INFO 897085 --- [EcommerceCommon] [restartedMain] com.zaxxer.hikari.HikariDataSource       : HikariPool-8 - Starting...
2025-05-01T20:53:08.101+05:45  INFO 897085 --- [EcommerceCommon] [restartedMain] com.zaxxer.hikari.pool.HikariPool        : HikariPool-8 - Added connection org.postgresql.jdbc.PgConnection@71f4ae1d
2025-05-01T20:53:08.101+05:45  INFO 897085 --- [EcommerceCommon] [restartedMain] com.zaxxer.hikari.HikariDataSource       : HikariPool-8 - Start completed.
2025-05-01T20:53:08.104+05:45  WARN 897085 --- [EcommerceCommon] [restartedMain] org.hibernate.orm.deprecation            : HHH90000025: PostgreSQLDialect does not need to be specified explicitly using 'hibernate.dialect' (remove the property setting and it will be selected by default)
2025-05-01T20:53:08.153+05:45  INFO 897085 --- [EcommerceCommon] [restartedMain] o.h.e.t.j.p.i.JtaPlatformInitiator       : HHH000489: No JTA platform available (set 'hibernate.transaction.jta.platform' to enable JTA platform integration)
2025-05-01T20:53:08.298+05:45  INFO 897085 --- [EcommerceCommon] [restartedMain] j.LocalContainerEntityManagerFactoryBean : Initialized JPA EntityManagerFactory for persistence unit 'default'
2025-05-01T20:53:08.363+05:45  WARN 897085 --- [EcommerceCommon] [restartedMain] JpaBaseConfiguration$JpaWebConfiguration : spring.jpa.open-in-view is enabled by default. Therefore, database queries may be performed during view rendering. Explicitly configure spring.jpa.open-in-view to disable this warning
2025-05-01T20:53:08.371+05:45  INFO 897085 --- [EcommerceCommon] [restartedMain] o.s.b.a.w.s.WelcomePageHandlerMapping    : Adding welcome page template: index
2025-05-01T20:53:08.582+05:45  INFO 897085 --- [EcommerceCommon] [restartedMain] o.s.b.d.a.OptionalLiveReloadServer       : LiveReload server is running on port 35729
2025-05-01T20:53:08.600+05:45  INFO 897085 --- [EcommerceCommon] [restartedMain] o.s.b.w.embedded.tomcat.TomcatWebServer  : Tomcat started on port 8080 (http) with context path '/admin'
2025-05-01T20:53:08.604+05:45  INFO 897085 --- [EcommerceCommon] [restartedMain] n.c.j.e.a.EcommerceBackendApplication    : Started EcommerceBackendApplication in 0.919 seconds (process running for 235.587)
2025-05-01T20:53:08.605+05:45  INFO 897085 --- [EcommerceCommon] [restartedMain] .ConditionEvaluationDeltaLoggingListener : Condition evaluation unchanged
2025-05-01T20:53:22.010+05:45  INFO 897085 --- [EcommerceCommon] [File Watcher] rtingClassPathChangeChangedEventListener : Restarting due to 1 class path change (0 additions, 0 deletions, 1 modification)
2025-05-01T20:53:22.013+05:45  INFO 897085 --- [EcommerceCommon] [Thread-27] j.LocalContainerEntityManagerFactoryBean : Closing JPA EntityManagerFactory for persistence unit 'default'
2025-05-01T20:53:22.014+05:45  INFO 897085 --- [EcommerceCommon] [Thread-27] com.zaxxer.hikari.HikariDataSource       : HikariPool-8 - Shutdown initiated...
2025-05-01T20:53:22.015+05:45  INFO 897085 --- [EcommerceCommon] [Thread-27] com.zaxxer.hikari.HikariDataSource       : HikariPool-8 - Shutdown completed.
2025-05-01T20:53:22.086+05:45  INFO 897085 --- [EcommerceCommon] [restartedMain] n.c.j.e.a.EcommerceBackendApplication    : Starting EcommerceBackendApplication using Java 21.0.7 with PID 897085 (/home/jp/Documents/eclipse-workspace/EcommerceProject/EcommerceWebParent/EcommerceBackend/target/classes started by jp in /home/jp/Documents/eclipse-workspace/EcommerceProject)
2025-05-01T20:53:22.087+05:45  INFO 897085 --- [EcommerceCommon] [restartedMain] n.c.j.e.a.EcommerceBackendApplication    : No active profile set, falling back to 1 default profile: "default"
2025-05-01T20:53:22.262+05:45  INFO 897085 --- [EcommerceCommon] [restartedMain] .s.d.r.c.RepositoryConfigurationDelegate : Bootstrapping Spring Data JPA repositories in DEFAULT mode.
2025-05-01T20:53:22.273+05:45  INFO 897085 --- [EcommerceCommon] [restartedMain] .s.d.r.c.RepositoryConfigurationDelegate : Finished Spring Data repository scanning in 9 ms. Found 2 JPA repository interfaces.
2025-05-01T20:53:22.371+05:45  INFO 897085 --- [EcommerceCommon] [restartedMain] o.s.b.w.embedded.tomcat.TomcatWebServer  : Tomcat initialized with port 8080 (http)
2025-05-01T20:53:22.372+05:45  INFO 897085 --- [EcommerceCommon] [restartedMain] o.apache.catalina.core.StandardService   : Starting service [Tomcat]
2025-05-01T20:53:22.372+05:45  INFO 897085 --- [EcommerceCommon] [restartedMain] o.apache.catalina.core.StandardEngine    : Starting Servlet engine: [Apache Tomcat/10.1.40]
2025-05-01T20:53:22.380+05:45  INFO 897085 --- [EcommerceCommon] [restartedMain] o.a.c.c.C.[.[localhost].[/admin]         : Initializing Spring embedded WebApplicationContext
2025-05-01T20:53:22.380+05:45  INFO 897085 --- [EcommerceCommon] [restartedMain] w.s.c.ServletWebServerApplicationContext : Root WebApplicationContext: initialization completed in 292 ms
2025-05-01T20:53:22.418+05:45  INFO 897085 --- [EcommerceCommon] [restartedMain] o.hibernate.jpa.internal.util.LogHelper  : HHH000204: Processing PersistenceUnitInfo [name: default]
2025-05-01T20:53:22.420+05:45  INFO 897085 --- [EcommerceCommon] [restartedMain] o.h.c.internal.RegionFactoryInitiator    : HHH000026: Second-level cache disabled
2025-05-01T20:53:22.426+05:45  INFO 897085 --- [EcommerceCommon] [restartedMain] o.s.o.j.p.SpringPersistenceUnitInfo      : No LoadTimeWeaver setup: ignoring JPA class transformer
2025-05-01T20:53:22.427+05:45  INFO 897085 --- [EcommerceCommon] [restartedMain] com.zaxxer.hikari.HikariDataSource       : HikariPool-9 - Starting...
2025-05-01T20:53:22.450+05:45  INFO 897085 --- [EcommerceCommon] [restartedMain] com.zaxxer.hikari.pool.HikariPool        : HikariPool-9 - Added connection org.postgresql.jdbc.PgConnection@709a3383
2025-05-01T20:53:22.450+05:45  INFO 897085 --- [EcommerceCommon] [restartedMain] com.zaxxer.hikari.HikariDataSource       : HikariPool-9 - Start completed.
2025-05-01T20:53:22.453+05:45  WARN 897085 --- [EcommerceCommon] [restartedMain] org.hibernate.orm.deprecation            : HHH90000025: PostgreSQLDialect does not need to be specified explicitly using 'hibernate.dialect' (remove the property setting and it will be selected by default)
2025-05-01T20:53:22.499+05:45  INFO 897085 --- [EcommerceCommon] [restartedMain] o.h.e.t.j.p.i.JtaPlatformInitiator       : HHH000489: No JTA platform available (set 'hibernate.transaction.jta.platform' to enable JTA platform integration)
2025-05-01T20:53:22.678+05:45  INFO 897085 --- [EcommerceCommon] [restartedMain] j.LocalContainerEntityManagerFactoryBean : Initialized JPA EntityManagerFactory for persistence unit 'default'
2025-05-01T20:53:22.774+05:45  WARN 897085 --- [EcommerceCommon] [restartedMain] JpaBaseConfiguration$JpaWebConfiguration : spring.jpa.open-in-view is enabled by default. Therefore, database queries may be performed during view rendering. Explicitly configure spring.jpa.open-in-view to disable this warning
2025-05-01T20:53:22.782+05:45  INFO 897085 --- [EcommerceCommon] [restartedMain] o.s.b.a.w.s.WelcomePageHandlerMapping    : Adding welcome page template: index
2025-05-01T20:53:22.981+05:45  INFO 897085 --- [EcommerceCommon] [restartedMain] o.s.b.d.a.OptionalLiveReloadServer       : LiveReload server is running on port 35729
2025-05-01T20:53:22.993+05:45  INFO 897085 --- [EcommerceCommon] [restartedMain] o.s.b.w.embedded.tomcat.TomcatWebServer  : Tomcat started on port 8080 (http) with context path '/admin'
2025-05-01T20:53:22.997+05:45  INFO 897085 --- [EcommerceCommon] [restartedMain] n.c.j.e.a.EcommerceBackendApplication    : Started EcommerceBackendApplication in 0.933 seconds (process running for 249.98)
2025-05-01T20:53:22.998+05:45  INFO 897085 --- [EcommerceCommon] [restartedMain] .ConditionEvaluationDeltaLoggingListener : Condition evaluation unchanged
2025-05-01T20:55:28.646+05:45  INFO 897085 --- [EcommerceCommon] [File Watcher] rtingClassPathChangeChangedEventListener : Restarting due to 1 class path change (0 additions, 0 deletions, 1 modification)
2025-05-01T20:55:28.651+05:45  INFO 897085 --- [EcommerceCommon] [Thread-34] j.LocalContainerEntityManagerFactoryBean : Closing JPA EntityManagerFactory for persistence unit 'default'
2025-05-01T20:55:28.652+05:45  INFO 897085 --- [EcommerceCommon] [Thread-34] com.zaxxer.hikari.HikariDataSource       : HikariPool-9 - Shutdown initiated...
2025-05-01T20:55:28.655+05:45  INFO 897085 --- [EcommerceCommon] [Thread-34] com.zaxxer.hikari.HikariDataSource       : HikariPool-9 - Shutdown completed.
2025-05-01T20:55:28.783+05:45  INFO 897085 --- [EcommerceCommon] [restartedMain] n.c.j.e.a.EcommerceBackendApplication    : Starting EcommerceBackendApplication using Java 21.0.7 with PID 897085 (/home/jp/Documents/eclipse-workspace/EcommerceProject/EcommerceWebParent/EcommerceBackend/target/classes started by jp in /home/jp/Documents/eclipse-workspace/EcommerceProject)
2025-05-01T20:55:28.784+05:45  INFO 897085 --- [EcommerceCommon] [restartedMain] n.c.j.e.a.EcommerceBackendApplication    : No active profile set, falling back to 1 default profile: "default"
2025-05-01T20:55:28.924+05:45  INFO 897085 --- [EcommerceCommon] [restartedMain] .s.d.r.c.RepositoryConfigurationDelegate : Bootstrapping Spring Data JPA repositories in DEFAULT mode.
2025-05-01T20:55:28.932+05:45  INFO 897085 --- [EcommerceCommon] [restartedMain] .s.d.r.c.RepositoryConfigurationDelegate : Finished Spring Data repository scanning in 6 ms. Found 2 JPA repository interfaces.
2025-05-01T20:55:29.018+05:45  INFO 897085 --- [EcommerceCommon] [restartedMain] o.s.b.w.embedded.tomcat.TomcatWebServer  : Tomcat initialized with port 8080 (http)
2025-05-01T20:55:29.019+05:45  INFO 897085 --- [EcommerceCommon] [restartedMain] o.apache.catalina.core.StandardService   : Starting service [Tomcat]
2025-05-01T20:55:29.019+05:45  INFO 897085 --- [EcommerceCommon] [restartedMain] o.apache.catalina.core.StandardEngine    : Starting Servlet engine: [Apache Tomcat/10.1.40]
2025-05-01T20:55:29.028+05:45  INFO 897085 --- [EcommerceCommon] [restartedMain] o.a.c.c.C.[.[localhost].[/admin]         : Initializing Spring embedded WebApplicationContext
2025-05-01T20:55:29.028+05:45  INFO 897085 --- [EcommerceCommon] [restartedMain] w.s.c.ServletWebServerApplicationContext : Root WebApplicationContext: initialization completed in 242 ms
2025-05-01T20:55:29.067+05:45  INFO 897085 --- [EcommerceCommon] [restartedMain] o.hibernate.jpa.internal.util.LogHelper  : HHH000204: Processing PersistenceUnitInfo [name: default]
2025-05-01T20:55:29.069+05:45  INFO 897085 --- [EcommerceCommon] [restartedMain] o.h.c.internal.RegionFactoryInitiator    : HHH000026: Second-level cache disabled
2025-05-01T20:55:29.077+05:45  INFO 897085 --- [EcommerceCommon] [restartedMain] o.s.o.j.p.SpringPersistenceUnitInfo      : No LoadTimeWeaver setup: ignoring JPA class transformer
2025-05-01T20:55:29.078+05:45  INFO 897085 --- [EcommerceCommon] [restartedMain] com.zaxxer.hikari.HikariDataSource       : HikariPool-10 - Starting...
2025-05-01T20:55:29.182+05:45  INFO 897085 --- [EcommerceCommon] [restartedMain] com.zaxxer.hikari.pool.HikariPool        : HikariPool-10 - Added connection org.postgresql.jdbc.PgConnection@58d7c80
2025-05-01T20:55:29.182+05:45  INFO 897085 --- [EcommerceCommon] [restartedMain] com.zaxxer.hikari.HikariDataSource       : HikariPool-10 - Start completed.
2025-05-01T20:55:29.185+05:45  WARN 897085 --- [EcommerceCommon] [restartedMain] org.hibernate.orm.deprecation            : HHH90000025: PostgreSQLDialect does not need to be specified explicitly using 'hibernate.dialect' (remove the property setting and it will be selected by default)
2025-05-01T20:55:29.251+05:45  INFO 897085 --- [EcommerceCommon] [restartedMain] o.h.e.t.j.p.i.JtaPlatformInitiator       : HHH000489: No JTA platform available (set 'hibernate.transaction.jta.platform' to enable JTA platform integration)
2025-05-01T20:55:29.426+05:45  INFO 897085 --- [EcommerceCommon] [restartedMain] j.LocalContainerEntityManagerFactoryBean : Initialized JPA EntityManagerFactory for persistence unit 'default'
2025-05-01T20:55:29.510+05:45  WARN 897085 --- [EcommerceCommon] [restartedMain] JpaBaseConfiguration$JpaWebConfiguration : spring.jpa.open-in-view is enabled by default. Therefore, database queries may be performed during view rendering. Explicitly configure spring.jpa.open-in-view to disable this warning
2025-05-01T20:55:29.518+05:45  INFO 897085 --- [EcommerceCommon] [restartedMain] o.s.b.a.w.s.WelcomePageHandlerMapping    : Adding welcome page template: index
2025-05-01T20:55:29.726+05:45  INFO 897085 --- [EcommerceCommon] [restartedMain] o.s.b.d.a.OptionalLiveReloadServer       : LiveReload server is running on port 35729
2025-05-01T20:55:29.740+05:45  INFO 897085 --- [EcommerceCommon] [restartedMain] o.s.b.w.embedded.tomcat.TomcatWebServer  : Tomcat started on port 8080 (http) with context path '/admin'
2025-05-01T20:55:29.744+05:45  INFO 897085 --- [EcommerceCommon] [restartedMain] n.c.j.e.a.EcommerceBackendApplication    : Started EcommerceBackendApplication in 0.996 seconds (process running for 376.727)
2025-05-01T20:55:29.745+05:45  INFO 897085 --- [EcommerceCommon] [restartedMain] .ConditionEvaluationDeltaLoggingListener : Condition evaluation unchanged
2025-05-01T20:55:44.158+05:45  INFO 897085 --- [EcommerceCommon] [File Watcher] rtingClassPathChangeChangedEventListener : Restarting due to 1 class path change (0 additions, 0 deletions, 1 modification)
2025-05-01T20:55:44.162+05:45  INFO 897085 --- [EcommerceCommon] [Thread-38] j.LocalContainerEntityManagerFactoryBean : Closing JPA EntityManagerFactory for persistence unit 'default'
2025-05-01T20:55:44.163+05:45  INFO 897085 --- [EcommerceCommon] [Thread-38] com.zaxxer.hikari.HikariDataSource       : HikariPool-10 - Shutdown initiated...
2025-05-01T20:55:44.164+05:45  INFO 897085 --- [EcommerceCommon] [Thread-38] com.zaxxer.hikari.HikariDataSource       : HikariPool-10 - Shutdown completed.
2025-05-01T20:55:44.239+05:45  INFO 897085 --- [EcommerceCommon] [restartedMain] n.c.j.e.a.EcommerceBackendApplication    : Starting EcommerceBackendApplication using Java 21.0.7 with PID 897085 (/home/jp/Documents/eclipse-workspace/EcommerceProject/EcommerceWebParent/EcommerceBackend/target/classes started by jp in /home/jp/Documents/eclipse-workspace/EcommerceProject)
2025-05-01T20:55:44.239+05:45  INFO 897085 --- [EcommerceCommon] [restartedMain] n.c.j.e.a.EcommerceBackendApplication    : No active profile set, falling back to 1 default profile: "default"
2025-05-01T20:55:44.380+05:45  INFO 897085 --- [EcommerceCommon] [restartedMain] .s.d.r.c.RepositoryConfigurationDelegate : Bootstrapping Spring Data JPA repositories in DEFAULT mode.
2025-05-01T20:55:44.387+05:45  INFO 897085 --- [EcommerceCommon] [restartedMain] .s.d.r.c.RepositoryConfigurationDelegate : Finished Spring Data repository scanning in 6 ms. Found 2 JPA repository interfaces.
2025-05-01T20:55:44.471+05:45  INFO 897085 --- [EcommerceCommon] [restartedMain] o.s.b.w.embedded.tomcat.TomcatWebServer  : Tomcat initialized with port 8080 (http)
2025-05-01T20:55:44.472+05:45  INFO 897085 --- [EcommerceCommon] [restartedMain] o.apache.catalina.core.StandardService   : Starting service [Tomcat]
2025-05-01T20:55:44.473+05:45  INFO 897085 --- [EcommerceCommon] [restartedMain] o.apache.catalina.core.StandardEngine    : Starting Servlet engine: [Apache Tomcat/10.1.40]
2025-05-01T20:55:44.481+05:45  INFO 897085 --- [EcommerceCommon] [restartedMain] o.a.c.c.C.[.[localhost].[/admin]         : Initializing Spring embedded WebApplicationContext
2025-05-01T20:55:44.481+05:45  INFO 897085 --- [EcommerceCommon] [restartedMain] w.s.c.ServletWebServerApplicationContext : Root WebApplicationContext: initialization completed in 240 ms
2025-05-01T20:55:44.524+05:45  INFO 897085 --- [EcommerceCommon] [restartedMain] o.hibernate.jpa.internal.util.LogHelper  : HHH000204: Processing PersistenceUnitInfo [name: default]
2025-05-01T20:55:44.526+05:45  INFO 897085 --- [EcommerceCommon] [restartedMain] o.h.c.internal.RegionFactoryInitiator    : HHH000026: Second-level cache disabled
2025-05-01T20:55:44.533+05:45  INFO 897085 --- [EcommerceCommon] [restartedMain] o.s.o.j.p.SpringPersistenceUnitInfo      : No LoadTimeWeaver setup: ignoring JPA class transformer
2025-05-01T20:55:44.534+05:45  INFO 897085 --- [EcommerceCommon] [restartedMain] com.zaxxer.hikari.HikariDataSource       : HikariPool-11 - Starting...
2025-05-01T20:55:44.558+05:45  INFO 897085 --- [EcommerceCommon] [restartedMain] com.zaxxer.hikari.pool.HikariPool        : HikariPool-11 - Added connection org.postgresql.jdbc.PgConnection@6e3c58
2025-05-01T20:55:44.559+05:45  INFO 897085 --- [EcommerceCommon] [restartedMain] com.zaxxer.hikari.HikariDataSource       : HikariPool-11 - Start completed.
2025-05-01T20:55:44.561+05:45  WARN 897085 --- [EcommerceCommon] [restartedMain] org.hibernate.orm.deprecation            : HHH90000025: PostgreSQLDialect does not need to be specified explicitly using 'hibernate.dialect' (remove the property setting and it will be selected by default)
2025-05-01T20:55:44.623+05:45  INFO 897085 --- [EcommerceCommon] [restartedMain] o.h.e.t.j.p.i.JtaPlatformInitiator       : HHH000489: No JTA platform available (set 'hibernate.transaction.jta.platform' to enable JTA platform integration)
2025-05-01T20:55:44.745+05:45  INFO 897085 --- [EcommerceCommon] [restartedMain] j.LocalContainerEntityManagerFactoryBean : Initialized JPA EntityManagerFactory for persistence unit 'default'
2025-05-01T20:55:44.815+05:45  WARN 897085 --- [EcommerceCommon] [restartedMain] JpaBaseConfiguration$JpaWebConfiguration : spring.jpa.open-in-view is enabled by default. Therefore, database queries may be performed during view rendering. Explicitly configure spring.jpa.open-in-view to disable this warning
2025-05-01T20:55:44.825+05:45  INFO 897085 --- [EcommerceCommon] [restartedMain] o.s.b.a.w.s.WelcomePageHandlerMapping    : Adding welcome page template: index
2025-05-01T20:55:45.031+05:45  INFO 897085 --- [EcommerceCommon] [restartedMain] o.s.b.d.a.OptionalLiveReloadServer       : LiveReload server is running on port 35729
2025-05-01T20:55:45.051+05:45  INFO 897085 --- [EcommerceCommon] [restartedMain] o.s.b.w.embedded.tomcat.TomcatWebServer  : Tomcat started on port 8080 (http) with context path '/admin'
2025-05-01T20:55:45.056+05:45  INFO 897085 --- [EcommerceCommon] [restartedMain] n.c.j.e.a.EcommerceBackendApplication    : Started EcommerceBackendApplication in 0.84 seconds (process running for 392.04)
2025-05-01T20:55:45.058+05:45  INFO 897085 --- [EcommerceCommon] [restartedMain] .ConditionEvaluationDeltaLoggingListener : Condition evaluation unchanged
2025-05-01T20:55:54.262+05:45  INFO 897085 --- [EcommerceCommon] [http-nio-8080-exec-1] o.a.c.c.C.[.[localhost].[/admin]         : Initializing Spring DispatcherServlet 'dispatcherServlet'
2025-05-01T20:55:54.262+05:45  INFO 897085 --- [EcommerceCommon] [http-nio-8080-exec-1] o.s.web.servlet.DispatcherServlet        : Initializing Servlet 'dispatcherServlet'
2025-05-01T20:55:54.264+05:45  INFO 897085 --- [EcommerceCommon] [http-nio-8080-exec-1] o.s.web.servlet.DispatcherServlet        : Completed initialization in 1 ms
2025-05-01T20:56:26.099+05:45  INFO 897085 --- [EcommerceCommon] [http-nio-8080-exec-10] n.c.j.e.admin.user.UserController        : saved user: User{id=null, email='jeevan@poudel.com', password='123456789', firstName='jeevan', lastName='poudel', photos='null', enabled=true, roles=[ROLE_ADMIN, ROLE_SALESPERSON, ROLE_EDITOR]}
2025-05-01T20:59:33.300+05:45  INFO 897085 --- [EcommerceCommon] [File Watcher] rtingClassPathChangeChangedEventListener : Restarting due to 1 class path change (0 additions, 0 deletions, 1 modification)
2025-05-01T20:59:33.308+05:45  INFO 897085 --- [EcommerceCommon] [Thread-42] j.LocalContainerEntityManagerFactoryBean : Closing JPA EntityManagerFactory for persistence unit 'default'
2025-05-01T20:59:33.309+05:45  INFO 897085 --- [EcommerceCommon] [Thread-42] com.zaxxer.hikari.HikariDataSource       : HikariPool-11 - Shutdown initiated...
2025-05-01T20:59:33.310+05:45  INFO 897085 --- [EcommerceCommon] [Thread-42] com.zaxxer.hikari.HikariDataSource       : HikariPool-11 - Shutdown completed.
2025-05-01T20:59:33.423+05:45  INFO 897085 --- [EcommerceCommon] [restartedMain] n.c.j.e.a.EcommerceBackendApplication    : Starting EcommerceBackendApplication using Java 21.0.7 with PID 897085 (/home/jp/Documents/eclipse-workspace/EcommerceProject/EcommerceWebParent/EcommerceBackend/target/classes started by jp in /home/jp/Documents/eclipse-workspace/EcommerceProject)
2025-05-01T20:59:33.423+05:45  INFO 897085 --- [EcommerceCommon] [restartedMain] n.c.j.e.a.EcommerceBackendApplication    : No active profile set, falling back to 1 default profile: "default"
2025-05-01T20:59:33.611+05:45  INFO 897085 --- [EcommerceCommon] [restartedMain] .s.d.r.c.RepositoryConfigurationDelegate : Bootstrapping Spring Data JPA repositories in DEFAULT mode.
2025-05-01T20:59:33.619+05:45  INFO 897085 --- [EcommerceCommon] [restartedMain] .s.d.r.c.RepositoryConfigurationDelegate : Finished Spring Data repository scanning in 7 ms. Found 2 JPA repository interfaces.
2025-05-01T20:59:33.760+05:45  INFO 897085 --- [EcommerceCommon] [restartedMain] o.s.b.w.embedded.tomcat.TomcatWebServer  : Tomcat initialized with port 8080 (http)
2025-05-01T20:59:33.762+05:45  INFO 897085 --- [EcommerceCommon] [restartedMain] o.apache.catalina.core.StandardService   : Starting service [Tomcat]
2025-05-01T20:59:33.762+05:45  INFO 897085 --- [EcommerceCommon] [restartedMain] o.apache.catalina.core.StandardEngine    : Starting Servlet engine: [Apache Tomcat/10.1.40]
2025-05-01T20:59:33.771+05:45  INFO 897085 --- [EcommerceCommon] [restartedMain] o.a.c.c.C.[.[localhost].[/admin]         : Initializing Spring embedded WebApplicationContext
2025-05-01T20:59:33.771+05:45  INFO 897085 --- [EcommerceCommon] [restartedMain] w.s.c.ServletWebServerApplicationContext : Root WebApplicationContext: initialization completed in 345 ms
2025-05-01T20:59:33.822+05:45  INFO 897085 --- [EcommerceCommon] [restartedMain] o.hibernate.jpa.internal.util.LogHelper  : HHH000204: Processing PersistenceUnitInfo [name: default]
2025-05-01T20:59:33.825+05:45  INFO 897085 --- [EcommerceCommon] [restartedMain] o.h.c.internal.RegionFactoryInitiator    : HHH000026: Second-level cache disabled
2025-05-01T20:59:33.837+05:45  INFO 897085 --- [EcommerceCommon] [restartedMain] o.s.o.j.p.SpringPersistenceUnitInfo      : No LoadTimeWeaver setup: ignoring JPA class transformer
2025-05-01T20:59:33.838+05:45  INFO 897085 --- [EcommerceCommon] [restartedMain] com.zaxxer.hikari.HikariDataSource       : HikariPool-12 - Starting...
2025-05-01T20:59:33.973+05:45  INFO 897085 --- [EcommerceCommon] [restartedMain] com.zaxxer.hikari.pool.HikariPool        : HikariPool-12 - Added connection org.postgresql.jdbc.PgConnection@15357b8b
2025-05-01T20:59:33.973+05:45  INFO 897085 --- [EcommerceCommon] [restartedMain] com.zaxxer.hikari.HikariDataSource       : HikariPool-12 - Start completed.
2025-05-01T20:59:33.976+05:45  WARN 897085 --- [EcommerceCommon] [restartedMain] org.hibernate.orm.deprecation            : HHH90000025: PostgreSQLDialect does not need to be specified explicitly using 'hibernate.dialect' (remove the property setting and it will be selected by default)
2025-05-01T20:59:34.032+05:45  INFO 897085 --- [EcommerceCommon] [restartedMain] o.h.e.t.j.p.i.JtaPlatformInitiator       : HHH000489: No JTA platform available (set 'hibernate.transaction.jta.platform' to enable JTA platform integration)
2025-05-01T20:59:34.206+05:45  INFO 897085 --- [EcommerceCommon] [restartedMain] j.LocalContainerEntityManagerFactoryBean : Initialized JPA EntityManagerFactory for persistence unit 'default'
2025-05-01T20:59:34.323+05:45  WARN 897085 --- [EcommerceCommon] [restartedMain] JpaBaseConfiguration$JpaWebConfiguration : spring.jpa.open-in-view is enabled by default. Therefore, database queries may be performed during view rendering. Explicitly configure spring.jpa.open-in-view to disable this warning
2025-05-01T20:59:34.335+05:45  INFO 897085 --- [EcommerceCommon] [restartedMain] o.s.b.a.w.s.WelcomePageHandlerMapping    : Adding welcome page template: index
2025-05-01T20:59:34.589+05:45  INFO 897085 --- [EcommerceCommon] [restartedMain] o.s.b.d.a.OptionalLiveReloadServer       : LiveReload server is running on port 35729
2025-05-01T20:59:34.602+05:45  INFO 897085 --- [EcommerceCommon] [restartedMain] o.s.b.w.embedded.tomcat.TomcatWebServer  : Tomcat started on port 8080 (http) with context path '/admin'
2025-05-01T20:59:34.606+05:45  INFO 897085 --- [EcommerceCommon] [restartedMain] n.c.j.e.a.EcommerceBackendApplication    : Started EcommerceBackendApplication in 1.217 seconds (process running for 621.589)
2025-05-01T20:59:34.607+05:45  INFO 897085 --- [EcommerceCommon] [restartedMain] .ConditionEvaluationDeltaLoggingListener : Condition evaluation unchanged
2025-05-01T20:59:35.826+05:45  INFO 897085 --- [EcommerceCommon] [http-nio-8080-exec-1] o.a.c.c.C.[.[localhost].[/admin]         : Initializing Spring DispatcherServlet 'dispatcherServlet'
2025-05-01T20:59:35.826+05:45  INFO 897085 --- [EcommerceCommon] [http-nio-8080-exec-1] o.s.web.servlet.DispatcherServlet        : Initializing Servlet 'dispatcherServlet'
2025-05-01T20:59:35.827+05:45  INFO 897085 --- [EcommerceCommon] [http-nio-8080-exec-1] o.s.web.servlet.DispatcherServlet        : Completed initialization in 1 ms
2025-05-01T21:00:07.348+05:45  INFO 897085 --- [EcommerceCommon] [http-nio-8080-exec-9] n.c.j.e.admin.user.UserController        : saved user: User{id=null, email='Hello@heeloc.ocm', password='fdsfdsfdsf', firstName='dfdddfdsf', lastName='sfdsfsdfdfsf', photos='null', enabled=true, roles=[ROLE_ADMIN, ROLE_EDITOR]}
2025-05-01T21:00:36.128+05:45  INFO 897085 --- [EcommerceCommon] [File Watcher] rtingClassPathChangeChangedEventListener : Restarting due to 1 class path change (0 additions, 0 deletions, 1 modification)
2025-05-01T21:00:36.133+05:45  INFO 897085 --- [EcommerceCommon] [Thread-46] j.LocalContainerEntityManagerFactoryBean : Closing JPA EntityManagerFactory for persistence unit 'default'
2025-05-01T21:00:36.134+05:45  INFO 897085 --- [EcommerceCommon] [Thread-46] com.zaxxer.hikari.HikariDataSource       : HikariPool-12 - Shutdown initiated...
2025-05-01T21:00:36.135+05:45  INFO 897085 --- [EcommerceCommon] [Thread-46] com.zaxxer.hikari.HikariDataSource       : HikariPool-12 - Shutdown completed.
2025-05-01T21:00:36.227+05:45  INFO 897085 --- [EcommerceCommon] [restartedMain] n.c.j.e.a.EcommerceBackendApplication    : Starting EcommerceBackendApplication using Java 21.0.7 with PID 897085 (/home/jp/Documents/eclipse-workspace/EcommerceProject/EcommerceWebParent/EcommerceBackend/target/classes started by jp in /home/jp/Documents/eclipse-workspace/EcommerceProject)
2025-05-01T21:00:36.228+05:45  INFO 897085 --- [EcommerceCommon] [restartedMain] n.c.j.e.a.EcommerceBackendApplication    : No active profile set, falling back to 1 default profile: "default"
2025-05-01T21:00:36.385+05:45  INFO 897085 --- [EcommerceCommon] [restartedMain] .s.d.r.c.RepositoryConfigurationDelegate : Bootstrapping Spring Data JPA repositories in DEFAULT mode.
2025-05-01T21:00:36.395+05:45  INFO 897085 --- [EcommerceCommon] [restartedMain] .s.d.r.c.RepositoryConfigurationDelegate : Finished Spring Data repository scanning in 9 ms. Found 2 JPA repository interfaces.
2025-05-01T21:00:36.506+05:45  INFO 897085 --- [EcommerceCommon] [restartedMain] o.s.b.w.embedded.tomcat.TomcatWebServer  : Tomcat initialized with port 8080 (http)
2025-05-01T21:00:36.507+05:45  INFO 897085 --- [EcommerceCommon] [restartedMain] o.apache.catalina.core.StandardService   : Starting service [Tomcat]
2025-05-01T21:00:36.507+05:45  INFO 897085 --- [EcommerceCommon] [restartedMain] o.apache.catalina.core.StandardEngine    : Starting Servlet engine: [Apache Tomcat/10.1.40]
2025-05-01T21:00:36.520+05:45  INFO 897085 --- [EcommerceCommon] [restartedMain] o.a.c.c.C.[.[localhost].[/admin]         : Initializing Spring embedded WebApplicationContext
2025-05-01T21:00:36.520+05:45  INFO 897085 --- [EcommerceCommon] [restartedMain] w.s.c.ServletWebServerApplicationContext : Root WebApplicationContext: initialization completed in 290 ms
2025-05-01T21:00:36.576+05:45  INFO 897085 --- [EcommerceCommon] [restartedMain] o.hibernate.jpa.internal.util.LogHelper  : HHH000204: Processing PersistenceUnitInfo [name: default]
2025-05-01T21:00:36.579+05:45  INFO 897085 --- [EcommerceCommon] [restartedMain] o.h.c.internal.RegionFactoryInitiator    : HHH000026: Second-level cache disabled
2025-05-01T21:00:36.588+05:45  INFO 897085 --- [EcommerceCommon] [restartedMain] o.s.o.j.p.SpringPersistenceUnitInfo      : No LoadTimeWeaver setup: ignoring JPA class transformer
2025-05-01T21:00:36.589+05:45  INFO 897085 --- [EcommerceCommon] [restartedMain] com.zaxxer.hikari.HikariDataSource       : HikariPool-13 - Starting...
2025-05-01T21:00:36.693+05:45  INFO 897085 --- [EcommerceCommon] [restartedMain] com.zaxxer.hikari.pool.HikariPool        : HikariPool-13 - Added connection org.postgresql.jdbc.PgConnection@7ffa7210
2025-05-01T21:00:36.693+05:45  INFO 897085 --- [EcommerceCommon] [restartedMain] com.zaxxer.hikari.HikariDataSource       : HikariPool-13 - Start completed.
2025-05-01T21:00:36.697+05:45  WARN 897085 --- [EcommerceCommon] [restartedMain] org.hibernate.orm.deprecation            : HHH90000025: PostgreSQLDialect does not need to be specified explicitly using 'hibernate.dialect' (remove the property setting and it will be selected by default)
2025-05-01T21:00:36.741+05:45  INFO 897085 --- [EcommerceCommon] [restartedMain] o.h.e.t.j.p.i.JtaPlatformInitiator       : HHH000489: No JTA platform available (set 'hibernate.transaction.jta.platform' to enable JTA platform integration)
2025-05-01T21:00:36.915+05:45  INFO 897085 --- [EcommerceCommon] [restartedMain] j.LocalContainerEntityManagerFactoryBean : Initialized JPA EntityManagerFactory for persistence unit 'default'
2025-05-01T21:00:36.998+05:45  WARN 897085 --- [EcommerceCommon] [restartedMain] JpaBaseConfiguration$JpaWebConfiguration : spring.jpa.open-in-view is enabled by default. Therefore, database queries may be performed during view rendering. Explicitly configure spring.jpa.open-in-view to disable this warning
2025-05-01T21:00:37.006+05:45  INFO 897085 --- [EcommerceCommon] [restartedMain] o.s.b.a.w.s.WelcomePageHandlerMapping    : Adding welcome page template: index
2025-05-01T21:00:37.203+05:45  INFO 897085 --- [EcommerceCommon] [restartedMain] o.s.b.d.a.OptionalLiveReloadServer       : LiveReload server is running on port 35729
2025-05-01T21:00:37.222+05:45  INFO 897085 --- [EcommerceCommon] [restartedMain] o.s.b.w.embedded.tomcat.TomcatWebServer  : Tomcat started on port 8080 (http) with context path '/admin'
2025-05-01T21:00:37.227+05:45  INFO 897085 --- [EcommerceCommon] [restartedMain] n.c.j.e.a.EcommerceBackendApplication    : Started EcommerceBackendApplication in 1.035 seconds (process running for 684.211)
2025-05-01T21:00:37.229+05:45  INFO 897085 --- [EcommerceCommon] [restartedMain] .ConditionEvaluationDeltaLoggingListener : Condition evaluation unchanged
2025-05-01T21:00:54.644+05:45  INFO 897085 --- [EcommerceCommon] [File Watcher] rtingClassPathChangeChangedEventListener : Restarting due to 3 class path changes (0 additions, 0 deletions, 3 modifications)
2025-05-01T21:00:54.648+05:45  INFO 897085 --- [EcommerceCommon] [Thread-50] j.LocalContainerEntityManagerFactoryBean : Closing JPA EntityManagerFactory for persistence unit 'default'
2025-05-01T21:00:54.648+05:45  INFO 897085 --- [EcommerceCommon] [Thread-50] com.zaxxer.hikari.HikariDataSource       : HikariPool-13 - Shutdown initiated...
2025-05-01T21:00:54.649+05:45  INFO 897085 --- [EcommerceCommon] [Thread-50] com.zaxxer.hikari.HikariDataSource       : HikariPool-13 - Shutdown completed.
2025-05-01T21:00:54.726+05:45  INFO 897085 --- [EcommerceCommon] [restartedMain] n.c.j.e.a.EcommerceBackendApplication    : Starting EcommerceBackendApplication using Java 21.0.7 with PID 897085 (/home/jp/Documents/eclipse-workspace/EcommerceProject/EcommerceWebParent/EcommerceBackend/target/classes started by jp in /home/jp/Documents/eclipse-workspace/EcommerceProject)
2025-05-01T21:00:54.726+05:45  INFO 897085 --- [EcommerceCommon] [restartedMain] n.c.j.e.a.EcommerceBackendApplication    : No active profile set, falling back to 1 default profile: "default"
2025-05-01T21:00:54.897+05:45  INFO 897085 --- [EcommerceCommon] [restartedMain] .s.d.r.c.RepositoryConfigurationDelegate : Bootstrapping Spring Data JPA repositories in DEFAULT mode.
2025-05-01T21:00:54.903+05:45  INFO 897085 --- [EcommerceCommon] [restartedMain] .s.d.r.c.RepositoryConfigurationDelegate : Finished Spring Data repository scanning in 5 ms. Found 2 JPA repository interfaces.
2025-05-01T21:00:55.006+05:45  INFO 897085 --- [EcommerceCommon] [restartedMain] o.s.b.w.embedded.tomcat.TomcatWebServer  : Tomcat initialized with port 8080 (http)
2025-05-01T21:00:55.007+05:45  INFO 897085 --- [EcommerceCommon] [restartedMain] o.apache.catalina.core.StandardService   : Starting service [Tomcat]
2025-05-01T21:00:55.007+05:45  INFO 897085 --- [EcommerceCommon] [restartedMain] o.apache.catalina.core.StandardEngine    : Starting Servlet engine: [Apache Tomcat/10.1.40]
2025-05-01T21:00:55.016+05:45  INFO 897085 --- [EcommerceCommon] [restartedMain] o.a.c.c.C.[.[localhost].[/admin]         : Initializing Spring embedded WebApplicationContext
2025-05-01T21:00:55.016+05:45  INFO 897085 --- [EcommerceCommon] [restartedMain] w.s.c.ServletWebServerApplicationContext : Root WebApplicationContext: initialization completed in 288 ms
2025-05-01T21:00:55.053+05:45  INFO 897085 --- [EcommerceCommon] [restartedMain] o.hibernate.jpa.internal.util.LogHelper  : HHH000204: Processing PersistenceUnitInfo [name: default]
2025-05-01T21:00:55.054+05:45  INFO 897085 --- [EcommerceCommon] [restartedMain] o.h.c.internal.RegionFactoryInitiator    : HHH000026: Second-level cache disabled
2025-05-01T21:00:55.061+05:45  INFO 897085 --- [EcommerceCommon] [restartedMain] o.s.o.j.p.SpringPersistenceUnitInfo      : No LoadTimeWeaver setup: ignoring JPA class transformer
2025-05-01T21:00:55.061+05:45  INFO 897085 --- [EcommerceCommon] [restartedMain] com.zaxxer.hikari.HikariDataSource       : HikariPool-14 - Starting...
2025-05-01T21:00:55.083+05:45  INFO 897085 --- [EcommerceCommon] [restartedMain] com.zaxxer.hikari.pool.HikariPool        : HikariPool-14 - Added connection org.postgresql.jdbc.PgConnection@7cab53d2
2025-05-01T21:00:55.083+05:45  INFO 897085 --- [EcommerceCommon] [restartedMain] com.zaxxer.hikari.HikariDataSource       : HikariPool-14 - Start completed.
2025-05-01T21:00:55.086+05:45  WARN 897085 --- [EcommerceCommon] [restartedMain] org.hibernate.orm.deprecation            : HHH90000025: PostgreSQLDialect does not need to be specified explicitly using 'hibernate.dialect' (remove the property setting and it will be selected by default)
2025-05-01T21:00:55.144+05:45  INFO 897085 --- [EcommerceCommon] [restartedMain] o.h.e.t.j.p.i.JtaPlatformInitiator       : HHH000489: No JTA platform available (set 'hibernate.transaction.jta.platform' to enable JTA platform integration)
2025-05-01T21:00:55.322+05:45  INFO 897085 --- [EcommerceCommon] [restartedMain] j.LocalContainerEntityManagerFactoryBean : Initialized JPA EntityManagerFactory for persistence unit 'default'
2025-05-01T21:00:55.381+05:45  WARN 897085 --- [EcommerceCommon] [restartedMain] JpaBaseConfiguration$JpaWebConfiguration : spring.jpa.open-in-view is enabled by default. Therefore, database queries may be performed during view rendering. Explicitly configure spring.jpa.open-in-view to disable this warning
2025-05-01T21:00:55.392+05:45  INFO 897085 --- [EcommerceCommon] [restartedMain] o.s.b.a.w.s.WelcomePageHandlerMapping    : Adding welcome page template: index
2025-05-01T21:00:55.585+05:45  INFO 897085 --- [EcommerceCommon] [restartedMain] o.s.b.d.a.OptionalLiveReloadServer       : LiveReload server is running on port 35729
2025-05-01T21:00:55.598+05:45  INFO 897085 --- [EcommerceCommon] [restartedMain] o.s.b.w.embedded.tomcat.TomcatWebServer  : Tomcat started on port 8080 (http) with context path '/admin'
2025-05-01T21:00:55.601+05:45  INFO 897085 --- [EcommerceCommon] [restartedMain] n.c.j.e.a.EcommerceBackendApplication    : Started EcommerceBackendApplication in 0.898 seconds (process running for 702.584)
2025-05-01T21:00:55.602+05:45  INFO 897085 --- [EcommerceCommon] [restartedMain] .ConditionEvaluationDeltaLoggingListener : Condition evaluation unchanged
2025-05-01T21:01:02.001+05:45  INFO 897085 --- [EcommerceCommon] [File Watcher] rtingClassPathChangeChangedEventListener : Restarting due to 1 class path change (0 additions, 0 deletions, 1 modification)
2025-05-01T21:01:02.006+05:45  INFO 897085 --- [EcommerceCommon] [Thread-54] j.LocalContainerEntityManagerFactoryBean : Closing JPA EntityManagerFactory for persistence unit 'default'
2025-05-01T21:01:02.007+05:45  INFO 897085 --- [EcommerceCommon] [Thread-54] com.zaxxer.hikari.HikariDataSource       : HikariPool-14 - Shutdown initiated...
2025-05-01T21:01:02.010+05:45  INFO 897085 --- [EcommerceCommon] [Thread-54] com.zaxxer.hikari.HikariDataSource       : HikariPool-14 - Shutdown completed.
2025-05-01T21:01:02.087+05:45  INFO 897085 --- [EcommerceCommon] [restartedMain] n.c.j.e.a.EcommerceBackendApplication    : Starting EcommerceBackendApplication using Java 21.0.7 with PID 897085 (/home/jp/Documents/eclipse-workspace/EcommerceProject/EcommerceWebParent/EcommerceBackend/target/classes started by jp in /home/jp/Documents/eclipse-workspace/EcommerceProject)
2025-05-01T21:01:02.087+05:45  INFO 897085 --- [EcommerceCommon] [restartedMain] n.c.j.e.a.EcommerceBackendApplication    : No active profile set, falling back to 1 default profile: "default"
2025-05-01T21:01:02.225+05:45  INFO 897085 --- [EcommerceCommon] [restartedMain] .s.d.r.c.RepositoryConfigurationDelegate : Bootstrapping Spring Data JPA repositories in DEFAULT mode.
2025-05-01T21:01:02.232+05:45  INFO 897085 --- [EcommerceCommon] [restartedMain] .s.d.r.c.RepositoryConfigurationDelegate : Finished Spring Data repository scanning in 6 ms. Found 2 JPA repository interfaces.
2025-05-01T21:01:02.334+05:45  INFO 897085 --- [EcommerceCommon] [restartedMain] o.s.b.w.embedded.tomcat.TomcatWebServer  : Tomcat initialized with port 8080 (http)
2025-05-01T21:01:02.335+05:45  INFO 897085 --- [EcommerceCommon] [restartedMain] o.apache.catalina.core.StandardService   : Starting service [Tomcat]
2025-05-01T21:01:02.335+05:45  INFO 897085 --- [EcommerceCommon] [restartedMain] o.apache.catalina.core.StandardEngine    : Starting Servlet engine: [Apache Tomcat/10.1.40]
2025-05-01T21:01:02.343+05:45  INFO 897085 --- [EcommerceCommon] [restartedMain] o.a.c.c.C.[.[localhost].[/admin]         : Initializing Spring embedded WebApplicationContext
2025-05-01T21:01:02.343+05:45  INFO 897085 --- [EcommerceCommon] [restartedMain] w.s.c.ServletWebServerApplicationContext : Root WebApplicationContext: initialization completed in 254 ms
2025-05-01T21:01:02.386+05:45  INFO 897085 --- [EcommerceCommon] [restartedMain] o.hibernate.jpa.internal.util.LogHelper  : HHH000204: Processing PersistenceUnitInfo [name: default]
2025-05-01T21:01:02.388+05:45  INFO 897085 --- [EcommerceCommon] [restartedMain] o.h.c.internal.RegionFactoryInitiator    : HHH000026: Second-level cache disabled
2025-05-01T21:01:02.394+05:45  INFO 897085 --- [EcommerceCommon] [restartedMain] o.s.o.j.p.SpringPersistenceUnitInfo      : No LoadTimeWeaver setup: ignoring JPA class transformer
2025-05-01T21:01:02.394+05:45  INFO 897085 --- [EcommerceCommon] [restartedMain] com.zaxxer.hikari.HikariDataSource       : HikariPool-15 - Starting...
2025-05-01T21:01:02.418+05:45  INFO 897085 --- [EcommerceCommon] [restartedMain] com.zaxxer.hikari.pool.HikariPool        : HikariPool-15 - Added connection org.postgresql.jdbc.PgConnection@4991a1df
2025-05-01T21:01:02.418+05:45  INFO 897085 --- [EcommerceCommon] [restartedMain] com.zaxxer.hikari.HikariDataSource       : HikariPool-15 - Start completed.
2025-05-01T21:01:02.421+05:45  WARN 897085 --- [EcommerceCommon] [restartedMain] org.hibernate.orm.deprecation            : HHH90000025: PostgreSQLDialect does not need to be specified explicitly using 'hibernate.dialect' (remove the property setting and it will be selected by default)
2025-05-01T21:01:02.468+05:45  INFO 897085 --- [EcommerceCommon] [restartedMain] o.h.e.t.j.p.i.JtaPlatformInitiator       : HHH000489: No JTA platform available (set 'hibernate.transaction.jta.platform' to enable JTA platform integration)
2025-05-01T21:01:02.636+05:45  INFO 897085 --- [EcommerceCommon] [restartedMain] j.LocalContainerEntityManagerFactoryBean : Initialized JPA EntityManagerFactory for persistence unit 'default'
2025-05-01T21:01:02.741+05:45  WARN 897085 --- [EcommerceCommon] [restartedMain] JpaBaseConfiguration$JpaWebConfiguration : spring.jpa.open-in-view is enabled by default. Therefore, database queries may be performed during view rendering. Explicitly configure spring.jpa.open-in-view to disable this warning
2025-05-01T21:01:02.755+05:45  INFO 897085 --- [EcommerceCommon] [restartedMain] o.s.b.a.w.s.WelcomePageHandlerMapping    : Adding welcome page template: index
2025-05-01T21:01:02.936+05:45  INFO 897085 --- [EcommerceCommon] [restartedMain] o.s.b.d.a.OptionalLiveReloadServer       : LiveReload server is running on port 35729
2025-05-01T21:01:02.949+05:45  INFO 897085 --- [EcommerceCommon] [restartedMain] o.s.b.w.embedded.tomcat.TomcatWebServer  : Tomcat started on port 8080 (http) with context path '/admin'
2025-05-01T21:01:02.953+05:45  INFO 897085 --- [EcommerceCommon] [restartedMain] n.c.j.e.a.EcommerceBackendApplication    : Started EcommerceBackendApplication in 0.889 seconds (process running for 709.936)
2025-05-01T21:01:02.954+05:45  INFO 897085 --- [EcommerceCommon] [restartedMain] .ConditionEvaluationDeltaLoggingListener : Condition evaluation unchanged
2025-05-01T21:01:17.367+05:45  INFO 897085 --- [EcommerceCommon] [File Watcher] rtingClassPathChangeChangedEventListener : Restarting due to 1 class path change (0 additions, 0 deletions, 1 modification)
2025-05-01T21:01:17.371+05:45  INFO 897085 --- [EcommerceCommon] [Thread-58] j.LocalContainerEntityManagerFactoryBean : Closing JPA EntityManagerFactory for persistence unit 'default'
2025-05-01T21:01:17.372+05:45  INFO 897085 --- [EcommerceCommon] [Thread-58] com.zaxxer.hikari.HikariDataSource       : HikariPool-15 - Shutdown initiated...
2025-05-01T21:01:17.374+05:45  INFO 897085 --- [EcommerceCommon] [Thread-58] com.zaxxer.hikari.HikariDataSource       : HikariPool-15 - Shutdown completed.
2025-05-01T21:01:17.457+05:45  INFO 897085 --- [EcommerceCommon] [restartedMain] n.c.j.e.a.EcommerceBackendApplication    : Starting EcommerceBackendApplication using Java 21.0.7 with PID 897085 (/home/jp/Documents/eclipse-workspace/EcommerceProject/EcommerceWebParent/EcommerceBackend/target/classes started by jp in /home/jp/Documents/eclipse-workspace/EcommerceProject)
2025-05-01T21:01:17.457+05:45  INFO 897085 --- [EcommerceCommon] [restartedMain] n.c.j.e.a.EcommerceBackendApplication    : No active profile set, falling back to 1 default profile: "default"
2025-05-01T21:01:17.613+05:45  INFO 897085 --- [EcommerceCommon] [restartedMain] .s.d.r.c.RepositoryConfigurationDelegate : Bootstrapping Spring Data JPA repositories in DEFAULT mode.
2025-05-01T21:01:17.621+05:45  INFO 897085 --- [EcommerceCommon] [restartedMain] .s.d.r.c.RepositoryConfigurationDelegate : Finished Spring Data repository scanning in 7 ms. Found 2 JPA repository interfaces.
2025-05-01T21:01:17.704+05:45  INFO 897085 --- [EcommerceCommon] [restartedMain] o.s.b.w.embedded.tomcat.TomcatWebServer  : Tomcat initialized with port 8080 (http)
2025-05-01T21:01:17.705+05:45  INFO 897085 --- [EcommerceCommon] [restartedMain] o.apache.catalina.core.StandardService   : Starting service [Tomcat]
2025-05-01T21:01:17.705+05:45  INFO 897085 --- [EcommerceCommon] [restartedMain] o.apache.catalina.core.StandardEngine    : Starting Servlet engine: [Apache Tomcat/10.1.40]
2025-05-01T21:01:17.714+05:45  INFO 897085 --- [EcommerceCommon] [restartedMain] o.a.c.c.C.[.[localhost].[/admin]         : Initializing Spring embedded WebApplicationContext
2025-05-01T21:01:17.714+05:45  INFO 897085 --- [EcommerceCommon] [restartedMain] w.s.c.ServletWebServerApplicationContext : Root WebApplicationContext: initialization completed in 254 ms
2025-05-01T21:01:17.757+05:45  INFO 897085 --- [EcommerceCommon] [restartedMain] o.hibernate.jpa.internal.util.LogHelper  : HHH000204: Processing PersistenceUnitInfo [name: default]
2025-05-01T21:01:17.759+05:45  INFO 897085 --- [EcommerceCommon] [restartedMain] o.h.c.internal.RegionFactoryInitiator    : HHH000026: Second-level cache disabled
2025-05-01T21:01:17.767+05:45  INFO 897085 --- [EcommerceCommon] [restartedMain] o.s.o.j.p.SpringPersistenceUnitInfo      : No LoadTimeWeaver setup: ignoring JPA class transformer
2025-05-01T21:01:17.768+05:45  INFO 897085 --- [EcommerceCommon] [restartedMain] com.zaxxer.hikari.HikariDataSource       : HikariPool-16 - Starting...
2025-05-01T21:01:17.853+05:45  INFO 897085 --- [EcommerceCommon] [restartedMain] com.zaxxer.hikari.pool.HikariPool        : HikariPool-16 - Added connection org.postgresql.jdbc.PgConnection@4b76580c
2025-05-01T21:01:17.853+05:45  INFO 897085 --- [EcommerceCommon] [restartedMain] com.zaxxer.hikari.HikariDataSource       : HikariPool-16 - Start completed.
2025-05-01T21:01:17.856+05:45  WARN 897085 --- [EcommerceCommon] [restartedMain] org.hibernate.orm.deprecation            : HHH90000025: PostgreSQLDialect does not need to be specified explicitly using 'hibernate.dialect' (remove the property setting and it will be selected by default)
2025-05-01T21:01:17.903+05:45  INFO 897085 --- [EcommerceCommon] [restartedMain] o.h.e.t.j.p.i.JtaPlatformInitiator       : HHH000489: No JTA platform available (set 'hibernate.transaction.jta.platform' to enable JTA platform integration)
2025-05-01T21:01:18.069+05:45  INFO 897085 --- [EcommerceCommon] [restartedMain] j.LocalContainerEntityManagerFactoryBean : Initialized JPA EntityManagerFactory for persistence unit 'default'
2025-05-01T21:01:18.152+05:45  WARN 897085 --- [EcommerceCommon] [restartedMain] JpaBaseConfiguration$JpaWebConfiguration : spring.jpa.open-in-view is enabled by default. Therefore, database queries may be performed during view rendering. Explicitly configure spring.jpa.open-in-view to disable this warning
2025-05-01T21:01:18.159+05:45  INFO 897085 --- [EcommerceCommon] [restartedMain] o.s.b.a.w.s.WelcomePageHandlerMapping    : Adding welcome page template: index
2025-05-01T21:01:18.337+05:45  INFO 897085 --- [EcommerceCommon] [restartedMain] o.s.b.d.a.OptionalLiveReloadServer       : LiveReload server is running on port 35729
2025-05-01T21:01:18.348+05:45  INFO 897085 --- [EcommerceCommon] [restartedMain] o.s.b.w.embedded.tomcat.TomcatWebServer  : Tomcat started on port 8080 (http) with context path '/admin'
2025-05-01T21:01:18.352+05:45  INFO 897085 --- [EcommerceCommon] [restartedMain] n.c.j.e.a.EcommerceBackendApplication    : Started EcommerceBackendApplication in 0.925 seconds (process running for 725.335)
2025-05-01T21:01:18.353+05:45  INFO 897085 --- [EcommerceCommon] [restartedMain] .ConditionEvaluationDeltaLoggingListener : Condition evaluation unchanged
2025-05-01T21:01:20.743+05:45  INFO 897085 --- [EcommerceCommon] [File Watcher] rtingClassPathChangeChangedEventListener : Restarting due to 1 class path change (0 additions, 0 deletions, 1 modification)
2025-05-01T21:01:20.747+05:45  INFO 897085 --- [EcommerceCommon] [Thread-62] j.LocalContainerEntityManagerFactoryBean : Closing JPA EntityManagerFactory for persistence unit 'default'
2025-05-01T21:01:20.748+05:45  INFO 897085 --- [EcommerceCommon] [Thread-62] com.zaxxer.hikari.HikariDataSource       : HikariPool-16 - Shutdown initiated...
2025-05-01T21:01:20.749+05:45  INFO 897085 --- [EcommerceCommon] [Thread-62] com.zaxxer.hikari.HikariDataSource       : HikariPool-16 - Shutdown completed.
2025-05-01T21:01:20.825+05:45  INFO 897085 --- [EcommerceCommon] [restartedMain] n.c.j.e.a.EcommerceBackendApplication    : Starting EcommerceBackendApplication using Java 21.0.7 with PID 897085 (/home/jp/Documents/eclipse-workspace/EcommerceProject/EcommerceWebParent/EcommerceBackend/target/classes started by jp in /home/jp/Documents/eclipse-workspace/EcommerceProject)
2025-05-01T21:01:20.826+05:45  INFO 897085 --- [EcommerceCommon] [restartedMain] n.c.j.e.a.EcommerceBackendApplication    : No active profile set, falling back to 1 default profile: "default"
2025-05-01T21:01:20.956+05:45  INFO 897085 --- [EcommerceCommon] [restartedMain] .s.d.r.c.RepositoryConfigurationDelegate : Bootstrapping Spring Data JPA repositories in DEFAULT mode.
2025-05-01T21:01:20.966+05:45  INFO 897085 --- [EcommerceCommon] [restartedMain] .s.d.r.c.RepositoryConfigurationDelegate : Finished Spring Data repository scanning in 9 ms. Found 2 JPA repository interfaces.
2025-05-01T21:01:21.082+05:45  INFO 897085 --- [EcommerceCommon] [restartedMain] o.s.b.w.embedded.tomcat.TomcatWebServer  : Tomcat initialized with port 8080 (http)
2025-05-01T21:01:21.083+05:45  INFO 897085 --- [EcommerceCommon] [restartedMain] o.apache.catalina.core.StandardService   : Starting service [Tomcat]
2025-05-01T21:01:21.083+05:45  INFO 897085 --- [EcommerceCommon] [restartedMain] o.apache.catalina.core.StandardEngine    : Starting Servlet engine: [Apache Tomcat/10.1.40]
2025-05-01T21:01:21.092+05:45  INFO 897085 --- [EcommerceCommon] [restartedMain] o.a.c.c.C.[.[localhost].[/admin]         : Initializing Spring embedded WebApplicationContext
2025-05-01T21:01:21.092+05:45  INFO 897085 --- [EcommerceCommon] [restartedMain] w.s.c.ServletWebServerApplicationContext : Root WebApplicationContext: initialization completed in 265 ms
2025-05-01T21:01:21.130+05:45  INFO 897085 --- [EcommerceCommon] [restartedMain] o.hibernate.jpa.internal.util.LogHelper  : HHH000204: Processing PersistenceUnitInfo [name: default]
2025-05-01T21:01:21.131+05:45  INFO 897085 --- [EcommerceCommon] [restartedMain] o.h.c.internal.RegionFactoryInitiator    : HHH000026: Second-level cache disabled
2025-05-01T21:01:21.138+05:45  INFO 897085 --- [EcommerceCommon] [restartedMain] o.s.o.j.p.SpringPersistenceUnitInfo      : No LoadTimeWeaver setup: ignoring JPA class transformer
2025-05-01T21:01:21.138+05:45  INFO 897085 --- [EcommerceCommon] [restartedMain] com.zaxxer.hikari.HikariDataSource       : HikariPool-17 - Starting...
2025-05-01T21:01:21.159+05:45  INFO 897085 --- [EcommerceCommon] [restartedMain] com.zaxxer.hikari.pool.HikariPool        : HikariPool-17 - Added connection org.postgresql.jdbc.PgConnection@19db3c6f
2025-05-01T21:01:21.160+05:45  INFO 897085 --- [EcommerceCommon] [restartedMain] com.zaxxer.hikari.HikariDataSource       : HikariPool-17 - Start completed.
2025-05-01T21:01:21.162+05:45  WARN 897085 --- [EcommerceCommon] [restartedMain] org.hibernate.orm.deprecation            : HHH90000025: PostgreSQLDialect does not need to be specified explicitly using 'hibernate.dialect' (remove the property setting and it will be selected by default)
2025-05-01T21:01:21.202+05:45  INFO 897085 --- [EcommerceCommon] [restartedMain] o.h.e.t.j.p.i.JtaPlatformInitiator       : HHH000489: No JTA platform available (set 'hibernate.transaction.jta.platform' to enable JTA platform integration)
2025-05-01T21:01:21.373+05:45  INFO 897085 --- [EcommerceCommon] [restartedMain] j.LocalContainerEntityManagerFactoryBean : Initialized JPA EntityManagerFactory for persistence unit 'default'
2025-05-01T21:01:21.455+05:45  WARN 897085 --- [EcommerceCommon] [restartedMain] JpaBaseConfiguration$JpaWebConfiguration : spring.jpa.open-in-view is enabled by default. Therefore, database queries may be performed during view rendering. Explicitly configure spring.jpa.open-in-view to disable this warning
2025-05-01T21:01:21.463+05:45  INFO 897085 --- [EcommerceCommon] [restartedMain] o.s.b.a.w.s.WelcomePageHandlerMapping    : Adding welcome page template: index
2025-05-01T21:01:21.648+05:45  INFO 897085 --- [EcommerceCommon] [restartedMain] o.s.b.d.a.OptionalLiveReloadServer       : LiveReload server is running on port 35729
2025-05-01T21:01:21.660+05:45  INFO 897085 --- [EcommerceCommon] [restartedMain] o.s.b.w.embedded.tomcat.TomcatWebServer  : Tomcat started on port 8080 (http) with context path '/admin'
2025-05-01T21:01:21.663+05:45  INFO 897085 --- [EcommerceCommon] [restartedMain] n.c.j.e.a.EcommerceBackendApplication    : Started EcommerceBackendApplication in 0.862 seconds (process running for 728.646)
2025-05-01T21:01:21.664+05:45  INFO 897085 --- [EcommerceCommon] [restartedMain] .ConditionEvaluationDeltaLoggingListener : Condition evaluation unchanged
2025-05-01T21:01:29.065+05:45  INFO 897085 --- [EcommerceCommon] [File Watcher] rtingClassPathChangeChangedEventListener : Restarting due to 1 class path change (0 additions, 0 deletions, 1 modification)
2025-05-01T21:01:29.068+05:45  INFO 897085 --- [EcommerceCommon] [Thread-66] j.LocalContainerEntityManagerFactoryBean : Closing JPA EntityManagerFactory for persistence unit 'default'
2025-05-01T21:01:29.069+05:45  INFO 897085 --- [EcommerceCommon] [Thread-66] com.zaxxer.hikari.HikariDataSource       : HikariPool-17 - Shutdown initiated...
2025-05-01T21:01:29.070+05:45  INFO 897085 --- [EcommerceCommon] [Thread-66] com.zaxxer.hikari.HikariDataSource       : HikariPool-17 - Shutdown completed.
2025-05-01T21:01:29.141+05:45  INFO 897085 --- [EcommerceCommon] [restartedMain] n.c.j.e.a.EcommerceBackendApplication    : Starting EcommerceBackendApplication using Java 21.0.7 with PID 897085 (/home/jp/Documents/eclipse-workspace/EcommerceProject/EcommerceWebParent/EcommerceBackend/target/classes started by jp in /home/jp/Documents/eclipse-workspace/EcommerceProject)
2025-05-01T21:01:29.142+05:45  INFO 897085 --- [EcommerceCommon] [restartedMain] n.c.j.e.a.EcommerceBackendApplication    : No active profile set, falling back to 1 default profile: "default"
2025-05-01T21:01:29.273+05:45  INFO 897085 --- [EcommerceCommon] [restartedMain] .s.d.r.c.RepositoryConfigurationDelegate : Bootstrapping Spring Data JPA repositories in DEFAULT mode.
2025-05-01T21:01:29.280+05:45  INFO 897085 --- [EcommerceCommon] [restartedMain] .s.d.r.c.RepositoryConfigurationDelegate : Finished Spring Data repository scanning in 6 ms. Found 2 JPA repository interfaces.
2025-05-01T21:01:29.362+05:45  INFO 897085 --- [EcommerceCommon] [restartedMain] o.s.b.w.embedded.tomcat.TomcatWebServer  : Tomcat initialized with port 8080 (http)
2025-05-01T21:01:29.363+05:45  INFO 897085 --- [EcommerceCommon] [restartedMain] o.apache.catalina.core.StandardService   : Starting service [Tomcat]
2025-05-01T21:01:29.364+05:45  INFO 897085 --- [EcommerceCommon] [restartedMain] o.apache.catalina.core.StandardEngine    : Starting Servlet engine: [Apache Tomcat/10.1.40]
2025-05-01T21:01:29.372+05:45  INFO 897085 --- [EcommerceCommon] [restartedMain] o.a.c.c.C.[.[localhost].[/admin]         : Initializing Spring embedded WebApplicationContext
2025-05-01T21:01:29.372+05:45  INFO 897085 --- [EcommerceCommon] [restartedMain] w.s.c.ServletWebServerApplicationContext : Root WebApplicationContext: initialization completed in 229 ms
2025-05-01T21:01:29.415+05:45  INFO 897085 --- [EcommerceCommon] [restartedMain] o.hibernate.jpa.internal.util.LogHelper  : HHH000204: Processing PersistenceUnitInfo [name: default]
2025-05-01T21:01:29.417+05:45  INFO 897085 --- [EcommerceCommon] [restartedMain] o.h.c.internal.RegionFactoryInitiator    : HHH000026: Second-level cache disabled
2025-05-01T21:01:29.425+05:45  INFO 897085 --- [EcommerceCommon] [restartedMain] o.s.o.j.p.SpringPersistenceUnitInfo      : No LoadTimeWeaver setup: ignoring JPA class transformer
2025-05-01T21:01:29.426+05:45  INFO 897085 --- [EcommerceCommon] [restartedMain] com.zaxxer.hikari.HikariDataSource       : HikariPool-18 - Starting...
2025-05-01T21:01:29.455+05:45  INFO 897085 --- [EcommerceCommon] [restartedMain] com.zaxxer.hikari.pool.HikariPool        : HikariPool-18 - Added connection org.postgresql.jdbc.PgConnection@7cdb2e49
2025-05-01T21:01:29.456+05:45  INFO 897085 --- [EcommerceCommon] [restartedMain] com.zaxxer.hikari.HikariDataSource       : HikariPool-18 - Start completed.
2025-05-01T21:01:29.458+05:45  WARN 897085 --- [EcommerceCommon] [restartedMain] org.hibernate.orm.deprecation            : HHH90000025: PostgreSQLDialect does not need to be specified explicitly using 'hibernate.dialect' (remove the property setting and it will be selected by default)
2025-05-01T21:01:29.505+05:45  INFO 897085 --- [EcommerceCommon] [restartedMain] o.h.e.t.j.p.i.JtaPlatformInitiator       : HHH000489: No JTA platform available (set 'hibernate.transaction.jta.platform' to enable JTA platform integration)
2025-05-01T21:01:29.647+05:45  INFO 897085 --- [EcommerceCommon] [restartedMain] j.LocalContainerEntityManagerFactoryBean : Initialized JPA EntityManagerFactory for persistence unit 'default'
2025-05-01T21:01:29.716+05:45  WARN 897085 --- [EcommerceCommon] [restartedMain] JpaBaseConfiguration$JpaWebConfiguration : spring.jpa.open-in-view is enabled by default. Therefore, database queries may be performed during view rendering. Explicitly configure spring.jpa.open-in-view to disable this warning
2025-05-01T21:01:29.723+05:45  INFO 897085 --- [EcommerceCommon] [restartedMain] o.s.b.a.w.s.WelcomePageHandlerMapping    : Adding welcome page template: index
2025-05-01T21:01:29.917+05:45  INFO 897085 --- [EcommerceCommon] [restartedMain] o.s.b.d.a.OptionalLiveReloadServer       : LiveReload server is running on port 35729
2025-05-01T21:01:29.932+05:45  INFO 897085 --- [EcommerceCommon] [restartedMain] o.s.b.w.embedded.tomcat.TomcatWebServer  : Tomcat started on port 8080 (http) with context path '/admin'
2025-05-01T21:01:29.935+05:45  INFO 897085 --- [EcommerceCommon] [restartedMain] n.c.j.e.a.EcommerceBackendApplication    : Started EcommerceBackendApplication in 0.815 seconds (process running for 736.918)
2025-05-01T21:01:29.936+05:45  INFO 897085 --- [EcommerceCommon] [restartedMain] .ConditionEvaluationDeltaLoggingListener : Condition evaluation unchanged
2025-05-01T21:01:30.389+05:45  INFO 897085 --- [EcommerceCommon] [http-nio-8080-exec-1] o.a.c.c.C.[.[localhost].[/admin]         : Initializing Spring DispatcherServlet 'dispatcherServlet'
2025-05-01T21:01:30.389+05:45  INFO 897085 --- [EcommerceCommon] [http-nio-8080-exec-1] o.s.web.servlet.DispatcherServlet        : Initializing Servlet 'dispatcherServlet'
2025-05-01T21:01:30.391+05:45  INFO 897085 --- [EcommerceCommon] [http-nio-8080-exec-1] o.s.web.servlet.DispatcherServlet        : Completed initialization in 2 ms
2025-05-01T21:01:45.993+05:45  INFO 897085 --- [EcommerceCommon] [http-nio-8080-exec-1] n.c.j.e.admin.user.UserController        : saved user: User{id=6, email='dsfdsfsd@dfdsf.com', password='dsfdsfdsfdsf', firstName='dfdsfdsfdsf', lastName='sdfdsfdsf', photos='null', enabled=true, roles=[ROLE_ADMIN, ROLE_SALESPERSON, ROLE_EDITOR]}
2025-05-01T22:06:43.793+05:45  INFO 897085 --- [EcommerceCommon] [File Watcher] rtingClassPathChangeChangedEventListener : Restarting due to 1 class path change (0 additions, 0 deletions, 1 modification)
2025-05-01T22:06:43.798+05:45  INFO 897085 --- [EcommerceCommon] [Thread-70] j.LocalContainerEntityManagerFactoryBean : Closing JPA EntityManagerFactory for persistence unit 'default'
2025-05-01T22:06:43.798+05:45  INFO 897085 --- [EcommerceCommon] [Thread-70] com.zaxxer.hikari.HikariDataSource       : HikariPool-18 - Shutdown initiated...
2025-05-01T22:06:43.800+05:45  INFO 897085 --- [EcommerceCommon] [Thread-70] com.zaxxer.hikari.HikariDataSource       : HikariPool-18 - Shutdown completed.
2025-05-01T22:06:43.914+05:45  INFO 897085 --- [EcommerceCommon] [restartedMain] n.c.j.e.a.EcommerceBackendApplication    : Starting EcommerceBackendApplication using Java 21.0.7 with PID 897085 (/home/jp/Documents/eclipse-workspace/EcommerceProject/EcommerceWebParent/EcommerceBackend/target/classes started by jp in /home/jp/Documents/eclipse-workspace/EcommerceProject)
2025-05-01T22:06:43.914+05:45  INFO 897085 --- [EcommerceCommon] [restartedMain] n.c.j.e.a.EcommerceBackendApplication    : No active profile set, falling back to 1 default profile: "default"
2025-05-01T22:06:44.126+05:45  INFO 897085 --- [EcommerceCommon] [restartedMain] .s.d.r.c.RepositoryConfigurationDelegate : Bootstrapping Spring Data JPA repositories in DEFAULT mode.
2025-05-01T22:06:44.135+05:45  INFO 897085 --- [EcommerceCommon] [restartedMain] .s.d.r.c.RepositoryConfigurationDelegate : Finished Spring Data repository scanning in 8 ms. Found 2 JPA repository interfaces.
2025-05-01T22:06:44.268+05:45  INFO 897085 --- [EcommerceCommon] [restartedMain] o.s.b.w.embedded.tomcat.TomcatWebServer  : Tomcat initialized with port 8080 (http)
2025-05-01T22:06:44.270+05:45  INFO 897085 --- [EcommerceCommon] [restartedMain] o.apache.catalina.core.StandardService   : Starting service [Tomcat]
2025-05-01T22:06:44.270+05:45  INFO 897085 --- [EcommerceCommon] [restartedMain] o.apache.catalina.core.StandardEngine    : Starting Servlet engine: [Apache Tomcat/10.1.40]
2025-05-01T22:06:44.281+05:45  INFO 897085 --- [EcommerceCommon] [restartedMain] o.a.c.c.C.[.[localhost].[/admin]         : Initializing Spring embedded WebApplicationContext
2025-05-01T22:06:44.281+05:45  INFO 897085 --- [EcommerceCommon] [restartedMain] w.s.c.ServletWebServerApplicationContext : Root WebApplicationContext: initialization completed in 364 ms
2025-05-01T22:06:44.347+05:45  INFO 897085 --- [EcommerceCommon] [restartedMain] o.hibernate.jpa.internal.util.LogHelper  : HHH000204: Processing PersistenceUnitInfo [name: default]
2025-05-01T22:06:44.357+05:45  INFO 897085 --- [EcommerceCommon] [restartedMain] o.h.c.internal.RegionFactoryInitiator    : HHH000026: Second-level cache disabled
2025-05-01T22:06:44.400+05:45  INFO 897085 --- [EcommerceCommon] [restartedMain] o.s.o.j.p.SpringPersistenceUnitInfo      : No LoadTimeWeaver setup: ignoring JPA class transformer
2025-05-01T22:06:44.402+05:45  INFO 897085 --- [EcommerceCommon] [restartedMain] com.zaxxer.hikari.HikariDataSource       : HikariPool-19 - Starting...
2025-05-01T22:06:44.491+05:45  INFO 897085 --- [EcommerceCommon] [restartedMain] com.zaxxer.hikari.pool.HikariPool        : HikariPool-19 - Added connection org.postgresql.jdbc.PgConnection@9f65731
2025-05-01T22:06:44.491+05:45  INFO 897085 --- [EcommerceCommon] [restartedMain] com.zaxxer.hikari.HikariDataSource       : HikariPool-19 - Start completed.
2025-05-01T22:06:44.495+05:45  WARN 897085 --- [EcommerceCommon] [restartedMain] org.hibernate.orm.deprecation            : HHH90000025: PostgreSQLDialect does not need to be specified explicitly using 'hibernate.dialect' (remove the property setting and it will be selected by default)
2025-05-01T22:06:44.617+05:45  INFO 897085 --- [EcommerceCommon] [restartedMain] o.h.e.t.j.p.i.JtaPlatformInitiator       : HHH000489: No JTA platform available (set 'hibernate.transaction.jta.platform' to enable JTA platform integration)
2025-05-01T22:06:44.742+05:45  INFO 897085 --- [EcommerceCommon] [restartedMain] j.LocalContainerEntityManagerFactoryBean : Initialized JPA EntityManagerFactory for persistence unit 'default'
2025-05-01T22:06:44.842+05:45  WARN 897085 --- [EcommerceCommon] [restartedMain] JpaBaseConfiguration$JpaWebConfiguration : spring.jpa.open-in-view is enabled by default. Therefore, database queries may be performed during view rendering. Explicitly configure spring.jpa.open-in-view to disable this warning
2025-05-01T22:06:44.853+05:45  INFO 897085 --- [EcommerceCommon] [restartedMain] o.s.b.a.w.s.WelcomePageHandlerMapping    : Adding welcome page template: index
2025-05-01T22:06:45.123+05:45  INFO 897085 --- [EcommerceCommon] [restartedMain] o.s.b.d.a.OptionalLiveReloadServer       : LiveReload server is running on port 35729
2025-05-01T22:06:45.149+05:45  INFO 897085 --- [EcommerceCommon] [restartedMain] o.s.b.w.embedded.tomcat.TomcatWebServer  : Tomcat started on port 8080 (http) with context path '/admin'
2025-05-01T22:06:45.156+05:45  INFO 897085 --- [EcommerceCommon] [restartedMain] n.c.j.e.a.EcommerceBackendApplication    : Started EcommerceBackendApplication in 1.293 seconds (process running for 4652.139)
2025-05-01T22:06:45.158+05:45  INFO 897085 --- [EcommerceCommon] [restartedMain] .ConditionEvaluationDeltaLoggingListener : Condition evaluation unchanged
2025-05-01T22:06:57.547+05:45  INFO 897085 --- [EcommerceCommon] [File Watcher] rtingClassPathChangeChangedEventListener : Restarting due to 1 class path change (0 additions, 0 deletions, 1 modification)
2025-05-01T22:06:57.554+05:45  INFO 897085 --- [EcommerceCommon] [Thread-74] j.LocalContainerEntityManagerFactoryBean : Closing JPA EntityManagerFactory for persistence unit 'default'
2025-05-01T22:06:57.554+05:45  INFO 897085 --- [EcommerceCommon] [Thread-74] com.zaxxer.hikari.HikariDataSource       : HikariPool-19 - Shutdown initiated...
2025-05-01T22:06:57.556+05:45  INFO 897085 --- [EcommerceCommon] [Thread-74] com.zaxxer.hikari.HikariDataSource       : HikariPool-19 - Shutdown completed.
2025-05-01T22:06:57.641+05:45  INFO 897085 --- [EcommerceCommon] [restartedMain] n.c.j.e.a.EcommerceBackendApplication    : Starting EcommerceBackendApplication using Java 21.0.7 with PID 897085 (/home/jp/Documents/eclipse-workspace/EcommerceProject/EcommerceWebParent/EcommerceBackend/target/classes started by jp in /home/jp/Documents/eclipse-workspace/EcommerceProject)
2025-05-01T22:06:57.642+05:45  INFO 897085 --- [EcommerceCommon] [restartedMain] n.c.j.e.a.EcommerceBackendApplication    : No active profile set, falling back to 1 default profile: "default"
2025-05-01T22:06:57.791+05:45  INFO 897085 --- [EcommerceCommon] [restartedMain] .s.d.r.c.RepositoryConfigurationDelegate : Bootstrapping Spring Data JPA repositories in DEFAULT mode.
2025-05-01T22:06:57.798+05:45  INFO 897085 --- [EcommerceCommon] [restartedMain] .s.d.r.c.RepositoryConfigurationDelegate : Finished Spring Data repository scanning in 6 ms. Found 2 JPA repository interfaces.
2025-05-01T22:06:57.899+05:45  INFO 897085 --- [EcommerceCommon] [restartedMain] o.s.b.w.embedded.tomcat.TomcatWebServer  : Tomcat initialized with port 8080 (http)
2025-05-01T22:06:57.900+05:45  INFO 897085 --- [EcommerceCommon] [restartedMain] o.apache.catalina.core.StandardService   : Starting service [Tomcat]
2025-05-01T22:06:57.900+05:45  INFO 897085 --- [EcommerceCommon] [restartedMain] o.apache.catalina.core.StandardEngine    : Starting Servlet engine: [Apache Tomcat/10.1.40]
2025-05-01T22:06:57.909+05:45  INFO 897085 --- [EcommerceCommon] [restartedMain] o.a.c.c.C.[.[localhost].[/admin]         : Initializing Spring embedded WebApplicationContext
2025-05-01T22:06:57.909+05:45  INFO 897085 --- [EcommerceCommon] [restartedMain] w.s.c.ServletWebServerApplicationContext : Root WebApplicationContext: initialization completed in 265 ms
2025-05-01T22:06:57.948+05:45  INFO 897085 --- [EcommerceCommon] [restartedMain] o.hibernate.jpa.internal.util.LogHelper  : HHH000204: Processing PersistenceUnitInfo [name: default]
2025-05-01T22:06:57.951+05:45  INFO 897085 --- [EcommerceCommon] [restartedMain] o.h.c.internal.RegionFactoryInitiator    : HHH000026: Second-level cache disabled
2025-05-01T22:06:57.958+05:45  INFO 897085 --- [EcommerceCommon] [restartedMain] o.s.o.j.p.SpringPersistenceUnitInfo      : No LoadTimeWeaver setup: ignoring JPA class transformer
2025-05-01T22:06:57.959+05:45  INFO 897085 --- [EcommerceCommon] [restartedMain] com.zaxxer.hikari.HikariDataSource       : HikariPool-20 - Starting...
2025-05-01T22:06:57.980+05:45  INFO 897085 --- [EcommerceCommon] [restartedMain] com.zaxxer.hikari.pool.HikariPool        : HikariPool-20 - Added connection org.postgresql.jdbc.PgConnection@1cb8e3d2
2025-05-01T22:06:57.980+05:45  INFO 897085 --- [EcommerceCommon] [restartedMain] com.zaxxer.hikari.HikariDataSource       : HikariPool-20 - Start completed.
2025-05-01T22:06:57.983+05:45  WARN 897085 --- [EcommerceCommon] [restartedMain] org.hibernate.orm.deprecation            : HHH90000025: PostgreSQLDialect does not need to be specified explicitly using 'hibernate.dialect' (remove the property setting and it will be selected by default)
2025-05-01T22:06:58.055+05:45  INFO 897085 --- [EcommerceCommon] [restartedMain] o.h.e.t.j.p.i.JtaPlatformInitiator       : HHH000489: No JTA platform available (set 'hibernate.transaction.jta.platform' to enable JTA platform integration)
2025-05-01T22:06:58.176+05:45  INFO 897085 --- [EcommerceCommon] [restartedMain] j.LocalContainerEntityManagerFactoryBean : Initialized JPA EntityManagerFactory for persistence unit 'default'
2025-05-01T22:06:58.248+05:45  WARN 897085 --- [EcommerceCommon] [restartedMain] JpaBaseConfiguration$JpaWebConfiguration : spring.jpa.open-in-view is enabled by default. Therefore, database queries may be performed during view rendering. Explicitly configure spring.jpa.open-in-view to disable this warning
2025-05-01T22:06:58.256+05:45  INFO 897085 --- [EcommerceCommon] [restartedMain] o.s.b.a.w.s.WelcomePageHandlerMapping    : Adding welcome page template: index
2025-05-01T22:06:58.450+05:45  INFO 897085 --- [EcommerceCommon] [restartedMain] o.s.b.d.a.OptionalLiveReloadServer       : LiveReload server is running on port 35729
2025-05-01T22:06:58.464+05:45  INFO 897085 --- [EcommerceCommon] [restartedMain] o.s.b.w.embedded.tomcat.TomcatWebServer  : Tomcat started on port 8080 (http) with context path '/admin'
2025-05-01T22:06:58.467+05:45  INFO 897085 --- [EcommerceCommon] [restartedMain] n.c.j.e.a.EcommerceBackendApplication    : Started EcommerceBackendApplication in 0.86 seconds (process running for 4665.451)
2025-05-01T22:06:58.469+05:45  INFO 897085 --- [EcommerceCommon] [restartedMain] .ConditionEvaluationDeltaLoggingListener : Condition evaluation unchanged
2025-05-01T22:07:08.874+05:45  INFO 897085 --- [EcommerceCommon] [File Watcher] rtingClassPathChangeChangedEventListener : Restarting due to 1 class path change (0 additions, 0 deletions, 1 modification)
2025-05-01T22:07:08.877+05:45  INFO 897085 --- [EcommerceCommon] [Thread-78] j.LocalContainerEntityManagerFactoryBean : Closing JPA EntityManagerFactory for persistence unit 'default'
2025-05-01T22:07:08.878+05:45  INFO 897085 --- [EcommerceCommon] [Thread-78] com.zaxxer.hikari.HikariDataSource       : HikariPool-20 - Shutdown initiated...
2025-05-01T22:07:08.879+05:45  INFO 897085 --- [EcommerceCommon] [Thread-78] com.zaxxer.hikari.HikariDataSource       : HikariPool-20 - Shutdown completed.
2025-05-01T22:07:08.959+05:45  INFO 897085 --- [EcommerceCommon] [restartedMain] n.c.j.e.a.EcommerceBackendApplication    : Starting EcommerceBackendApplication using Java 21.0.7 with PID 897085 (/home/jp/Documents/eclipse-workspace/EcommerceProject/EcommerceWebParent/EcommerceBackend/target/classes started by jp in /home/jp/Documents/eclipse-workspace/EcommerceProject)
2025-05-01T22:07:08.960+05:45  INFO 897085 --- [EcommerceCommon] [restartedMain] n.c.j.e.a.EcommerceBackendApplication    : No active profile set, falling back to 1 default profile: "default"
2025-05-01T22:07:09.139+05:45  INFO 897085 --- [EcommerceCommon] [restartedMain] .s.d.r.c.RepositoryConfigurationDelegate : Bootstrapping Spring Data JPA repositories in DEFAULT mode.
2025-05-01T22:07:09.151+05:45  INFO 897085 --- [EcommerceCommon] [restartedMain] .s.d.r.c.RepositoryConfigurationDelegate : Finished Spring Data repository scanning in 11 ms. Found 2 JPA repository interfaces.
2025-05-01T22:07:09.244+05:45  INFO 897085 --- [EcommerceCommon] [restartedMain] o.s.b.w.embedded.tomcat.TomcatWebServer  : Tomcat initialized with port 8080 (http)
2025-05-01T22:07:09.244+05:45  INFO 897085 --- [EcommerceCommon] [restartedMain] o.apache.catalina.core.StandardService   : Starting service [Tomcat]
2025-05-01T22:07:09.245+05:45  INFO 897085 --- [EcommerceCommon] [restartedMain] o.apache.catalina.core.StandardEngine    : Starting Servlet engine: [Apache Tomcat/10.1.40]
2025-05-01T22:07:09.253+05:45  INFO 897085 --- [EcommerceCommon] [restartedMain] o.a.c.c.C.[.[localhost].[/admin]         : Initializing Spring embedded WebApplicationContext
2025-05-01T22:07:09.254+05:45  INFO 897085 --- [EcommerceCommon] [restartedMain] w.s.c.ServletWebServerApplicationContext : Root WebApplicationContext: initialization completed in 292 ms
2025-05-01T22:07:09.309+05:45  INFO 897085 --- [EcommerceCommon] [restartedMain] o.hibernate.jpa.internal.util.LogHelper  : HHH000204: Processing PersistenceUnitInfo [name: default]
2025-05-01T22:07:09.312+05:45  INFO 897085 --- [EcommerceCommon] [restartedMain] o.h.c.internal.RegionFactoryInitiator    : HHH000026: Second-level cache disabled
2025-05-01T22:07:09.323+05:45  INFO 897085 --- [EcommerceCommon] [restartedMain] o.s.o.j.p.SpringPersistenceUnitInfo      : No LoadTimeWeaver setup: ignoring JPA class transformer
2025-05-01T22:07:09.324+05:45  INFO 897085 --- [EcommerceCommon] [restartedMain] com.zaxxer.hikari.HikariDataSource       : HikariPool-21 - Starting...
2025-05-01T22:07:09.351+05:45  INFO 897085 --- [EcommerceCommon] [restartedMain] com.zaxxer.hikari.pool.HikariPool        : HikariPool-21 - Added connection org.postgresql.jdbc.PgConnection@21389b30
2025-05-01T22:07:09.351+05:45  INFO 897085 --- [EcommerceCommon] [restartedMain] com.zaxxer.hikari.HikariDataSource       : HikariPool-21 - Start completed.
2025-05-01T22:07:09.354+05:45  WARN 897085 --- [EcommerceCommon] [restartedMain] org.hibernate.orm.deprecation            : HHH90000025: PostgreSQLDialect does not need to be specified explicitly using 'hibernate.dialect' (remove the property setting and it will be selected by default)
2025-05-01T22:07:09.407+05:45  INFO 897085 --- [EcommerceCommon] [restartedMain] o.h.e.t.j.p.i.JtaPlatformInitiator       : HHH000489: No JTA platform available (set 'hibernate.transaction.jta.platform' to enable JTA platform integration)
2025-05-01T22:07:09.531+05:45  INFO 897085 --- [EcommerceCommon] [restartedMain] j.LocalContainerEntityManagerFactoryBean : Initialized JPA EntityManagerFactory for persistence unit 'default'
2025-05-01T22:07:09.601+05:45  WARN 897085 --- [EcommerceCommon] [restartedMain] JpaBaseConfiguration$JpaWebConfiguration : spring.jpa.open-in-view is enabled by default. Therefore, database queries may be performed during view rendering. Explicitly configure spring.jpa.open-in-view to disable this warning
2025-05-01T22:07:09.612+05:45  INFO 897085 --- [EcommerceCommon] [restartedMain] o.s.b.a.w.s.WelcomePageHandlerMapping    : Adding welcome page template: index
2025-05-01T22:07:09.804+05:45  INFO 897085 --- [EcommerceCommon] [restartedMain] o.s.b.d.a.OptionalLiveReloadServer       : LiveReload server is running on port 35729
2025-05-01T22:07:09.816+05:45  INFO 897085 --- [EcommerceCommon] [restartedMain] o.s.b.w.embedded.tomcat.TomcatWebServer  : Tomcat started on port 8080 (http) with context path '/admin'
2025-05-01T22:07:09.820+05:45  INFO 897085 --- [EcommerceCommon] [restartedMain] n.c.j.e.a.EcommerceBackendApplication    : Started EcommerceBackendApplication in 0.888 seconds (process running for 4676.803)
2025-05-01T22:07:09.821+05:45  INFO 897085 --- [EcommerceCommon] [restartedMain] .ConditionEvaluationDeltaLoggingListener : Condition evaluation unchanged
2025-05-01T22:07:31.244+05:45  INFO 897085 --- [EcommerceCommon] [File Watcher] rtingClassPathChangeChangedEventListener : Restarting due to 1 class path change (0 additions, 0 deletions, 1 modification)
2025-05-01T22:07:31.249+05:45  INFO 897085 --- [EcommerceCommon] [Thread-82] j.LocalContainerEntityManagerFactoryBean : Closing JPA EntityManagerFactory for persistence unit 'default'
2025-05-01T22:07:31.249+05:45  INFO 897085 --- [EcommerceCommon] [Thread-82] com.zaxxer.hikari.HikariDataSource       : HikariPool-21 - Shutdown initiated...
2025-05-01T22:07:31.250+05:45  INFO 897085 --- [EcommerceCommon] [Thread-82] com.zaxxer.hikari.HikariDataSource       : HikariPool-21 - Shutdown completed.
2025-05-01T22:07:31.325+05:45  INFO 897085 --- [EcommerceCommon] [restartedMain] n.c.j.e.a.EcommerceBackendApplication    : Starting EcommerceBackendApplication using Java 21.0.7 with PID 897085 (/home/jp/Documents/eclipse-workspace/EcommerceProject/EcommerceWebParent/EcommerceBackend/target/classes started by jp in /home/jp/Documents/eclipse-workspace/EcommerceProject)
2025-05-01T22:07:31.326+05:45  INFO 897085 --- [EcommerceCommon] [restartedMain] n.c.j.e.a.EcommerceBackendApplication    : No active profile set, falling back to 1 default profile: "default"
2025-05-01T22:07:31.452+05:45  INFO 897085 --- [EcommerceCommon] [restartedMain] .s.d.r.c.RepositoryConfigurationDelegate : Bootstrapping Spring Data JPA repositories in DEFAULT mode.
2025-05-01T22:07:31.460+05:45  INFO 897085 --- [EcommerceCommon] [restartedMain] .s.d.r.c.RepositoryConfigurationDelegate : Finished Spring Data repository scanning in 6 ms. Found 2 JPA repository interfaces.
2025-05-01T22:07:31.543+05:45  INFO 897085 --- [EcommerceCommon] [restartedMain] o.s.b.w.embedded.tomcat.TomcatWebServer  : Tomcat initialized with port 8080 (http)
2025-05-01T22:07:31.544+05:45  INFO 897085 --- [EcommerceCommon] [restartedMain] o.apache.catalina.core.StandardService   : Starting service [Tomcat]
2025-05-01T22:07:31.544+05:45  INFO 897085 --- [EcommerceCommon] [restartedMain] o.apache.catalina.core.StandardEngine    : Starting Servlet engine: [Apache Tomcat/10.1.40]
2025-05-01T22:07:31.554+05:45  INFO 897085 --- [EcommerceCommon] [restartedMain] o.a.c.c.C.[.[localhost].[/admin]         : Initializing Spring embedded WebApplicationContext
2025-05-01T22:07:31.554+05:45  INFO 897085 --- [EcommerceCommon] [restartedMain] w.s.c.ServletWebServerApplicationContext : Root WebApplicationContext: initialization completed in 227 ms
2025-05-01T22:07:31.592+05:45  INFO 897085 --- [EcommerceCommon] [restartedMain] o.hibernate.jpa.internal.util.LogHelper  : HHH000204: Processing PersistenceUnitInfo [name: default]
2025-05-01T22:07:31.593+05:45  INFO 897085 --- [EcommerceCommon] [restartedMain] o.h.c.internal.RegionFactoryInitiator    : HHH000026: Second-level cache disabled
2025-05-01T22:07:31.601+05:45  INFO 897085 --- [EcommerceCommon] [restartedMain] o.s.o.j.p.SpringPersistenceUnitInfo      : No LoadTimeWeaver setup: ignoring JPA class transformer
2025-05-01T22:07:31.602+05:45  INFO 897085 --- [EcommerceCommon] [restartedMain] com.zaxxer.hikari.HikariDataSource       : HikariPool-22 - Starting...
2025-05-01T22:07:31.687+05:45  INFO 897085 --- [EcommerceCommon] [restartedMain] com.zaxxer.hikari.pool.HikariPool        : HikariPool-22 - Added connection org.postgresql.jdbc.PgConnection@3645f7c3
2025-05-01T22:07:31.688+05:45  INFO 897085 --- [EcommerceCommon] [restartedMain] com.zaxxer.hikari.HikariDataSource       : HikariPool-22 - Start completed.
2025-05-01T22:07:31.691+05:45  WARN 897085 --- [EcommerceCommon] [restartedMain] org.hibernate.orm.deprecation            : HHH90000025: PostgreSQLDialect does not need to be specified explicitly using 'hibernate.dialect' (remove the property setting and it will be selected by default)
2025-05-01T22:07:31.755+05:45  INFO 897085 --- [EcommerceCommon] [restartedMain] o.h.e.t.j.p.i.JtaPlatformInitiator       : HHH000489: No JTA platform available (set 'hibernate.transaction.jta.platform' to enable JTA platform integration)
2025-05-01T22:07:31.884+05:45  INFO 897085 --- [EcommerceCommon] [restartedMain] j.LocalContainerEntityManagerFactoryBean : Initialized JPA EntityManagerFactory for persistence unit 'default'
2025-05-01T22:07:31.949+05:45  WARN 897085 --- [EcommerceCommon] [restartedMain] JpaBaseConfiguration$JpaWebConfiguration : spring.jpa.open-in-view is enabled by default. Therefore, database queries may be performed during view rendering. Explicitly configure spring.jpa.open-in-view to disable this warning
2025-05-01T22:07:31.958+05:45  INFO 897085 --- [EcommerceCommon] [restartedMain] o.s.b.a.w.s.WelcomePageHandlerMapping    : Adding welcome page template: index
2025-05-01T22:07:32.143+05:45  INFO 897085 --- [EcommerceCommon] [restartedMain] o.s.b.d.a.OptionalLiveReloadServer       : LiveReload server is running on port 35729
2025-05-01T22:07:32.158+05:45  INFO 897085 --- [EcommerceCommon] [restartedMain] o.s.b.w.embedded.tomcat.TomcatWebServer  : Tomcat started on port 8080 (http) with context path '/admin'
2025-05-01T22:07:32.161+05:45  INFO 897085 --- [EcommerceCommon] [restartedMain] n.c.j.e.a.EcommerceBackendApplication    : Started EcommerceBackendApplication in 0.86 seconds (process running for 4699.144)
2025-05-01T22:07:32.162+05:45  INFO 897085 --- [EcommerceCommon] [restartedMain] .ConditionEvaluationDeltaLoggingListener : Condition evaluation unchanged
2025-05-01T22:09:12.587+05:45  INFO 897085 --- [EcommerceCommon] [http-nio-8080-exec-1] o.a.c.c.C.[.[localhost].[/admin]         : Initializing Spring DispatcherServlet 'dispatcherServlet'
2025-05-01T22:09:12.587+05:45  INFO 897085 --- [EcommerceCommon] [http-nio-8080-exec-1] o.s.web.servlet.DispatcherServlet        : Initializing Servlet 'dispatcherServlet'
2025-05-01T22:09:12.588+05:45  INFO 897085 --- [EcommerceCommon] [http-nio-8080-exec-1] o.s.web.servlet.DispatcherServlet        : Completed initialization in 1 ms
2025-05-01T22:09:45.959+05:45  INFO 897085 --- [EcommerceCommon] [http-nio-8080-exec-8] n.c.j.e.admin.user.UserController        : saved user: User{id=7, email='ram@shyam.hari', password='12345678', firstName='ram hari', lastName='hari ram', photos='null', enabled=false, roles=[ROLE_SALESPERSON]}
2025-05-01T22:09:46.026+05:45 ERROR 897085 --- [EcommerceCommon] [http-nio-8080-exec-9] org.thymeleaf.TemplateEngine             : [THYMELEAF][http-nio-8080-exec-9] Exception processing template "users": An error happened during template parsing (template: "class path resource [templates/users.html]")

org.thymeleaf.exceptions.TemplateInputException: An error happened during template parsing (template: "class path resource [templates/users.html]")
	at org.thymeleaf.templateparser.markup.AbstractMarkupTemplateParser.parse(AbstractMarkupTemplateParser.java:241) ~[thymeleaf-3.1.3.RELEASE.jar:3.1.3.RELEASE]
	at org.thymeleaf.templateparser.markup.AbstractMarkupTemplateParser.parseStandalone(AbstractMarkupTemplateParser.java:100) ~[thymeleaf-3.1.3.RELEASE.jar:3.1.3.RELEASE]
	at org.thymeleaf.engine.TemplateManager.parseAndProcess(TemplateManager.java:666) ~[thymeleaf-3.1.3.RELEASE.jar:3.1.3.RELEASE]
	at org.thymeleaf.TemplateEngine.process(TemplateEngine.java:1103) ~[thymeleaf-3.1.3.RELEASE.jar:3.1.3.RELEASE]
	at org.thymeleaf.TemplateEngine.process(TemplateEngine.java:1077) ~[thymeleaf-3.1.3.RELEASE.jar:3.1.3.RELEASE]
	at org.thymeleaf.spring6.view.ThymeleafView.renderFragment(ThymeleafView.java:372) ~[thymeleaf-spring6-3.1.3.RELEASE.jar:3.1.3.RELEASE]
	at org.thymeleaf.spring6.view.ThymeleafView.render(ThymeleafView.java:192) ~[thymeleaf-spring6-3.1.3.RELEASE.jar:3.1.3.RELEASE]
	at org.springframework.web.servlet.DispatcherServlet.render(DispatcherServlet.java:1432) ~[spring-webmvc-6.1.19.jar:6.1.19]
	at org.springframework.web.servlet.DispatcherServlet.processDispatchResult(DispatcherServlet.java:1168) ~[spring-webmvc-6.1.19.jar:6.1.19]
	at org.springframework.web.servlet.DispatcherServlet.doDispatch(DispatcherServlet.java:1106) ~[spring-webmvc-6.1.19.jar:6.1.19]
	at org.springframework.web.servlet.DispatcherServlet.doService(DispatcherServlet.java:979) ~[spring-webmvc-6.1.19.jar:6.1.19]
	at org.springframework.web.servlet.FrameworkServlet.processRequest(FrameworkServlet.java:1014) ~[spring-webmvc-6.1.19.jar:6.1.19]
	at org.springframework.web.servlet.FrameworkServlet.doGet(FrameworkServlet.java:903) ~[spring-webmvc-6.1.19.jar:6.1.19]
	at jakarta.servlet.http.HttpServlet.service(HttpServlet.java:564) ~[tomcat-embed-core-10.1.40.jar:6.0]
	at org.springframework.web.servlet.FrameworkServlet.service(FrameworkServlet.java:885) ~[spring-webmvc-6.1.19.jar:6.1.19]
	at jakarta.servlet.http.HttpServlet.service(HttpServlet.java:658) ~[tomcat-embed-core-10.1.40.jar:6.0]
	at org.apache.catalina.core.ApplicationFilterChain.internalDoFilter(ApplicationFilterChain.java:195) ~[tomcat-embed-core-10.1.40.jar:10.1.40]
	at org.apache.catalina.core.ApplicationFilterChain.doFilter(ApplicationFilterChain.java:140) ~[tomcat-embed-core-10.1.40.jar:10.1.40]
	at org.apache.tomcat.websocket.server.WsFilter.doFilter(WsFilter.java:51) ~[tomcat-embed-websocket-10.1.40.jar:10.1.40]
	at org.apache.catalina.core.ApplicationFilterChain.internalDoFilter(ApplicationFilterChain.java:164) ~[tomcat-embed-core-10.1.40.jar:10.1.40]
	at org.apache.catalina.core.ApplicationFilterChain.doFilter(ApplicationFilterChain.java:140) ~[tomcat-embed-core-10.1.40.jar:10.1.40]
	at org.springframework.web.servlet.resource.ResourceUrlEncodingFilter.doFilter(ResourceUrlEncodingFilter.java:66) ~[spring-webmvc-6.1.19.jar:6.1.19]
	at org.apache.catalina.core.ApplicationFilterChain.internalDoFilter(ApplicationFilterChain.java:164) ~[tomcat-embed-core-10.1.40.jar:10.1.40]
	at org.apache.catalina.core.ApplicationFilterChain.doFilter(ApplicationFilterChain.java:140) ~[tomcat-embed-core-10.1.40.jar:10.1.40]
	at org.springframework.web.filter.RequestContextFilter.doFilterInternal(RequestContextFilter.java:100) ~[spring-web-6.1.19.jar:6.1.19]
	at org.springframework.web.filter.OncePerRequestFilter.doFilter(OncePerRequestFilter.java:116) ~[spring-web-6.1.19.jar:6.1.19]
	at org.apache.catalina.core.ApplicationFilterChain.internalDoFilter(ApplicationFilterChain.java:164) ~[tomcat-embed-core-10.1.40.jar:10.1.40]
	at org.apache.catalina.core.ApplicationFilterChain.doFilter(ApplicationFilterChain.java:140) ~[tomcat-embed-core-10.1.40.jar:10.1.40]
	at org.springframework.web.filter.FormContentFilter.doFilterInternal(FormContentFilter.java:93) ~[spring-web-6.1.19.jar:6.1.19]
	at org.springframework.web.filter.OncePerRequestFilter.doFilter(OncePerRequestFilter.java:116) ~[spring-web-6.1.19.jar:6.1.19]
	at org.apache.catalina.core.ApplicationFilterChain.internalDoFilter(ApplicationFilterChain.java:164) ~[tomcat-embed-core-10.1.40.jar:10.1.40]
	at org.apache.catalina.core.ApplicationFilterChain.doFilter(ApplicationFilterChain.java:140) ~[tomcat-embed-core-10.1.40.jar:10.1.40]
	at org.springframework.web.filter.CharacterEncodingFilter.doFilterInternal(CharacterEncodingFilter.java:201) ~[spring-web-6.1.19.jar:6.1.19]
	at org.springframework.web.filter.OncePerRequestFilter.doFilter(OncePerRequestFilter.java:116) ~[spring-web-6.1.19.jar:6.1.19]
	at org.apache.catalina.core.ApplicationFilterChain.internalDoFilter(ApplicationFilterChain.java:164) ~[tomcat-embed-core-10.1.40.jar:10.1.40]
	at org.apache.catalina.core.ApplicationFilterChain.doFilter(ApplicationFilterChain.java:140) ~[tomcat-embed-core-10.1.40.jar:10.1.40]
	at org.apache.catalina.core.StandardWrapperValve.invoke(StandardWrapperValve.java:167) ~[tomcat-embed-core-10.1.40.jar:10.1.40]
	at org.apache.catalina.core.StandardContextValve.invoke(StandardContextValve.java:90) ~[tomcat-embed-core-10.1.40.jar:10.1.40]
	at org.apache.catalina.authenticator.AuthenticatorBase.invoke(AuthenticatorBase.java:483) ~[tomcat-embed-core-10.1.40.jar:10.1.40]
	at org.apache.catalina.core.StandardHostValve.invoke(StandardHostValve.java:116) ~[tomcat-embed-core-10.1.40.jar:10.1.40]
	at org.apache.catalina.valves.ErrorReportValve.invoke(ErrorReportValve.java:93) ~[tomcat-embed-core-10.1.40.jar:10.1.40]
	at org.apache.catalina.core.StandardEngineValve.invoke(StandardEngineValve.java:74) ~[tomcat-embed-core-10.1.40.jar:10.1.40]
	at org.apache.catalina.connector.CoyoteAdapter.service(CoyoteAdapter.java:344) ~[tomcat-embed-core-10.1.40.jar:10.1.40]
	at org.apache.coyote.http11.Http11Processor.service(Http11Processor.java:398) ~[tomcat-embed-core-10.1.40.jar:10.1.40]
	at org.apache.coyote.AbstractProcessorLight.process(AbstractProcessorLight.java:63) ~[tomcat-embed-core-10.1.40.jar:10.1.40]
	at org.apache.coyote.AbstractProtocol$ConnectionHandler.process(AbstractProtocol.java:903) ~[tomcat-embed-core-10.1.40.jar:10.1.40]
	at org.apache.tomcat.util.net.NioEndpoint$SocketProcessor.doRun(NioEndpoint.java:1740) ~[tomcat-embed-core-10.1.40.jar:10.1.40]
	at org.apache.tomcat.util.net.SocketProcessorBase.run(SocketProcessorBase.java:52) ~[tomcat-embed-core-10.1.40.jar:10.1.40]
	at org.apache.tomcat.util.threads.ThreadPoolExecutor.runWorker(ThreadPoolExecutor.java:1189) ~[tomcat-embed-core-10.1.40.jar:10.1.40]
	at org.apache.tomcat.util.threads.ThreadPoolExecutor$Worker.run(ThreadPoolExecutor.java:658) ~[tomcat-embed-core-10.1.40.jar:10.1.40]
	at org.apache.tomcat.util.threads.TaskThread$WrappingRunnable.run(TaskThread.java:63) ~[tomcat-embed-core-10.1.40.jar:10.1.40]
	at java.base/java.lang.Thread.run(Thread.java:1583) ~[na:na]
Caused by: org.attoparser.ParseException: Could not parse as expression: "${message}}" (template: "users" - line 43, col 11)
	at org.attoparser.MarkupParser.parseDocument(MarkupParser.java:393) ~[attoparser-2.0.7.RELEASE.jar:2.0.7.RELEASE]
	at org.attoparser.MarkupParser.parse(MarkupParser.java:257) ~[attoparser-2.0.7.RELEASE.jar:2.0.7.RELEASE]
	at org.thymeleaf.templateparser.markup.AbstractMarkupTemplateParser.parse(AbstractMarkupTemplateParser.java:230) ~[thymeleaf-3.1.3.RELEASE.jar:3.1.3.RELEASE]
	... 51 common frames omitted
Caused by: org.thymeleaf.exceptions.TemplateProcessingException: Could not parse as expression: "${message}}" (template: "users" - line 43, col 11)
	at org.thymeleaf.standard.expression.StandardExpressionParser.parseExpression(StandardExpressionParser.java:131) ~[thymeleaf-3.1.3.RELEASE.jar:3.1.3.RELEASE]
	at org.thymeleaf.standard.expression.StandardExpressionParser.parseExpression(StandardExpressionParser.java:62) ~[thymeleaf-3.1.3.RELEASE.jar:3.1.3.RELEASE]
	at org.thymeleaf.standard.expression.StandardExpressionParser.parseExpression(StandardExpressionParser.java:44) ~[thymeleaf-3.1.3.RELEASE.jar:3.1.3.RELEASE]
	at org.thymeleaf.engine.EngineEventUtils.parseAttributeExpression(EngineEventUtils.java:220) ~[thymeleaf-3.1.3.RELEASE.jar:3.1.3.RELEASE]
	at org.thymeleaf.engine.EngineEventUtils.computeAttributeExpression(EngineEventUtils.java:207) ~[thymeleaf-3.1.3.RELEASE.jar:3.1.3.RELEASE]
	at org.thymeleaf.standard.processor.AbstractStandardExpressionAttributeTagProcessor.doProcess(AbstractStandardExpressionAttributeTagProcessor.java:125) ~[thymeleaf-3.1.3.RELEASE.jar:3.1.3.RELEASE]
	at org.thymeleaf.processor.element.AbstractAttributeTagProcessor.doProcess(AbstractAttributeTagProcessor.java:74) ~[thymeleaf-3.1.3.RELEASE.jar:3.1.3.RELEASE]
	at org.thymeleaf.processor.element.AbstractElementTagProcessor.process(AbstractElementTagProcessor.java:95) ~[thymeleaf-3.1.3.RELEASE.jar:3.1.3.RELEASE]
	at org.thymeleaf.util.ProcessorConfigurationUtils$ElementTagProcessorWrapper.process(ProcessorConfigurationUtils.java:633) ~[thymeleaf-3.1.3.RELEASE.jar:3.1.3.RELEASE]
	at org.thymeleaf.engine.ProcessorTemplateHandler.handleOpenElement(ProcessorTemplateHandler.java:1314) ~[thymeleaf-3.1.3.RELEASE.jar:3.1.3.RELEASE]
	at org.thymeleaf.engine.TemplateHandlerAdapterMarkupHandler.handleOpenElementEnd(TemplateHandlerAdapterMarkupHandler.java:304) ~[thymeleaf-3.1.3.RELEASE.jar:3.1.3.RELEASE]
	at org.thymeleaf.templateparser.markup.InlinedOutputExpressionMarkupHandler$InlineMarkupAdapterPreProcessorHandler.handleOpenElementEnd(InlinedOutputExpressionMarkupHandler.java:278) ~[thymeleaf-3.1.3.RELEASE.jar:3.1.3.RELEASE]
	at org.thymeleaf.standard.inline.OutputExpressionInlinePreProcessorHandler.performInlining(OutputExpressionInlinePreProcessorHandler.java:440) ~[thymeleaf-3.1.3.RELEASE.jar:3.1.3.RELEASE]
	at org.thymeleaf.standard.inline.OutputExpressionInlinePreProcessorHandler.handleText(OutputExpressionInlinePreProcessorHandler.java:146) ~[thymeleaf-3.1.3.RELEASE.jar:3.1.3.RELEASE]
	at org.thymeleaf.templateparser.markup.InlinedOutputExpressionMarkupHandler.handleText(InlinedOutputExpressionMarkupHandler.java:80) ~[thymeleaf-3.1.3.RELEASE.jar:3.1.3.RELEASE]
	at org.attoparser.HtmlMarkupHandler.handleText(HtmlMarkupHandler.java:208) ~[attoparser-2.0.7.RELEASE.jar:2.0.7.RELEASE]
	at org.attoparser.AbstractChainedMarkupHandler.handleText(AbstractChainedMarkupHandler.java:203) ~[attoparser-2.0.7.RELEASE.jar:2.0.7.RELEASE]
	at org.attoparser.MarkupParser.parseBuffer(MarkupParser.java:662) ~[attoparser-2.0.7.RELEASE.jar:2.0.7.RELEASE]
	at org.attoparser.MarkupParser.parseDocument(MarkupParser.java:301) ~[attoparser-2.0.7.RELEASE.jar:2.0.7.RELEASE]
	... 53 common frames omitted

2025-05-01T22:09:46.032+05:45 ERROR 897085 --- [EcommerceCommon] [http-nio-8080-exec-9] o.a.c.c.C.[.[.[.[dispatcherServlet]      : Servlet.service() for servlet [dispatcherServlet] in context with path [/admin] threw exception [Request processing failed: org.thymeleaf.exceptions.TemplateInputException: An error happened during template parsing (template: "class path resource [templates/users.html]")] with root cause

org.thymeleaf.exceptions.TemplateProcessingException: Could not parse as expression: "${message}}" (template: "users" - line 43, col 11)
	at org.thymeleaf.standard.expression.StandardExpressionParser.parseExpression(StandardExpressionParser.java:131) ~[thymeleaf-3.1.3.RELEASE.jar:3.1.3.RELEASE]
	at org.thymeleaf.standard.expression.StandardExpressionParser.parseExpression(StandardExpressionParser.java:62) ~[thymeleaf-3.1.3.RELEASE.jar:3.1.3.RELEASE]
	at org.thymeleaf.standard.expression.StandardExpressionParser.parseExpression(StandardExpressionParser.java:44) ~[thymeleaf-3.1.3.RELEASE.jar:3.1.3.RELEASE]
	at org.thymeleaf.engine.EngineEventUtils.parseAttributeExpression(EngineEventUtils.java:220) ~[thymeleaf-3.1.3.RELEASE.jar:3.1.3.RELEASE]
	at org.thymeleaf.engine.EngineEventUtils.computeAttributeExpression(EngineEventUtils.java:207) ~[thymeleaf-3.1.3.RELEASE.jar:3.1.3.RELEASE]
	at org.thymeleaf.standard.processor.AbstractStandardExpressionAttributeTagProcessor.doProcess(AbstractStandardExpressionAttributeTagProcessor.java:125) ~[thymeleaf-3.1.3.RELEASE.jar:3.1.3.RELEASE]
	at org.thymeleaf.processor.element.AbstractAttributeTagProcessor.doProcess(AbstractAttributeTagProcessor.java:74) ~[thymeleaf-3.1.3.RELEASE.jar:3.1.3.RELEASE]
	at org.thymeleaf.processor.element.AbstractElementTagProcessor.process(AbstractElementTagProcessor.java:95) ~[thymeleaf-3.1.3.RELEASE.jar:3.1.3.RELEASE]
	at org.thymeleaf.util.ProcessorConfigurationUtils$ElementTagProcessorWrapper.process(ProcessorConfigurationUtils.java:633) ~[thymeleaf-3.1.3.RELEASE.jar:3.1.3.RELEASE]
	at org.thymeleaf.engine.ProcessorTemplateHandler.handleOpenElement(ProcessorTemplateHandler.java:1314) ~[thymeleaf-3.1.3.RELEASE.jar:3.1.3.RELEASE]
	at org.thymeleaf.engine.TemplateHandlerAdapterMarkupHandler.handleOpenElementEnd(TemplateHandlerAdapterMarkupHandler.java:304) ~[thymeleaf-3.1.3.RELEASE.jar:3.1.3.RELEASE]
	at org.thymeleaf.templateparser.markup.InlinedOutputExpressionMarkupHandler$InlineMarkupAdapterPreProcessorHandler.handleOpenElementEnd(InlinedOutputExpressionMarkupHandler.java:278) ~[thymeleaf-3.1.3.RELEASE.jar:3.1.3.RELEASE]
	at org.thymeleaf.standard.inline.OutputExpressionInlinePreProcessorHandler.performInlining(OutputExpressionInlinePreProcessorHandler.java:440) ~[thymeleaf-3.1.3.RELEASE.jar:3.1.3.RELEASE]
	at org.thymeleaf.standard.inline.OutputExpressionInlinePreProcessorHandler.handleText(OutputExpressionInlinePreProcessorHandler.java:146) ~[thymeleaf-3.1.3.RELEASE.jar:3.1.3.RELEASE]
	at org.thymeleaf.templateparser.markup.InlinedOutputExpressionMarkupHandler.handleText(InlinedOutputExpressionMarkupHandler.java:80) ~[thymeleaf-3.1.3.RELEASE.jar:3.1.3.RELEASE]
	at org.attoparser.HtmlMarkupHandler.handleText(HtmlMarkupHandler.java:208) ~[attoparser-2.0.7.RELEASE.jar:2.0.7.RELEASE]
	at org.attoparser.AbstractChainedMarkupHandler.handleText(AbstractChainedMarkupHandler.java:203) ~[attoparser-2.0.7.RELEASE.jar:2.0.7.RELEASE]
	at org.attoparser.MarkupParser.parseBuffer(MarkupParser.java:662) ~[attoparser-2.0.7.RELEASE.jar:2.0.7.RELEASE]
	at org.attoparser.MarkupParser.parseDocument(MarkupParser.java:301) ~[attoparser-2.0.7.RELEASE.jar:2.0.7.RELEASE]
	at org.attoparser.MarkupParser.parse(MarkupParser.java:257) ~[attoparser-2.0.7.RELEASE.jar:2.0.7.RELEASE]
	at org.thymeleaf.templateparser.markup.AbstractMarkupTemplateParser.parse(AbstractMarkupTemplateParser.java:230) ~[thymeleaf-3.1.3.RELEASE.jar:3.1.3.RELEASE]
	at org.thymeleaf.templateparser.markup.AbstractMarkupTemplateParser.parseStandalone(AbstractMarkupTemplateParser.java:100) ~[thymeleaf-3.1.3.RELEASE.jar:3.1.3.RELEASE]
	at org.thymeleaf.engine.TemplateManager.parseAndProcess(TemplateManager.java:666) ~[thymeleaf-3.1.3.RELEASE.jar:3.1.3.RELEASE]
	at org.thymeleaf.TemplateEngine.process(TemplateEngine.java:1103) ~[thymeleaf-3.1.3.RELEASE.jar:3.1.3.RELEASE]
	at org.thymeleaf.TemplateEngine.process(TemplateEngine.java:1077) ~[thymeleaf-3.1.3.RELEASE.jar:3.1.3.RELEASE]
	at org.thymeleaf.spring6.view.ThymeleafView.renderFragment(ThymeleafView.java:372) ~[thymeleaf-spring6-3.1.3.RELEASE.jar:3.1.3.RELEASE]
	at org.thymeleaf.spring6.view.ThymeleafView.render(ThymeleafView.java:192) ~[thymeleaf-spring6-3.1.3.RELEASE.jar:3.1.3.RELEASE]
	at org.springframework.web.servlet.DispatcherServlet.render(DispatcherServlet.java:1432) ~[spring-webmvc-6.1.19.jar:6.1.19]
	at org.springframework.web.servlet.DispatcherServlet.processDispatchResult(DispatcherServlet.java:1168) ~[spring-webmvc-6.1.19.jar:6.1.19]
	at org.springframework.web.servlet.DispatcherServlet.doDispatch(DispatcherServlet.java:1106) ~[spring-webmvc-6.1.19.jar:6.1.19]
	at org.springframework.web.servlet.DispatcherServlet.doService(DispatcherServlet.java:979) ~[spring-webmvc-6.1.19.jar:6.1.19]
	at org.springframework.web.servlet.FrameworkServlet.processRequest(FrameworkServlet.java:1014) ~[spring-webmvc-6.1.19.jar:6.1.19]
	at org.springframework.web.servlet.FrameworkServlet.doGet(FrameworkServlet.java:903) ~[spring-webmvc-6.1.19.jar:6.1.19]
	at jakarta.servlet.http.HttpServlet.service(HttpServlet.java:564) ~[tomcat-embed-core-10.1.40.jar:6.0]
	at org.springframework.web.servlet.FrameworkServlet.service(FrameworkServlet.java:885) ~[spring-webmvc-6.1.19.jar:6.1.19]
	at jakarta.servlet.http.HttpServlet.service(HttpServlet.java:658) ~[tomcat-embed-core-10.1.40.jar:6.0]
	at org.apache.catalina.core.ApplicationFilterChain.internalDoFilter(ApplicationFilterChain.java:195) ~[tomcat-embed-core-10.1.40.jar:10.1.40]
	at org.apache.catalina.core.ApplicationFilterChain.doFilter(ApplicationFilterChain.java:140) ~[tomcat-embed-core-10.1.40.jar:10.1.40]
	at org.apache.tomcat.websocket.server.WsFilter.doFilter(WsFilter.java:51) ~[tomcat-embed-websocket-10.1.40.jar:10.1.40]
	at org.apache.catalina.core.ApplicationFilterChain.internalDoFilter(ApplicationFilterChain.java:164) ~[tomcat-embed-core-10.1.40.jar:10.1.40]
	at org.apache.catalina.core.ApplicationFilterChain.doFilter(ApplicationFilterChain.java:140) ~[tomcat-embed-core-10.1.40.jar:10.1.40]
	at org.springframework.web.servlet.resource.ResourceUrlEncodingFilter.doFilter(ResourceUrlEncodingFilter.java:66) ~[spring-webmvc-6.1.19.jar:6.1.19]
	at org.apache.catalina.core.ApplicationFilterChain.internalDoFilter(ApplicationFilterChain.java:164) ~[tomcat-embed-core-10.1.40.jar:10.1.40]
	at org.apache.catalina.core.ApplicationFilterChain.doFilter(ApplicationFilterChain.java:140) ~[tomcat-embed-core-10.1.40.jar:10.1.40]
	at org.springframework.web.filter.RequestContextFilter.doFilterInternal(RequestContextFilter.java:100) ~[spring-web-6.1.19.jar:6.1.19]
	at org.springframework.web.filter.OncePerRequestFilter.doFilter(OncePerRequestFilter.java:116) ~[spring-web-6.1.19.jar:6.1.19]
	at org.apache.catalina.core.ApplicationFilterChain.internalDoFilter(ApplicationFilterChain.java:164) ~[tomcat-embed-core-10.1.40.jar:10.1.40]
	at org.apache.catalina.core.ApplicationFilterChain.doFilter(ApplicationFilterChain.java:140) ~[tomcat-embed-core-10.1.40.jar:10.1.40]
	at org.springframework.web.filter.FormContentFilter.doFilterInternal(FormContentFilter.java:93) ~[spring-web-6.1.19.jar:6.1.19]
	at org.springframework.web.filter.OncePerRequestFilter.doFilter(OncePerRequestFilter.java:116) ~[spring-web-6.1.19.jar:6.1.19]
	at org.apache.catalina.core.ApplicationFilterChain.internalDoFilter(ApplicationFilterChain.java:164) ~[tomcat-embed-core-10.1.40.jar:10.1.40]
	at org.apache.catalina.core.ApplicationFilterChain.doFilter(ApplicationFilterChain.java:140) ~[tomcat-embed-core-10.1.40.jar:10.1.40]
	at org.springframework.web.filter.CharacterEncodingFilter.doFilterInternal(CharacterEncodingFilter.java:201) ~[spring-web-6.1.19.jar:6.1.19]
	at org.springframework.web.filter.OncePerRequestFilter.doFilter(OncePerRequestFilter.java:116) ~[spring-web-6.1.19.jar:6.1.19]
	at org.apache.catalina.core.ApplicationFilterChain.internalDoFilter(ApplicationFilterChain.java:164) ~[tomcat-embed-core-10.1.40.jar:10.1.40]
	at org.apache.catalina.core.ApplicationFilterChain.doFilter(ApplicationFilterChain.java:140) ~[tomcat-embed-core-10.1.40.jar:10.1.40]
	at org.apache.catalina.core.StandardWrapperValve.invoke(StandardWrapperValve.java:167) ~[tomcat-embed-core-10.1.40.jar:10.1.40]
	at org.apache.catalina.core.StandardContextValve.invoke(StandardContextValve.java:90) ~[tomcat-embed-core-10.1.40.jar:10.1.40]
	at org.apache.catalina.authenticator.AuthenticatorBase.invoke(AuthenticatorBase.java:483) ~[tomcat-embed-core-10.1.40.jar:10.1.40]
	at org.apache.catalina.core.StandardHostValve.invoke(StandardHostValve.java:116) ~[tomcat-embed-core-10.1.40.jar:10.1.40]
	at org.apache.catalina.valves.ErrorReportValve.invoke(ErrorReportValve.java:93) ~[tomcat-embed-core-10.1.40.jar:10.1.40]
	at org.apache.catalina.core.StandardEngineValve.invoke(StandardEngineValve.java:74) ~[tomcat-embed-core-10.1.40.jar:10.1.40]
	at org.apache.catalina.connector.CoyoteAdapter.service(CoyoteAdapter.java:344) ~[tomcat-embed-core-10.1.40.jar:10.1.40]
	at org.apache.coyote.http11.Http11Processor.service(Http11Processor.java:398) ~[tomcat-embed-core-10.1.40.jar:10.1.40]
	at org.apache.coyote.AbstractProcessorLight.process(AbstractProcessorLight.java:63) ~[tomcat-embed-core-10.1.40.jar:10.1.40]
	at org.apache.coyote.AbstractProtocol$ConnectionHandler.process(AbstractProtocol.java:903) ~[tomcat-embed-core-10.1.40.jar:10.1.40]
	at org.apache.tomcat.util.net.NioEndpoint$SocketProcessor.doRun(NioEndpoint.java:1740) ~[tomcat-embed-core-10.1.40.jar:10.1.40]
	at org.apache.tomcat.util.net.SocketProcessorBase.run(SocketProcessorBase.java:52) ~[tomcat-embed-core-10.1.40.jar:10.1.40]
	at org.apache.tomcat.util.threads.ThreadPoolExecutor.runWorker(ThreadPoolExecutor.java:1189) ~[tomcat-embed-core-10.1.40.jar:10.1.40]
	at org.apache.tomcat.util.threads.ThreadPoolExecutor$Worker.run(ThreadPoolExecutor.java:658) ~[tomcat-embed-core-10.1.40.jar:10.1.40]
	at org.apache.tomcat.util.threads.TaskThread$WrappingRunnable.run(TaskThread.java:63) ~[tomcat-embed-core-10.1.40.jar:10.1.40]
	at java.base/java.lang.Thread.run(Thread.java:1583) ~[na:na]

2025-05-01T22:10:10.199+05:45  WARN 897085 --- [EcommerceCommon] [http-nio-8080-exec-10] o.h.engine.jdbc.spi.SqlExceptionHelper   : SQL Error: 0, SQLState: 23505
2025-05-01T22:10:10.200+05:45 ERROR 897085 --- [EcommerceCommon] [http-nio-8080-exec-10] o.h.engine.jdbc.spi.SqlExceptionHelper   : ERROR: duplicate key value violates unique constraint "uk6dotkott2kjsp8vw4d0m25fb7"
  Detail: Key (email)=(ram@shyam.hari) already exists.
2025-05-01T22:10:10.221+05:45 ERROR 897085 --- [EcommerceCommon] [http-nio-8080-exec-10] o.a.c.c.C.[.[.[.[dispatcherServlet]      : Servlet.service() for servlet [dispatcherServlet] in context with path [/admin] threw exception [Request processing failed: org.springframework.dao.DataIntegrityViolationException: could not execute statement [ERROR: duplicate key value violates unique constraint "uk6dotkott2kjsp8vw4d0m25fb7"
  Detail: Key (email)=(ram@shyam.hari) already exists.] [insert into users (email,enabled,first_name,last_name,password,photos) values (?,?,?,?,?,?) returning id]; SQL [insert into users (email,enabled,first_name,last_name,password,photos) values (?,?,?,?,?,?) returning id]; constraint [uk6dotkott2kjsp8vw4d0m25fb7]] with root cause

org.postgresql.util.PSQLException: ERROR: duplicate key value violates unique constraint "uk6dotkott2kjsp8vw4d0m25fb7"
  Detail: Key (email)=(ram@shyam.hari) already exists.
	at org.postgresql.core.v3.QueryExecutorImpl.receiveErrorResponse(QueryExecutorImpl.java:2733) ~[postgresql-42.7.5.jar:42.7.5]
	at org.postgresql.core.v3.QueryExecutorImpl.processResults(QueryExecutorImpl.java:2420) ~[postgresql-42.7.5.jar:42.7.5]
	at org.postgresql.core.v3.QueryExecutorImpl.execute(QueryExecutorImpl.java:372) ~[postgresql-42.7.5.jar:42.7.5]
	at org.postgresql.jdbc.PgStatement.executeInternal(PgStatement.java:517) ~[postgresql-42.7.5.jar:42.7.5]
	at org.postgresql.jdbc.PgStatement.execute(PgStatement.java:434) ~[postgresql-42.7.5.jar:42.7.5]
	at org.postgresql.jdbc.PgPreparedStatement.executeWithFlags(PgPreparedStatement.java:194) ~[postgresql-42.7.5.jar:42.7.5]
	at org.postgresql.jdbc.PgPreparedStatement.execute(PgPreparedStatement.java:180) ~[postgresql-42.7.5.jar:42.7.5]
	at com.zaxxer.hikari.pool.ProxyPreparedStatement.execute(ProxyPreparedStatement.java:44) ~[HikariCP-5.1.0.jar:na]
	at com.zaxxer.hikari.pool.HikariProxyPreparedStatement.execute(HikariProxyPreparedStatement.java) ~[HikariCP-5.1.0.jar:na]
	at org.hibernate.engine.jdbc.internal.ResultSetReturnImpl.execute(ResultSetReturnImpl.java:129) ~[hibernate-core-6.5.3.Final.jar:6.5.3.Final]
	at org.hibernate.id.insert.InsertReturningDelegate.executeAndExtractReturning(InsertReturningDelegate.java:96) ~[hibernate-core-6.5.3.Final.jar:6.5.3.Final]
	at org.hibernate.id.insert.AbstractReturningDelegate.performMutation(AbstractReturningDelegate.java:58) ~[hibernate-core-6.5.3.Final.jar:6.5.3.Final]
	at org.hibernate.engine.jdbc.mutation.internal.MutationExecutorSingleNonBatched.performNonBatchedOperations(MutationExecutorSingleNonBatched.java:47) ~[hibernate-core-6.5.3.Final.jar:6.5.3.Final]
	at org.hibernate.engine.jdbc.mutation.internal.AbstractMutationExecutor.execute(AbstractMutationExecutor.java:55) ~[hibernate-core-6.5.3.Final.jar:6.5.3.Final]
	at org.hibernate.persister.entity.mutation.InsertCoordinatorStandard.doStaticInserts(InsertCoordinatorStandard.java:194) ~[hibernate-core-6.5.3.Final.jar:6.5.3.Final]
	at org.hibernate.persister.entity.mutation.InsertCoordinatorStandard.coordinateInsert(InsertCoordinatorStandard.java:132) ~[hibernate-core-6.5.3.Final.jar:6.5.3.Final]
	at org.hibernate.persister.entity.mutation.InsertCoordinatorStandard.insert(InsertCoordinatorStandard.java:95) ~[hibernate-core-6.5.3.Final.jar:6.5.3.Final]
	at org.hibernate.action.internal.EntityIdentityInsertAction.execute(EntityIdentityInsertAction.java:85) ~[hibernate-core-6.5.3.Final.jar:6.5.3.Final]
	at org.hibernate.engine.spi.ActionQueue.execute(ActionQueue.java:671) ~[hibernate-core-6.5.3.Final.jar:6.5.3.Final]
	at org.hibernate.engine.spi.ActionQueue.addResolvedEntityInsertAction(ActionQueue.java:292) ~[hibernate-core-6.5.3.Final.jar:6.5.3.Final]
	at org.hibernate.engine.spi.ActionQueue.addInsertAction(ActionQueue.java:273) ~[hibernate-core-6.5.3.Final.jar:6.5.3.Final]
	at org.hibernate.engine.spi.ActionQueue.addAction(ActionQueue.java:323) ~[hibernate-core-6.5.3.Final.jar:6.5.3.Final]
	at org.hibernate.event.internal.AbstractSaveEventListener.addInsertAction(AbstractSaveEventListener.java:391) ~[hibernate-core-6.5.3.Final.jar:6.5.3.Final]
	at org.hibernate.event.internal.AbstractSaveEventListener.performSaveOrReplicate(AbstractSaveEventListener.java:305) ~[hibernate-core-6.5.3.Final.jar:6.5.3.Final]
	at org.hibernate.event.internal.AbstractSaveEventListener.performSave(AbstractSaveEventListener.java:224) ~[hibernate-core-6.5.3.Final.jar:6.5.3.Final]
	at org.hibernate.event.internal.AbstractSaveEventListener.saveWithGeneratedId(AbstractSaveEventListener.java:137) ~[hibernate-core-6.5.3.Final.jar:6.5.3.Final]
	at org.hibernate.event.internal.DefaultPersistEventListener.entityIsTransient(DefaultPersistEventListener.java:175) ~[hibernate-core-6.5.3.Final.jar:6.5.3.Final]
	at org.hibernate.event.internal.DefaultPersistEventListener.persist(DefaultPersistEventListener.java:93) ~[hibernate-core-6.5.3.Final.jar:6.5.3.Final]
	at org.hibernate.event.internal.DefaultPersistEventListener.onPersist(DefaultPersistEventListener.java:77) ~[hibernate-core-6.5.3.Final.jar:6.5.3.Final]
	at org.hibernate.event.internal.DefaultPersistEventListener.onPersist(DefaultPersistEventListener.java:54) ~[hibernate-core-6.5.3.Final.jar:6.5.3.Final]
	at org.hibernate.event.service.internal.EventListenerGroupImpl.fireEventOnEachListener(EventListenerGroupImpl.java:127) ~[hibernate-core-6.5.3.Final.jar:6.5.3.Final]
	at org.hibernate.internal.SessionImpl.firePersist(SessionImpl.java:757) ~[hibernate-core-6.5.3.Final.jar:6.5.3.Final]
	at org.hibernate.internal.SessionImpl.persist(SessionImpl.java:741) ~[hibernate-core-6.5.3.Final.jar:6.5.3.Final]
	at java.base/jdk.internal.reflect.DirectMethodHandleAccessor.invoke(DirectMethodHandleAccessor.java:103) ~[na:na]
	at java.base/java.lang.reflect.Method.invoke(Method.java:580) ~[na:na]
	at org.springframework.orm.jpa.ExtendedEntityManagerCreator$ExtendedEntityManagerInvocationHandler.invoke(ExtendedEntityManagerCreator.java:364) ~[spring-orm-6.1.19.jar:6.1.19]
	at jdk.proxy25/jdk.proxy25.$Proxy232.persist(Unknown Source) ~[na:na]
	at java.base/jdk.internal.reflect.DirectMethodHandleAccessor.invoke(DirectMethodHandleAccessor.java:103) ~[na:na]
	at java.base/java.lang.reflect.Method.invoke(Method.java:580) ~[na:na]
	at org.springframework.orm.jpa.SharedEntityManagerCreator$SharedEntityManagerInvocationHandler.invoke(SharedEntityManagerCreator.java:319) ~[spring-orm-6.1.19.jar:6.1.19]
	at jdk.proxy25/jdk.proxy25.$Proxy232.persist(Unknown Source) ~[na:na]
	at org.springframework.data.jpa.repository.support.SimpleJpaRepository.save(SimpleJpaRepository.java:636) ~[spring-data-jpa-3.3.11.jar:3.3.11]
	at java.base/jdk.internal.reflect.DirectMethodHandleAccessor.invoke(DirectMethodHandleAccessor.java:103) ~[na:na]
	at java.base/java.lang.reflect.Method.invoke(Method.java:580) ~[na:na]
	at org.springframework.aop.support.AopUtils.invokeJoinpointUsingReflection(AopUtils.java:355) ~[spring-aop-6.1.19.jar:6.1.19]
	at org.springframework.data.repository.core.support.RepositoryMethodInvoker$RepositoryFragmentMethodInvoker.lambda$new$0(RepositoryMethodInvoker.java:277) ~[spring-data-commons-3.3.11.jar:3.3.11]
	at org.springframework.data.repository.core.support.RepositoryMethodInvoker.doInvoke(RepositoryMethodInvoker.java:170) ~[spring-data-commons-3.3.11.jar:3.3.11]
	at org.springframework.data.repository.core.support.RepositoryMethodInvoker.invoke(RepositoryMethodInvoker.java:158) ~[spring-data-commons-3.3.11.jar:3.3.11]
	at org.springframework.data.repository.core.support.RepositoryComposition$RepositoryFragments.invoke(RepositoryComposition.java:516) ~[spring-data-commons-3.3.11.jar:3.3.11]
	at org.springframework.data.repository.core.support.RepositoryComposition.invoke(RepositoryComposition.java:285) ~[spring-data-commons-3.3.11.jar:3.3.11]
	at org.springframework.data.repository.core.support.RepositoryFactorySupport$ImplementationMethodExecutionInterceptor.invoke(RepositoryFactorySupport.java:628) ~[spring-data-commons-3.3.11.jar:3.3.11]
	at org.springframework.aop.framework.ReflectiveMethodInvocation.proceed(ReflectiveMethodInvocation.java:184) ~[spring-aop-6.1.19.jar:6.1.19]
	at org.springframework.data.repository.core.support.QueryExecutorMethodInterceptor.doInvoke(QueryExecutorMethodInterceptor.java:173) ~[spring-data-commons-3.3.11.jar:3.3.11]
	at org.springframework.data.repository.core.support.QueryExecutorMethodInterceptor.invoke(QueryExecutorMethodInterceptor.java:148) ~[spring-data-commons-3.3.11.jar:3.3.11]
	at org.springframework.aop.framework.ReflectiveMethodInvocation.proceed(ReflectiveMethodInvocation.java:184) ~[spring-aop-6.1.19.jar:6.1.19]
	at org.springframework.data.projection.DefaultMethodInvokingMethodInterceptor.invoke(DefaultMethodInvokingMethodInterceptor.java:70) ~[spring-data-commons-3.3.11.jar:3.3.11]
	at org.springframework.aop.framework.ReflectiveMethodInvocation.proceed(ReflectiveMethodInvocation.java:184) ~[spring-aop-6.1.19.jar:6.1.19]
	at org.springframework.transaction.interceptor.TransactionAspectSupport.invokeWithinTransaction(TransactionAspectSupport.java:379) ~[spring-tx-6.1.19.jar:6.1.19]
	at org.springframework.transaction.interceptor.TransactionInterceptor.invoke(TransactionInterceptor.java:119) ~[spring-tx-6.1.19.jar:6.1.19]
	at org.springframework.aop.framework.ReflectiveMethodInvocation.proceed(ReflectiveMethodInvocation.java:184) ~[spring-aop-6.1.19.jar:6.1.19]
	at org.springframework.dao.support.PersistenceExceptionTranslationInterceptor.invoke(PersistenceExceptionTranslationInterceptor.java:138) ~[spring-tx-6.1.19.jar:6.1.19]
	at org.springframework.aop.framework.ReflectiveMethodInvocation.proceed(ReflectiveMethodInvocation.java:184) ~[spring-aop-6.1.19.jar:6.1.19]
	at org.springframework.data.jpa.repository.support.CrudMethodMetadataPostProcessor$CrudMethodMetadataPopulatingMethodInterceptor.invoke(CrudMethodMetadataPostProcessor.java:165) ~[spring-data-jpa-3.3.11.jar:3.3.11]
	at org.springframework.aop.framework.ReflectiveMethodInvocation.proceed(ReflectiveMethodInvocation.java:184) ~[spring-aop-6.1.19.jar:6.1.19]
	at org.springframework.aop.interceptor.ExposeInvocationInterceptor.invoke(ExposeInvocationInterceptor.java:97) ~[spring-aop-6.1.19.jar:6.1.19]
	at org.springframework.aop.framework.ReflectiveMethodInvocation.proceed(ReflectiveMethodInvocation.java:184) ~[spring-aop-6.1.19.jar:6.1.19]
	at org.springframework.aop.framework.JdkDynamicAopProxy.invoke(JdkDynamicAopProxy.java:223) ~[spring-aop-6.1.19.jar:6.1.19]
	at jdk.proxy25/jdk.proxy25.$Proxy234.save(Unknown Source) ~[na:na]
	at np.com.jp.ecommerce.admin.user.UserServiceImpl.save(UserServiceImpl.java:32) ~[classes/:na]
	at np.com.jp.ecommerce.admin.user.UserController.saveUser(UserController.java:45) ~[classes/:na]
	at java.base/jdk.internal.reflect.DirectMethodHandleAccessor.invoke(DirectMethodHandleAccessor.java:103) ~[na:na]
	at java.base/java.lang.reflect.Method.invoke(Method.java:580) ~[na:na]
	at org.springframework.web.method.support.InvocableHandlerMethod.doInvoke(InvocableHandlerMethod.java:255) ~[spring-web-6.1.19.jar:6.1.19]
	at org.springframework.web.method.support.InvocableHandlerMethod.invokeForRequest(InvocableHandlerMethod.java:188) ~[spring-web-6.1.19.jar:6.1.19]
	at org.springframework.web.servlet.mvc.method.annotation.ServletInvocableHandlerMethod.invokeAndHandle(ServletInvocableHandlerMethod.java:118) ~[spring-webmvc-6.1.19.jar:6.1.19]
	at org.springframework.web.servlet.mvc.method.annotation.RequestMappingHandlerAdapter.invokeHandlerMethod(RequestMappingHandlerAdapter.java:926) ~[spring-webmvc-6.1.19.jar:6.1.19]
	at org.springframework.web.servlet.mvc.method.annotation.RequestMappingHandlerAdapter.handleInternal(RequestMappingHandlerAdapter.java:831) ~[spring-webmvc-6.1.19.jar:6.1.19]
	at org.springframework.web.servlet.mvc.method.AbstractHandlerMethodAdapter.handle(AbstractHandlerMethodAdapter.java:87) ~[spring-webmvc-6.1.19.jar:6.1.19]
	at org.springframework.web.servlet.DispatcherServlet.doDispatch(DispatcherServlet.java:1089) ~[spring-webmvc-6.1.19.jar:6.1.19]
	at org.springframework.web.servlet.DispatcherServlet.doService(DispatcherServlet.java:979) ~[spring-webmvc-6.1.19.jar:6.1.19]
	at org.springframework.web.servlet.FrameworkServlet.processRequest(FrameworkServlet.java:1014) ~[spring-webmvc-6.1.19.jar:6.1.19]
	at org.springframework.web.servlet.FrameworkServlet.doPost(FrameworkServlet.java:914) ~[spring-webmvc-6.1.19.jar:6.1.19]
	at jakarta.servlet.http.HttpServlet.service(HttpServlet.java:590) ~[tomcat-embed-core-10.1.40.jar:6.0]
	at org.springframework.web.servlet.FrameworkServlet.service(FrameworkServlet.java:885) ~[spring-webmvc-6.1.19.jar:6.1.19]
	at jakarta.servlet.http.HttpServlet.service(HttpServlet.java:658) ~[tomcat-embed-core-10.1.40.jar:6.0]
	at org.apache.catalina.core.ApplicationFilterChain.internalDoFilter(ApplicationFilterChain.java:195) ~[tomcat-embed-core-10.1.40.jar:10.1.40]
	at org.apache.catalina.core.ApplicationFilterChain.doFilter(ApplicationFilterChain.java:140) ~[tomcat-embed-core-10.1.40.jar:10.1.40]
	at org.apache.tomcat.websocket.server.WsFilter.doFilter(WsFilter.java:51) ~[tomcat-embed-websocket-10.1.40.jar:10.1.40]
	at org.apache.catalina.core.ApplicationFilterChain.internalDoFilter(ApplicationFilterChain.java:164) ~[tomcat-embed-core-10.1.40.jar:10.1.40]
	at org.apache.catalina.core.ApplicationFilterChain.doFilter(ApplicationFilterChain.java:140) ~[tomcat-embed-core-10.1.40.jar:10.1.40]
	at org.springframework.web.servlet.resource.ResourceUrlEncodingFilter.doFilter(ResourceUrlEncodingFilter.java:66) ~[spring-webmvc-6.1.19.jar:6.1.19]
	at org.apache.catalina.core.ApplicationFilterChain.internalDoFilter(ApplicationFilterChain.java:164) ~[tomcat-embed-core-10.1.40.jar:10.1.40]
	at org.apache.catalina.core.ApplicationFilterChain.doFilter(ApplicationFilterChain.java:140) ~[tomcat-embed-core-10.1.40.jar:10.1.40]
	at org.springframework.web.filter.RequestContextFilter.doFilterInternal(RequestContextFilter.java:100) ~[spring-web-6.1.19.jar:6.1.19]
	at org.springframework.web.filter.OncePerRequestFilter.doFilter(OncePerRequestFilter.java:116) ~[spring-web-6.1.19.jar:6.1.19]
	at org.apache.catalina.core.ApplicationFilterChain.internalDoFilter(ApplicationFilterChain.java:164) ~[tomcat-embed-core-10.1.40.jar:10.1.40]
	at org.apache.catalina.core.ApplicationFilterChain.doFilter(ApplicationFilterChain.java:140) ~[tomcat-embed-core-10.1.40.jar:10.1.40]
	at org.springframework.web.filter.FormContentFilter.doFilterInternal(FormContentFilter.java:93) ~[spring-web-6.1.19.jar:6.1.19]
	at org.springframework.web.filter.OncePerRequestFilter.doFilter(OncePerRequestFilter.java:116) ~[spring-web-6.1.19.jar:6.1.19]
	at org.apache.catalina.core.ApplicationFilterChain.internalDoFilter(ApplicationFilterChain.java:164) ~[tomcat-embed-core-10.1.40.jar:10.1.40]
	at org.apache.catalina.core.ApplicationFilterChain.doFilter(ApplicationFilterChain.java:140) ~[tomcat-embed-core-10.1.40.jar:10.1.40]
	at org.springframework.web.filter.CharacterEncodingFilter.doFilterInternal(CharacterEncodingFilter.java:201) ~[spring-web-6.1.19.jar:6.1.19]
	at org.springframework.web.filter.OncePerRequestFilter.doFilter(OncePerRequestFilter.java:116) ~[spring-web-6.1.19.jar:6.1.19]
	at org.apache.catalina.core.ApplicationFilterChain.internalDoFilter(ApplicationFilterChain.java:164) ~[tomcat-embed-core-10.1.40.jar:10.1.40]
	at org.apache.catalina.core.ApplicationFilterChain.doFilter(ApplicationFilterChain.java:140) ~[tomcat-embed-core-10.1.40.jar:10.1.40]
	at org.apache.catalina.core.StandardWrapperValve.invoke(StandardWrapperValve.java:167) ~[tomcat-embed-core-10.1.40.jar:10.1.40]
	at org.apache.catalina.core.StandardContextValve.invoke(StandardContextValve.java:90) ~[tomcat-embed-core-10.1.40.jar:10.1.40]
	at org.apache.catalina.authenticator.AuthenticatorBase.invoke(AuthenticatorBase.java:483) ~[tomcat-embed-core-10.1.40.jar:10.1.40]
	at org.apache.catalina.core.StandardHostValve.invoke(StandardHostValve.java:116) ~[tomcat-embed-core-10.1.40.jar:10.1.40]
	at org.apache.catalina.valves.ErrorReportValve.invoke(ErrorReportValve.java:93) ~[tomcat-embed-core-10.1.40.jar:10.1.40]
	at org.apache.catalina.core.StandardEngineValve.invoke(StandardEngineValve.java:74) ~[tomcat-embed-core-10.1.40.jar:10.1.40]
	at org.apache.catalina.connector.CoyoteAdapter.service(CoyoteAdapter.java:344) ~[tomcat-embed-core-10.1.40.jar:10.1.40]
	at org.apache.coyote.http11.Http11Processor.service(Http11Processor.java:398) ~[tomcat-embed-core-10.1.40.jar:10.1.40]
	at org.apache.coyote.AbstractProcessorLight.process(AbstractProcessorLight.java:63) ~[tomcat-embed-core-10.1.40.jar:10.1.40]
	at org.apache.coyote.AbstractProtocol$ConnectionHandler.process(AbstractProtocol.java:903) ~[tomcat-embed-core-10.1.40.jar:10.1.40]
	at org.apache.tomcat.util.net.NioEndpoint$SocketProcessor.doRun(NioEndpoint.java:1740) ~[tomcat-embed-core-10.1.40.jar:10.1.40]
	at org.apache.tomcat.util.net.SocketProcessorBase.run(SocketProcessorBase.java:52) ~[tomcat-embed-core-10.1.40.jar:10.1.40]
	at org.apache.tomcat.util.threads.ThreadPoolExecutor.runWorker(ThreadPoolExecutor.java:1189) ~[tomcat-embed-core-10.1.40.jar:10.1.40]
	at org.apache.tomcat.util.threads.ThreadPoolExecutor$Worker.run(ThreadPoolExecutor.java:658) ~[tomcat-embed-core-10.1.40.jar:10.1.40]
	at org.apache.tomcat.util.threads.TaskThread$WrappingRunnable.run(TaskThread.java:63) ~[tomcat-embed-core-10.1.40.jar:10.1.40]
	at java.base/java.lang.Thread.run(Thread.java:1583) ~[na:na]

2025-05-01T22:10:24.352+05:45  INFO 897085 --- [EcommerceCommon] [http-nio-8080-exec-2] n.c.j.e.admin.user.UserController        : saved user: User{id=9, email='sh@shyam.hari', password='12345678', firstName='ram hari', lastName='hari ram', photos='null', enabled=true, roles=[ROLE_SALESPERSON]}
2025-05-01T22:10:24.372+05:45 ERROR 897085 --- [EcommerceCommon] [http-nio-8080-exec-4] org.thymeleaf.TemplateEngine             : [THYMELEAF][http-nio-8080-exec-4] Exception processing template "users": An error happened during template parsing (template: "class path resource [templates/users.html]")

org.thymeleaf.exceptions.TemplateInputException: An error happened during template parsing (template: "class path resource [templates/users.html]")
	at org.thymeleaf.templateparser.markup.AbstractMarkupTemplateParser.parse(AbstractMarkupTemplateParser.java:241) ~[thymeleaf-3.1.3.RELEASE.jar:3.1.3.RELEASE]
	at org.thymeleaf.templateparser.markup.AbstractMarkupTemplateParser.parseStandalone(AbstractMarkupTemplateParser.java:100) ~[thymeleaf-3.1.3.RELEASE.jar:3.1.3.RELEASE]
	at org.thymeleaf.engine.TemplateManager.parseAndProcess(TemplateManager.java:666) ~[thymeleaf-3.1.3.RELEASE.jar:3.1.3.RELEASE]
	at org.thymeleaf.TemplateEngine.process(TemplateEngine.java:1103) ~[thymeleaf-3.1.3.RELEASE.jar:3.1.3.RELEASE]
	at org.thymeleaf.TemplateEngine.process(TemplateEngine.java:1077) ~[thymeleaf-3.1.3.RELEASE.jar:3.1.3.RELEASE]
	at org.thymeleaf.spring6.view.ThymeleafView.renderFragment(ThymeleafView.java:372) ~[thymeleaf-spring6-3.1.3.RELEASE.jar:3.1.3.RELEASE]
	at org.thymeleaf.spring6.view.ThymeleafView.render(ThymeleafView.java:192) ~[thymeleaf-spring6-3.1.3.RELEASE.jar:3.1.3.RELEASE]
	at org.springframework.web.servlet.DispatcherServlet.render(DispatcherServlet.java:1432) ~[spring-webmvc-6.1.19.jar:6.1.19]
	at org.springframework.web.servlet.DispatcherServlet.processDispatchResult(DispatcherServlet.java:1168) ~[spring-webmvc-6.1.19.jar:6.1.19]
	at org.springframework.web.servlet.DispatcherServlet.doDispatch(DispatcherServlet.java:1106) ~[spring-webmvc-6.1.19.jar:6.1.19]
	at org.springframework.web.servlet.DispatcherServlet.doService(DispatcherServlet.java:979) ~[spring-webmvc-6.1.19.jar:6.1.19]
	at org.springframework.web.servlet.FrameworkServlet.processRequest(FrameworkServlet.java:1014) ~[spring-webmvc-6.1.19.jar:6.1.19]
	at org.springframework.web.servlet.FrameworkServlet.doGet(FrameworkServlet.java:903) ~[spring-webmvc-6.1.19.jar:6.1.19]
	at jakarta.servlet.http.HttpServlet.service(HttpServlet.java:564) ~[tomcat-embed-core-10.1.40.jar:6.0]
	at org.springframework.web.servlet.FrameworkServlet.service(FrameworkServlet.java:885) ~[spring-webmvc-6.1.19.jar:6.1.19]
	at jakarta.servlet.http.HttpServlet.service(HttpServlet.java:658) ~[tomcat-embed-core-10.1.40.jar:6.0]
	at org.apache.catalina.core.ApplicationFilterChain.internalDoFilter(ApplicationFilterChain.java:195) ~[tomcat-embed-core-10.1.40.jar:10.1.40]
	at org.apache.catalina.core.ApplicationFilterChain.doFilter(ApplicationFilterChain.java:140) ~[tomcat-embed-core-10.1.40.jar:10.1.40]
	at org.apache.tomcat.websocket.server.WsFilter.doFilter(WsFilter.java:51) ~[tomcat-embed-websocket-10.1.40.jar:10.1.40]
	at org.apache.catalina.core.ApplicationFilterChain.internalDoFilter(ApplicationFilterChain.java:164) ~[tomcat-embed-core-10.1.40.jar:10.1.40]
	at org.apache.catalina.core.ApplicationFilterChain.doFilter(ApplicationFilterChain.java:140) ~[tomcat-embed-core-10.1.40.jar:10.1.40]
	at org.springframework.web.servlet.resource.ResourceUrlEncodingFilter.doFilter(ResourceUrlEncodingFilter.java:66) ~[spring-webmvc-6.1.19.jar:6.1.19]
	at org.apache.catalina.core.ApplicationFilterChain.internalDoFilter(ApplicationFilterChain.java:164) ~[tomcat-embed-core-10.1.40.jar:10.1.40]
	at org.apache.catalina.core.ApplicationFilterChain.doFilter(ApplicationFilterChain.java:140) ~[tomcat-embed-core-10.1.40.jar:10.1.40]
	at org.springframework.web.filter.RequestContextFilter.doFilterInternal(RequestContextFilter.java:100) ~[spring-web-6.1.19.jar:6.1.19]
	at org.springframework.web.filter.OncePerRequestFilter.doFilter(OncePerRequestFilter.java:116) ~[spring-web-6.1.19.jar:6.1.19]
	at org.apache.catalina.core.ApplicationFilterChain.internalDoFilter(ApplicationFilterChain.java:164) ~[tomcat-embed-core-10.1.40.jar:10.1.40]
	at org.apache.catalina.core.ApplicationFilterChain.doFilter(ApplicationFilterChain.java:140) ~[tomcat-embed-core-10.1.40.jar:10.1.40]
	at org.springframework.web.filter.FormContentFilter.doFilterInternal(FormContentFilter.java:93) ~[spring-web-6.1.19.jar:6.1.19]
	at org.springframework.web.filter.OncePerRequestFilter.doFilter(OncePerRequestFilter.java:116) ~[spring-web-6.1.19.jar:6.1.19]
	at org.apache.catalina.core.ApplicationFilterChain.internalDoFilter(ApplicationFilterChain.java:164) ~[tomcat-embed-core-10.1.40.jar:10.1.40]
	at org.apache.catalina.core.ApplicationFilterChain.doFilter(ApplicationFilterChain.java:140) ~[tomcat-embed-core-10.1.40.jar:10.1.40]
	at org.springframework.web.filter.CharacterEncodingFilter.doFilterInternal(CharacterEncodingFilter.java:201) ~[spring-web-6.1.19.jar:6.1.19]
	at org.springframework.web.filter.OncePerRequestFilter.doFilter(OncePerRequestFilter.java:116) ~[spring-web-6.1.19.jar:6.1.19]
	at org.apache.catalina.core.ApplicationFilterChain.internalDoFilter(ApplicationFilterChain.java:164) ~[tomcat-embed-core-10.1.40.jar:10.1.40]
	at org.apache.catalina.core.ApplicationFilterChain.doFilter(ApplicationFilterChain.java:140) ~[tomcat-embed-core-10.1.40.jar:10.1.40]
	at org.apache.catalina.core.StandardWrapperValve.invoke(StandardWrapperValve.java:167) ~[tomcat-embed-core-10.1.40.jar:10.1.40]
	at org.apache.catalina.core.StandardContextValve.invoke(StandardContextValve.java:90) ~[tomcat-embed-core-10.1.40.jar:10.1.40]
	at org.apache.catalina.authenticator.AuthenticatorBase.invoke(AuthenticatorBase.java:483) ~[tomcat-embed-core-10.1.40.jar:10.1.40]
	at org.apache.catalina.core.StandardHostValve.invoke(StandardHostValve.java:116) ~[tomcat-embed-core-10.1.40.jar:10.1.40]
	at org.apache.catalina.valves.ErrorReportValve.invoke(ErrorReportValve.java:93) ~[tomcat-embed-core-10.1.40.jar:10.1.40]
	at org.apache.catalina.core.StandardEngineValve.invoke(StandardEngineValve.java:74) ~[tomcat-embed-core-10.1.40.jar:10.1.40]
	at org.apache.catalina.connector.CoyoteAdapter.service(CoyoteAdapter.java:344) ~[tomcat-embed-core-10.1.40.jar:10.1.40]
	at org.apache.coyote.http11.Http11Processor.service(Http11Processor.java:398) ~[tomcat-embed-core-10.1.40.jar:10.1.40]
	at org.apache.coyote.AbstractProcessorLight.process(AbstractProcessorLight.java:63) ~[tomcat-embed-core-10.1.40.jar:10.1.40]
	at org.apache.coyote.AbstractProtocol$ConnectionHandler.process(AbstractProtocol.java:903) ~[tomcat-embed-core-10.1.40.jar:10.1.40]
	at org.apache.tomcat.util.net.NioEndpoint$SocketProcessor.doRun(NioEndpoint.java:1740) ~[tomcat-embed-core-10.1.40.jar:10.1.40]
	at org.apache.tomcat.util.net.SocketProcessorBase.run(SocketProcessorBase.java:52) ~[tomcat-embed-core-10.1.40.jar:10.1.40]
	at org.apache.tomcat.util.threads.ThreadPoolExecutor.runWorker(ThreadPoolExecutor.java:1189) ~[tomcat-embed-core-10.1.40.jar:10.1.40]
	at org.apache.tomcat.util.threads.ThreadPoolExecutor$Worker.run(ThreadPoolExecutor.java:658) ~[tomcat-embed-core-10.1.40.jar:10.1.40]
	at org.apache.tomcat.util.threads.TaskThread$WrappingRunnable.run(TaskThread.java:63) ~[tomcat-embed-core-10.1.40.jar:10.1.40]
	at java.base/java.lang.Thread.run(Thread.java:1583) ~[na:na]
Caused by: org.attoparser.ParseException: Could not parse as expression: "${message}}" (template: "users" - line 43, col 11)
	at org.attoparser.MarkupParser.parseDocument(MarkupParser.java:393) ~[attoparser-2.0.7.RELEASE.jar:2.0.7.RELEASE]
	at org.attoparser.MarkupParser.parse(MarkupParser.java:257) ~[attoparser-2.0.7.RELEASE.jar:2.0.7.RELEASE]
	at org.thymeleaf.templateparser.markup.AbstractMarkupTemplateParser.parse(AbstractMarkupTemplateParser.java:230) ~[thymeleaf-3.1.3.RELEASE.jar:3.1.3.RELEASE]
	... 51 common frames omitted
Caused by: org.thymeleaf.exceptions.TemplateProcessingException: Could not parse as expression: "${message}}" (template: "users" - line 43, col 11)
	at org.thymeleaf.standard.expression.StandardExpressionParser.parseExpression(StandardExpressionParser.java:131) ~[thymeleaf-3.1.3.RELEASE.jar:3.1.3.RELEASE]
	at org.thymeleaf.standard.expression.StandardExpressionParser.parseExpression(StandardExpressionParser.java:62) ~[thymeleaf-3.1.3.RELEASE.jar:3.1.3.RELEASE]
	at org.thymeleaf.standard.expression.StandardExpressionParser.parseExpression(StandardExpressionParser.java:44) ~[thymeleaf-3.1.3.RELEASE.jar:3.1.3.RELEASE]
	at org.thymeleaf.engine.EngineEventUtils.parseAttributeExpression(EngineEventUtils.java:220) ~[thymeleaf-3.1.3.RELEASE.jar:3.1.3.RELEASE]
	at org.thymeleaf.engine.EngineEventUtils.computeAttributeExpression(EngineEventUtils.java:207) ~[thymeleaf-3.1.3.RELEASE.jar:3.1.3.RELEASE]
	at org.thymeleaf.standard.processor.AbstractStandardExpressionAttributeTagProcessor.doProcess(AbstractStandardExpressionAttributeTagProcessor.java:125) ~[thymeleaf-3.1.3.RELEASE.jar:3.1.3.RELEASE]
	at org.thymeleaf.processor.element.AbstractAttributeTagProcessor.doProcess(AbstractAttributeTagProcessor.java:74) ~[thymeleaf-3.1.3.RELEASE.jar:3.1.3.RELEASE]
	at org.thymeleaf.processor.element.AbstractElementTagProcessor.process(AbstractElementTagProcessor.java:95) ~[thymeleaf-3.1.3.RELEASE.jar:3.1.3.RELEASE]
	at org.thymeleaf.util.ProcessorConfigurationUtils$ElementTagProcessorWrapper.process(ProcessorConfigurationUtils.java:633) ~[thymeleaf-3.1.3.RELEASE.jar:3.1.3.RELEASE]
	at org.thymeleaf.engine.ProcessorTemplateHandler.handleOpenElement(ProcessorTemplateHandler.java:1314) ~[thymeleaf-3.1.3.RELEASE.jar:3.1.3.RELEASE]
	at org.thymeleaf.engine.TemplateHandlerAdapterMarkupHandler.handleOpenElementEnd(TemplateHandlerAdapterMarkupHandler.java:304) ~[thymeleaf-3.1.3.RELEASE.jar:3.1.3.RELEASE]
	at org.thymeleaf.templateparser.markup.InlinedOutputExpressionMarkupHandler$InlineMarkupAdapterPreProcessorHandler.handleOpenElementEnd(InlinedOutputExpressionMarkupHandler.java:278) ~[thymeleaf-3.1.3.RELEASE.jar:3.1.3.RELEASE]
	at org.thymeleaf.standard.inline.OutputExpressionInlinePreProcessorHandler.performInlining(OutputExpressionInlinePreProcessorHandler.java:440) ~[thymeleaf-3.1.3.RELEASE.jar:3.1.3.RELEASE]
	at org.thymeleaf.standard.inline.OutputExpressionInlinePreProcessorHandler.handleText(OutputExpressionInlinePreProcessorHandler.java:146) ~[thymeleaf-3.1.3.RELEASE.jar:3.1.3.RELEASE]
	at org.thymeleaf.templateparser.markup.InlinedOutputExpressionMarkupHandler.handleText(InlinedOutputExpressionMarkupHandler.java:80) ~[thymeleaf-3.1.3.RELEASE.jar:3.1.3.RELEASE]
	at org.attoparser.HtmlMarkupHandler.handleText(HtmlMarkupHandler.java:208) ~[attoparser-2.0.7.RELEASE.jar:2.0.7.RELEASE]
	at org.attoparser.AbstractChainedMarkupHandler.handleText(AbstractChainedMarkupHandler.java:203) ~[attoparser-2.0.7.RELEASE.jar:2.0.7.RELEASE]
	at org.attoparser.MarkupParser.parseBuffer(MarkupParser.java:662) ~[attoparser-2.0.7.RELEASE.jar:2.0.7.RELEASE]
	at org.attoparser.MarkupParser.parseDocument(MarkupParser.java:301) ~[attoparser-2.0.7.RELEASE.jar:2.0.7.RELEASE]
	... 53 common frames omitted

2025-05-01T22:10:24.374+05:45 ERROR 897085 --- [EcommerceCommon] [http-nio-8080-exec-4] o.a.c.c.C.[.[.[.[dispatcherServlet]      : Servlet.service() for servlet [dispatcherServlet] in context with path [/admin] threw exception [Request processing failed: org.thymeleaf.exceptions.TemplateInputException: An error happened during template parsing (template: "class path resource [templates/users.html]")] with root cause

org.thymeleaf.exceptions.TemplateProcessingException: Could not parse as expression: "${message}}" (template: "users" - line 43, col 11)
	at org.thymeleaf.standard.expression.StandardExpressionParser.parseExpression(StandardExpressionParser.java:131) ~[thymeleaf-3.1.3.RELEASE.jar:3.1.3.RELEASE]
	at org.thymeleaf.standard.expression.StandardExpressionParser.parseExpression(StandardExpressionParser.java:62) ~[thymeleaf-3.1.3.RELEASE.jar:3.1.3.RELEASE]
	at org.thymeleaf.standard.expression.StandardExpressionParser.parseExpression(StandardExpressionParser.java:44) ~[thymeleaf-3.1.3.RELEASE.jar:3.1.3.RELEASE]
	at org.thymeleaf.engine.EngineEventUtils.parseAttributeExpression(EngineEventUtils.java:220) ~[thymeleaf-3.1.3.RELEASE.jar:3.1.3.RELEASE]
	at org.thymeleaf.engine.EngineEventUtils.computeAttributeExpression(EngineEventUtils.java:207) ~[thymeleaf-3.1.3.RELEASE.jar:3.1.3.RELEASE]
	at org.thymeleaf.standard.processor.AbstractStandardExpressionAttributeTagProcessor.doProcess(AbstractStandardExpressionAttributeTagProcessor.java:125) ~[thymeleaf-3.1.3.RELEASE.jar:3.1.3.RELEASE]
	at org.thymeleaf.processor.element.AbstractAttributeTagProcessor.doProcess(AbstractAttributeTagProcessor.java:74) ~[thymeleaf-3.1.3.RELEASE.jar:3.1.3.RELEASE]
	at org.thymeleaf.processor.element.AbstractElementTagProcessor.process(AbstractElementTagProcessor.java:95) ~[thymeleaf-3.1.3.RELEASE.jar:3.1.3.RELEASE]
	at org.thymeleaf.util.ProcessorConfigurationUtils$ElementTagProcessorWrapper.process(ProcessorConfigurationUtils.java:633) ~[thymeleaf-3.1.3.RELEASE.jar:3.1.3.RELEASE]
	at org.thymeleaf.engine.ProcessorTemplateHandler.handleOpenElement(ProcessorTemplateHandler.java:1314) ~[thymeleaf-3.1.3.RELEASE.jar:3.1.3.RELEASE]
	at org.thymeleaf.engine.TemplateHandlerAdapterMarkupHandler.handleOpenElementEnd(TemplateHandlerAdapterMarkupHandler.java:304) ~[thymeleaf-3.1.3.RELEASE.jar:3.1.3.RELEASE]
	at org.thymeleaf.templateparser.markup.InlinedOutputExpressionMarkupHandler$InlineMarkupAdapterPreProcessorHandler.handleOpenElementEnd(InlinedOutputExpressionMarkupHandler.java:278) ~[thymeleaf-3.1.3.RELEASE.jar:3.1.3.RELEASE]
	at org.thymeleaf.standard.inline.OutputExpressionInlinePreProcessorHandler.performInlining(OutputExpressionInlinePreProcessorHandler.java:440) ~[thymeleaf-3.1.3.RELEASE.jar:3.1.3.RELEASE]
	at org.thymeleaf.standard.inline.OutputExpressionInlinePreProcessorHandler.handleText(OutputExpressionInlinePreProcessorHandler.java:146) ~[thymeleaf-3.1.3.RELEASE.jar:3.1.3.RELEASE]
	at org.thymeleaf.templateparser.markup.InlinedOutputExpressionMarkupHandler.handleText(InlinedOutputExpressionMarkupHandler.java:80) ~[thymeleaf-3.1.3.RELEASE.jar:3.1.3.RELEASE]
	at org.attoparser.HtmlMarkupHandler.handleText(HtmlMarkupHandler.java:208) ~[attoparser-2.0.7.RELEASE.jar:2.0.7.RELEASE]
	at org.attoparser.AbstractChainedMarkupHandler.handleText(AbstractChainedMarkupHandler.java:203) ~[attoparser-2.0.7.RELEASE.jar:2.0.7.RELEASE]
	at org.attoparser.MarkupParser.parseBuffer(MarkupParser.java:662) ~[attoparser-2.0.7.RELEASE.jar:2.0.7.RELEASE]
	at org.attoparser.MarkupParser.parseDocument(MarkupParser.java:301) ~[attoparser-2.0.7.RELEASE.jar:2.0.7.RELEASE]
	at org.attoparser.MarkupParser.parse(MarkupParser.java:257) ~[attoparser-2.0.7.RELEASE.jar:2.0.7.RELEASE]
	at org.thymeleaf.templateparser.markup.AbstractMarkupTemplateParser.parse(AbstractMarkupTemplateParser.java:230) ~[thymeleaf-3.1.3.RELEASE.jar:3.1.3.RELEASE]
	at org.thymeleaf.templateparser.markup.AbstractMarkupTemplateParser.parseStandalone(AbstractMarkupTemplateParser.java:100) ~[thymeleaf-3.1.3.RELEASE.jar:3.1.3.RELEASE]
	at org.thymeleaf.engine.TemplateManager.parseAndProcess(TemplateManager.java:666) ~[thymeleaf-3.1.3.RELEASE.jar:3.1.3.RELEASE]
	at org.thymeleaf.TemplateEngine.process(TemplateEngine.java:1103) ~[thymeleaf-3.1.3.RELEASE.jar:3.1.3.RELEASE]
	at org.thymeleaf.TemplateEngine.process(TemplateEngine.java:1077) ~[thymeleaf-3.1.3.RELEASE.jar:3.1.3.RELEASE]
	at org.thymeleaf.spring6.view.ThymeleafView.renderFragment(ThymeleafView.java:372) ~[thymeleaf-spring6-3.1.3.RELEASE.jar:3.1.3.RELEASE]
	at org.thymeleaf.spring6.view.ThymeleafView.render(ThymeleafView.java:192) ~[thymeleaf-spring6-3.1.3.RELEASE.jar:3.1.3.RELEASE]
	at org.springframework.web.servlet.DispatcherServlet.render(DispatcherServlet.java:1432) ~[spring-webmvc-6.1.19.jar:6.1.19]
	at org.springframework.web.servlet.DispatcherServlet.processDispatchResult(DispatcherServlet.java:1168) ~[spring-webmvc-6.1.19.jar:6.1.19]
	at org.springframework.web.servlet.DispatcherServlet.doDispatch(DispatcherServlet.java:1106) ~[spring-webmvc-6.1.19.jar:6.1.19]
	at org.springframework.web.servlet.DispatcherServlet.doService(DispatcherServlet.java:979) ~[spring-webmvc-6.1.19.jar:6.1.19]
	at org.springframework.web.servlet.FrameworkServlet.processRequest(FrameworkServlet.java:1014) ~[spring-webmvc-6.1.19.jar:6.1.19]
	at org.springframework.web.servlet.FrameworkServlet.doGet(FrameworkServlet.java:903) ~[spring-webmvc-6.1.19.jar:6.1.19]
	at jakarta.servlet.http.HttpServlet.service(HttpServlet.java:564) ~[tomcat-embed-core-10.1.40.jar:6.0]
	at org.springframework.web.servlet.FrameworkServlet.service(FrameworkServlet.java:885) ~[spring-webmvc-6.1.19.jar:6.1.19]
	at jakarta.servlet.http.HttpServlet.service(HttpServlet.java:658) ~[tomcat-embed-core-10.1.40.jar:6.0]
	at org.apache.catalina.core.ApplicationFilterChain.internalDoFilter(ApplicationFilterChain.java:195) ~[tomcat-embed-core-10.1.40.jar:10.1.40]
	at org.apache.catalina.core.ApplicationFilterChain.doFilter(ApplicationFilterChain.java:140) ~[tomcat-embed-core-10.1.40.jar:10.1.40]
	at org.apache.tomcat.websocket.server.WsFilter.doFilter(WsFilter.java:51) ~[tomcat-embed-websocket-10.1.40.jar:10.1.40]
	at org.apache.catalina.core.ApplicationFilterChain.internalDoFilter(ApplicationFilterChain.java:164) ~[tomcat-embed-core-10.1.40.jar:10.1.40]
	at org.apache.catalina.core.ApplicationFilterChain.doFilter(ApplicationFilterChain.java:140) ~[tomcat-embed-core-10.1.40.jar:10.1.40]
	at org.springframework.web.servlet.resource.ResourceUrlEncodingFilter.doFilter(ResourceUrlEncodingFilter.java:66) ~[spring-webmvc-6.1.19.jar:6.1.19]
	at org.apache.catalina.core.ApplicationFilterChain.internalDoFilter(ApplicationFilterChain.java:164) ~[tomcat-embed-core-10.1.40.jar:10.1.40]
	at org.apache.catalina.core.ApplicationFilterChain.doFilter(ApplicationFilterChain.java:140) ~[tomcat-embed-core-10.1.40.jar:10.1.40]
	at org.springframework.web.filter.RequestContextFilter.doFilterInternal(RequestContextFilter.java:100) ~[spring-web-6.1.19.jar:6.1.19]
	at org.springframework.web.filter.OncePerRequestFilter.doFilter(OncePerRequestFilter.java:116) ~[spring-web-6.1.19.jar:6.1.19]
	at org.apache.catalina.core.ApplicationFilterChain.internalDoFilter(ApplicationFilterChain.java:164) ~[tomcat-embed-core-10.1.40.jar:10.1.40]
	at org.apache.catalina.core.ApplicationFilterChain.doFilter(ApplicationFilterChain.java:140) ~[tomcat-embed-core-10.1.40.jar:10.1.40]
	at org.springframework.web.filter.FormContentFilter.doFilterInternal(FormContentFilter.java:93) ~[spring-web-6.1.19.jar:6.1.19]
	at org.springframework.web.filter.OncePerRequestFilter.doFilter(OncePerRequestFilter.java:116) ~[spring-web-6.1.19.jar:6.1.19]
	at org.apache.catalina.core.ApplicationFilterChain.internalDoFilter(ApplicationFilterChain.java:164) ~[tomcat-embed-core-10.1.40.jar:10.1.40]
	at org.apache.catalina.core.ApplicationFilterChain.doFilter(ApplicationFilterChain.java:140) ~[tomcat-embed-core-10.1.40.jar:10.1.40]
	at org.springframework.web.filter.CharacterEncodingFilter.doFilterInternal(CharacterEncodingFilter.java:201) ~[spring-web-6.1.19.jar:6.1.19]
	at org.springframework.web.filter.OncePerRequestFilter.doFilter(OncePerRequestFilter.java:116) ~[spring-web-6.1.19.jar:6.1.19]
	at org.apache.catalina.core.ApplicationFilterChain.internalDoFilter(ApplicationFilterChain.java:164) ~[tomcat-embed-core-10.1.40.jar:10.1.40]
	at org.apache.catalina.core.ApplicationFilterChain.doFilter(ApplicationFilterChain.java:140) ~[tomcat-embed-core-10.1.40.jar:10.1.40]
	at org.apache.catalina.core.StandardWrapperValve.invoke(StandardWrapperValve.java:167) ~[tomcat-embed-core-10.1.40.jar:10.1.40]
	at org.apache.catalina.core.StandardContextValve.invoke(StandardContextValve.java:90) ~[tomcat-embed-core-10.1.40.jar:10.1.40]
	at org.apache.catalina.authenticator.AuthenticatorBase.invoke(AuthenticatorBase.java:483) ~[tomcat-embed-core-10.1.40.jar:10.1.40]
	at org.apache.catalina.core.StandardHostValve.invoke(StandardHostValve.java:116) ~[tomcat-embed-core-10.1.40.jar:10.1.40]
	at org.apache.catalina.valves.ErrorReportValve.invoke(ErrorReportValve.java:93) ~[tomcat-embed-core-10.1.40.jar:10.1.40]
	at org.apache.catalina.core.StandardEngineValve.invoke(StandardEngineValve.java:74) ~[tomcat-embed-core-10.1.40.jar:10.1.40]
	at org.apache.catalina.connector.CoyoteAdapter.service(CoyoteAdapter.java:344) ~[tomcat-embed-core-10.1.40.jar:10.1.40]
	at org.apache.coyote.http11.Http11Processor.service(Http11Processor.java:398) ~[tomcat-embed-core-10.1.40.jar:10.1.40]
	at org.apache.coyote.AbstractProcessorLight.process(AbstractProcessorLight.java:63) ~[tomcat-embed-core-10.1.40.jar:10.1.40]
	at org.apache.coyote.AbstractProtocol$ConnectionHandler.process(AbstractProtocol.java:903) ~[tomcat-embed-core-10.1.40.jar:10.1.40]
	at org.apache.tomcat.util.net.NioEndpoint$SocketProcessor.doRun(NioEndpoint.java:1740) ~[tomcat-embed-core-10.1.40.jar:10.1.40]
	at org.apache.tomcat.util.net.SocketProcessorBase.run(SocketProcessorBase.java:52) ~[tomcat-embed-core-10.1.40.jar:10.1.40]
	at org.apache.tomcat.util.threads.ThreadPoolExecutor.runWorker(ThreadPoolExecutor.java:1189) ~[tomcat-embed-core-10.1.40.jar:10.1.40]
	at org.apache.tomcat.util.threads.ThreadPoolExecutor$Worker.run(ThreadPoolExecutor.java:658) ~[tomcat-embed-core-10.1.40.jar:10.1.40]
	at org.apache.tomcat.util.threads.TaskThread$WrappingRunnable.run(TaskThread.java:63) ~[tomcat-embed-core-10.1.40.jar:10.1.40]
	at java.base/java.lang.Thread.run(Thread.java:1583) ~[na:na]

2025-05-01T22:16:28.160+05:45  INFO 897085 --- [EcommerceCommon] [SpringApplicationShutdownHook] j.LocalContainerEntityManagerFactoryBean : Closing JPA EntityManagerFactory for persistence unit 'default'
2025-05-01T22:16:28.161+05:45  INFO 897085 --- [EcommerceCommon] [SpringApplicationShutdownHook] com.zaxxer.hikari.HikariDataSource       : HikariPool-22 - Shutdown initiated...
2025-05-01T22:16:28.165+05:45  INFO 897085 --- [EcommerceCommon] [SpringApplicationShutdownHook] com.zaxxer.hikari.HikariDataSource       : HikariPool-22 - Shutdown completed.
2025-05-01T22:16:33.835+05:45  INFO 957319 --- [EcommerceCommon] [restartedMain] n.c.j.e.a.EcommerceBackendApplication    : Starting EcommerceBackendApplication using Java 21.0.7 with PID 957319 (/home/jp/Documents/eclipse-workspace/EcommerceProject/EcommerceWebParent/EcommerceBackend/target/classes started by jp in /home/jp/Documents/eclipse-workspace/EcommerceProject)
2025-05-01T22:16:33.837+05:45  INFO 957319 --- [EcommerceCommon] [restartedMain] n.c.j.e.a.EcommerceBackendApplication    : No active profile set, falling back to 1 default profile: "default"
2025-05-01T22:16:33.886+05:45  INFO 957319 --- [EcommerceCommon] [restartedMain] .e.DevToolsPropertyDefaultsPostProcessor : Devtools property defaults active! Set 'spring.devtools.add-properties' to 'false' to disable
2025-05-01T22:16:33.887+05:45  INFO 957319 --- [EcommerceCommon] [restartedMain] .e.DevToolsPropertyDefaultsPostProcessor : For additional web related logging consider setting the 'logging.level.web' property to 'DEBUG'
2025-05-01T22:16:34.612+05:45  INFO 957319 --- [EcommerceCommon] [restartedMain] .s.d.r.c.RepositoryConfigurationDelegate : Bootstrapping Spring Data JPA repositories in DEFAULT mode.
2025-05-01T22:16:34.684+05:45  INFO 957319 --- [EcommerceCommon] [restartedMain] .s.d.r.c.RepositoryConfigurationDelegate : Finished Spring Data repository scanning in 62 ms. Found 2 JPA repository interfaces.
2025-05-01T22:16:35.241+05:45  INFO 957319 --- [EcommerceCommon] [restartedMain] o.s.b.w.embedded.tomcat.TomcatWebServer  : Tomcat initialized with port 8080 (http)
2025-05-01T22:16:35.256+05:45  INFO 957319 --- [EcommerceCommon] [restartedMain] o.apache.catalina.core.StandardService   : Starting service [Tomcat]
2025-05-01T22:16:35.257+05:45  INFO 957319 --- [EcommerceCommon] [restartedMain] o.apache.catalina.core.StandardEngine    : Starting Servlet engine: [Apache Tomcat/10.1.40]
2025-05-01T22:16:35.302+05:45  INFO 957319 --- [EcommerceCommon] [restartedMain] o.a.c.c.C.[Tomcat].[localhost].[/admin]  : Initializing Spring embedded WebApplicationContext
2025-05-01T22:16:35.303+05:45  INFO 957319 --- [EcommerceCommon] [restartedMain] w.s.c.ServletWebServerApplicationContext : Root WebApplicationContext: initialization completed in 1414 ms
2025-05-01T22:16:35.495+05:45  INFO 957319 --- [EcommerceCommon] [restartedMain] o.hibernate.jpa.internal.util.LogHelper  : HHH000204: Processing PersistenceUnitInfo [name: default]
2025-05-01T22:16:35.566+05:45  INFO 957319 --- [EcommerceCommon] [restartedMain] org.hibernate.Version                    : HHH000412: Hibernate ORM core version 6.5.3.Final
2025-05-01T22:16:35.605+05:45  INFO 957319 --- [EcommerceCommon] [restartedMain] o.h.c.internal.RegionFactoryInitiator    : HHH000026: Second-level cache disabled
2025-05-01T22:16:35.974+05:45  INFO 957319 --- [EcommerceCommon] [restartedMain] o.s.o.j.p.SpringPersistenceUnitInfo      : No LoadTimeWeaver setup: ignoring JPA class transformer
2025-05-01T22:16:36.010+05:45  INFO 957319 --- [EcommerceCommon] [restartedMain] com.zaxxer.hikari.HikariDataSource       : HikariPool-1 - Starting...
2025-05-01T22:16:36.187+05:45  INFO 957319 --- [EcommerceCommon] [restartedMain] com.zaxxer.hikari.pool.HikariPool        : HikariPool-1 - Added connection org.postgresql.jdbc.PgConnection@2fd43dad
2025-05-01T22:16:36.189+05:45  INFO 957319 --- [EcommerceCommon] [restartedMain] com.zaxxer.hikari.HikariDataSource       : HikariPool-1 - Start completed.
2025-05-01T22:16:36.224+05:45  WARN 957319 --- [EcommerceCommon] [restartedMain] org.hibernate.orm.deprecation            : HHH90000025: PostgreSQLDialect does not need to be specified explicitly using 'hibernate.dialect' (remove the property setting and it will be selected by default)
2025-05-01T22:16:37.299+05:45  INFO 957319 --- [EcommerceCommon] [restartedMain] o.h.e.t.j.p.i.JtaPlatformInitiator       : HHH000489: No JTA platform available (set 'hibernate.transaction.jta.platform' to enable JTA platform integration)
2025-05-01T22:16:37.477+05:45  INFO 957319 --- [EcommerceCommon] [restartedMain] j.LocalContainerEntityManagerFactoryBean : Initialized JPA EntityManagerFactory for persistence unit 'default'
2025-05-01T22:16:37.799+05:45  WARN 957319 --- [EcommerceCommon] [restartedMain] JpaBaseConfiguration$JpaWebConfiguration : spring.jpa.open-in-view is enabled by default. Therefore, database queries may be performed during view rendering. Explicitly configure spring.jpa.open-in-view to disable this warning
2025-05-01T22:16:37.830+05:45  INFO 957319 --- [EcommerceCommon] [restartedMain] o.s.b.a.w.s.WelcomePageHandlerMapping    : Adding welcome page template: index
2025-05-01T22:16:38.501+05:45  INFO 957319 --- [EcommerceCommon] [restartedMain] o.s.b.d.a.OptionalLiveReloadServer       : LiveReload server is running on port 35729
2025-05-01T22:16:38.538+05:45  INFO 957319 --- [EcommerceCommon] [restartedMain] o.s.b.w.embedded.tomcat.TomcatWebServer  : Tomcat started on port 8080 (http) with context path '/admin'
2025-05-01T22:16:38.548+05:45  INFO 957319 --- [EcommerceCommon] [restartedMain] n.c.j.e.a.EcommerceBackendApplication    : Started EcommerceBackendApplication in 5.258 seconds (process running for 6.096)
2025-05-01T22:16:52.006+05:45  INFO 957319 --- [EcommerceCommon] [http-nio-8080-exec-1] o.a.c.c.C.[Tomcat].[localhost].[/admin]  : Initializing Spring DispatcherServlet 'dispatcherServlet'
2025-05-01T22:16:52.007+05:45  INFO 957319 --- [EcommerceCommon] [http-nio-8080-exec-1] o.s.web.servlet.DispatcherServlet        : Initializing Servlet 'dispatcherServlet'
2025-05-01T22:16:52.008+05:45  INFO 957319 --- [EcommerceCommon] [http-nio-8080-exec-1] o.s.web.servlet.DispatcherServlet        : Completed initialization in 1 ms
2025-05-01T22:26:05.910+05:45 ERROR 957319 --- [EcommerceCommon] [http-nio-8080-exec-10] org.thymeleaf.TemplateEngine             : [THYMELEAF][http-nio-8080-exec-10] Exception processing template "create-user": An error happened during template parsing (template: "class path resource [templates/create-user.html]")

org.thymeleaf.exceptions.TemplateInputException: An error happened during template parsing (template: "class path resource [templates/create-user.html]")
	at org.thymeleaf.templateparser.markup.AbstractMarkupTemplateParser.parse(AbstractMarkupTemplateParser.java:241) ~[thymeleaf-3.1.3.RELEASE.jar:3.1.3.RELEASE]
	at org.thymeleaf.templateparser.markup.AbstractMarkupTemplateParser.parseStandalone(AbstractMarkupTemplateParser.java:100) ~[thymeleaf-3.1.3.RELEASE.jar:3.1.3.RELEASE]
	at org.thymeleaf.engine.TemplateManager.parseAndProcess(TemplateManager.java:666) ~[thymeleaf-3.1.3.RELEASE.jar:3.1.3.RELEASE]
	at org.thymeleaf.TemplateEngine.process(TemplateEngine.java:1103) ~[thymeleaf-3.1.3.RELEASE.jar:3.1.3.RELEASE]
	at org.thymeleaf.TemplateEngine.process(TemplateEngine.java:1077) ~[thymeleaf-3.1.3.RELEASE.jar:3.1.3.RELEASE]
	at org.thymeleaf.spring6.view.ThymeleafView.renderFragment(ThymeleafView.java:372) ~[thymeleaf-spring6-3.1.3.RELEASE.jar:3.1.3.RELEASE]
	at org.thymeleaf.spring6.view.ThymeleafView.render(ThymeleafView.java:192) ~[thymeleaf-spring6-3.1.3.RELEASE.jar:3.1.3.RELEASE]
	at org.springframework.web.servlet.DispatcherServlet.render(DispatcherServlet.java:1432) ~[spring-webmvc-6.1.19.jar:6.1.19]
	at org.springframework.web.servlet.DispatcherServlet.processDispatchResult(DispatcherServlet.java:1168) ~[spring-webmvc-6.1.19.jar:6.1.19]
	at org.springframework.web.servlet.DispatcherServlet.doDispatch(DispatcherServlet.java:1106) ~[spring-webmvc-6.1.19.jar:6.1.19]
	at org.springframework.web.servlet.DispatcherServlet.doService(DispatcherServlet.java:979) ~[spring-webmvc-6.1.19.jar:6.1.19]
	at org.springframework.web.servlet.FrameworkServlet.processRequest(FrameworkServlet.java:1014) ~[spring-webmvc-6.1.19.jar:6.1.19]
	at org.springframework.web.servlet.FrameworkServlet.doGet(FrameworkServlet.java:903) ~[spring-webmvc-6.1.19.jar:6.1.19]
	at jakarta.servlet.http.HttpServlet.service(HttpServlet.java:564) ~[tomcat-embed-core-10.1.40.jar:6.0]
	at org.springframework.web.servlet.FrameworkServlet.service(FrameworkServlet.java:885) ~[spring-webmvc-6.1.19.jar:6.1.19]
	at jakarta.servlet.http.HttpServlet.service(HttpServlet.java:658) ~[tomcat-embed-core-10.1.40.jar:6.0]
	at org.apache.catalina.core.ApplicationFilterChain.internalDoFilter(ApplicationFilterChain.java:195) ~[tomcat-embed-core-10.1.40.jar:10.1.40]
	at org.apache.catalina.core.ApplicationFilterChain.doFilter(ApplicationFilterChain.java:140) ~[tomcat-embed-core-10.1.40.jar:10.1.40]
	at org.apache.tomcat.websocket.server.WsFilter.doFilter(WsFilter.java:51) ~[tomcat-embed-websocket-10.1.40.jar:10.1.40]
	at org.apache.catalina.core.ApplicationFilterChain.internalDoFilter(ApplicationFilterChain.java:164) ~[tomcat-embed-core-10.1.40.jar:10.1.40]
	at org.apache.catalina.core.ApplicationFilterChain.doFilter(ApplicationFilterChain.java:140) ~[tomcat-embed-core-10.1.40.jar:10.1.40]
	at org.springframework.web.servlet.resource.ResourceUrlEncodingFilter.doFilter(ResourceUrlEncodingFilter.java:66) ~[spring-webmvc-6.1.19.jar:6.1.19]
	at org.apache.catalina.core.ApplicationFilterChain.internalDoFilter(ApplicationFilterChain.java:164) ~[tomcat-embed-core-10.1.40.jar:10.1.40]
	at org.apache.catalina.core.ApplicationFilterChain.doFilter(ApplicationFilterChain.java:140) ~[tomcat-embed-core-10.1.40.jar:10.1.40]
	at org.springframework.web.filter.RequestContextFilter.doFilterInternal(RequestContextFilter.java:100) ~[spring-web-6.1.19.jar:6.1.19]
	at org.springframework.web.filter.OncePerRequestFilter.doFilter(OncePerRequestFilter.java:116) ~[spring-web-6.1.19.jar:6.1.19]
	at org.apache.catalina.core.ApplicationFilterChain.internalDoFilter(ApplicationFilterChain.java:164) ~[tomcat-embed-core-10.1.40.jar:10.1.40]
	at org.apache.catalina.core.ApplicationFilterChain.doFilter(ApplicationFilterChain.java:140) ~[tomcat-embed-core-10.1.40.jar:10.1.40]
	at org.springframework.web.filter.FormContentFilter.doFilterInternal(FormContentFilter.java:93) ~[spring-web-6.1.19.jar:6.1.19]
	at org.springframework.web.filter.OncePerRequestFilter.doFilter(OncePerRequestFilter.java:116) ~[spring-web-6.1.19.jar:6.1.19]
	at org.apache.catalina.core.ApplicationFilterChain.internalDoFilter(ApplicationFilterChain.java:164) ~[tomcat-embed-core-10.1.40.jar:10.1.40]
	at org.apache.catalina.core.ApplicationFilterChain.doFilter(ApplicationFilterChain.java:140) ~[tomcat-embed-core-10.1.40.jar:10.1.40]
	at org.springframework.web.filter.CharacterEncodingFilter.doFilterInternal(CharacterEncodingFilter.java:201) ~[spring-web-6.1.19.jar:6.1.19]
	at org.springframework.web.filter.OncePerRequestFilter.doFilter(OncePerRequestFilter.java:116) ~[spring-web-6.1.19.jar:6.1.19]
	at org.apache.catalina.core.ApplicationFilterChain.internalDoFilter(ApplicationFilterChain.java:164) ~[tomcat-embed-core-10.1.40.jar:10.1.40]
	at org.apache.catalina.core.ApplicationFilterChain.doFilter(ApplicationFilterChain.java:140) ~[tomcat-embed-core-10.1.40.jar:10.1.40]
	at org.apache.catalina.core.StandardWrapperValve.invoke(StandardWrapperValve.java:167) ~[tomcat-embed-core-10.1.40.jar:10.1.40]
	at org.apache.catalina.core.StandardContextValve.invoke(StandardContextValve.java:90) ~[tomcat-embed-core-10.1.40.jar:10.1.40]
	at org.apache.catalina.authenticator.AuthenticatorBase.invoke(AuthenticatorBase.java:483) ~[tomcat-embed-core-10.1.40.jar:10.1.40]
	at org.apache.catalina.core.StandardHostValve.invoke(StandardHostValve.java:116) ~[tomcat-embed-core-10.1.40.jar:10.1.40]
	at org.apache.catalina.valves.ErrorReportValve.invoke(ErrorReportValve.java:93) ~[tomcat-embed-core-10.1.40.jar:10.1.40]
	at org.apache.catalina.core.StandardEngineValve.invoke(StandardEngineValve.java:74) ~[tomcat-embed-core-10.1.40.jar:10.1.40]
	at org.apache.catalina.connector.CoyoteAdapter.service(CoyoteAdapter.java:344) ~[tomcat-embed-core-10.1.40.jar:10.1.40]
	at org.apache.coyote.http11.Http11Processor.service(Http11Processor.java:398) ~[tomcat-embed-core-10.1.40.jar:10.1.40]
	at org.apache.coyote.AbstractProcessorLight.process(AbstractProcessorLight.java:63) ~[tomcat-embed-core-10.1.40.jar:10.1.40]
	at org.apache.coyote.AbstractProtocol$ConnectionHandler.process(AbstractProtocol.java:903) ~[tomcat-embed-core-10.1.40.jar:10.1.40]
	at org.apache.tomcat.util.net.NioEndpoint$SocketProcessor.doRun(NioEndpoint.java:1740) ~[tomcat-embed-core-10.1.40.jar:10.1.40]
	at org.apache.tomcat.util.net.SocketProcessorBase.run(SocketProcessorBase.java:52) ~[tomcat-embed-core-10.1.40.jar:10.1.40]
	at org.apache.tomcat.util.threads.ThreadPoolExecutor.runWorker(ThreadPoolExecutor.java:1189) ~[tomcat-embed-core-10.1.40.jar:10.1.40]
	at org.apache.tomcat.util.threads.ThreadPoolExecutor$Worker.run(ThreadPoolExecutor.java:658) ~[tomcat-embed-core-10.1.40.jar:10.1.40]
	at org.apache.tomcat.util.threads.TaskThread$WrappingRunnable.run(TaskThread.java:63) ~[tomcat-embed-core-10.1.40.jar:10.1.40]
	at java.base/java.lang.Thread.run(Thread.java:1583) ~[na:na]
Caused by: org.attoparser.ParseException: Could not parse as expression: "text/javascript" (template: "create-user" - line 107, col 13)
	at org.attoparser.MarkupParser.parseDocument(MarkupParser.java:393) ~[attoparser-2.0.7.RELEASE.jar:2.0.7.RELEASE]
	at org.attoparser.MarkupParser.parse(MarkupParser.java:257) ~[attoparser-2.0.7.RELEASE.jar:2.0.7.RELEASE]
	at org.thymeleaf.templateparser.markup.AbstractMarkupTemplateParser.parse(AbstractMarkupTemplateParser.java:230) ~[thymeleaf-3.1.3.RELEASE.jar:3.1.3.RELEASE]
	... 51 common frames omitted
Caused by: org.thymeleaf.exceptions.TemplateProcessingException: Could not parse as expression: "text/javascript" (template: "create-user" - line 107, col 13)
	at org.thymeleaf.standard.expression.StandardExpressionParser.parseExpression(StandardExpressionParser.java:131) ~[thymeleaf-3.1.3.RELEASE.jar:3.1.3.RELEASE]
	at org.thymeleaf.standard.expression.StandardExpressionParser.parseExpression(StandardExpressionParser.java:62) ~[thymeleaf-3.1.3.RELEASE.jar:3.1.3.RELEASE]
	at org.thymeleaf.standard.expression.StandardExpressionParser.parseExpression(StandardExpressionParser.java:44) ~[thymeleaf-3.1.3.RELEASE.jar:3.1.3.RELEASE]
	at org.thymeleaf.engine.EngineEventUtils.parseAttributeExpression(EngineEventUtils.java:220) ~[thymeleaf-3.1.3.RELEASE.jar:3.1.3.RELEASE]
	at org.thymeleaf.engine.EngineEventUtils.computeAttributeExpression(EngineEventUtils.java:207) ~[thymeleaf-3.1.3.RELEASE.jar:3.1.3.RELEASE]
	at org.thymeleaf.standard.processor.AbstractStandardExpressionAttributeTagProcessor.doProcess(AbstractStandardExpressionAttributeTagProcessor.java:125) ~[thymeleaf-3.1.3.RELEASE.jar:3.1.3.RELEASE]
	at org.thymeleaf.processor.element.AbstractAttributeTagProcessor.doProcess(AbstractAttributeTagProcessor.java:74) ~[thymeleaf-3.1.3.RELEASE.jar:3.1.3.RELEASE]
	at org.thymeleaf.processor.element.AbstractElementTagProcessor.process(AbstractElementTagProcessor.java:95) ~[thymeleaf-3.1.3.RELEASE.jar:3.1.3.RELEASE]
	at org.thymeleaf.util.ProcessorConfigurationUtils$ElementTagProcessorWrapper.process(ProcessorConfigurationUtils.java:633) ~[thymeleaf-3.1.3.RELEASE.jar:3.1.3.RELEASE]
	at org.thymeleaf.engine.ProcessorTemplateHandler.handleOpenElement(ProcessorTemplateHandler.java:1314) ~[thymeleaf-3.1.3.RELEASE.jar:3.1.3.RELEASE]
	at org.thymeleaf.engine.TemplateHandlerAdapterMarkupHandler.handleOpenElementEnd(TemplateHandlerAdapterMarkupHandler.java:304) ~[thymeleaf-3.1.3.RELEASE.jar:3.1.3.RELEASE]
	at org.thymeleaf.templateparser.markup.InlinedOutputExpressionMarkupHandler$InlineMarkupAdapterPreProcessorHandler.handleOpenElementEnd(InlinedOutputExpressionMarkupHandler.java:278) ~[thymeleaf-3.1.3.RELEASE.jar:3.1.3.RELEASE]
	at org.thymeleaf.standard.inline.OutputExpressionInlinePreProcessorHandler.handleOpenElementEnd(OutputExpressionInlinePreProcessorHandler.java:186) ~[thymeleaf-3.1.3.RELEASE.jar:3.1.3.RELEASE]
	at org.thymeleaf.templateparser.markup.InlinedOutputExpressionMarkupHandler.handleOpenElementEnd(InlinedOutputExpressionMarkupHandler.java:124) ~[thymeleaf-3.1.3.RELEASE.jar:3.1.3.RELEASE]
	at org.attoparser.HtmlCDATAContentElement.handleOpenElementEnd(HtmlCDATAContentElement.java:105) ~[attoparser-2.0.7.RELEASE.jar:2.0.7.RELEASE]
	at org.attoparser.HtmlMarkupHandler.handleOpenElementEnd(HtmlMarkupHandler.java:297) ~[attoparser-2.0.7.RELEASE.jar:2.0.7.RELEASE]
	at org.attoparser.MarkupEventProcessorHandler.handleOpenElementEnd(MarkupEventProcessorHandler.java:402) ~[attoparser-2.0.7.RELEASE.jar:2.0.7.RELEASE]
	at org.attoparser.ParsingElementMarkupUtil.parseOpenElement(ParsingElementMarkupUtil.java:159) ~[attoparser-2.0.7.RELEASE.jar:2.0.7.RELEASE]
	at org.attoparser.MarkupParser.parseBuffer(MarkupParser.java:710) ~[attoparser-2.0.7.RELEASE.jar:2.0.7.RELEASE]
	at org.attoparser.MarkupParser.parseDocument(MarkupParser.java:301) ~[attoparser-2.0.7.RELEASE.jar:2.0.7.RELEASE]
	... 53 common frames omitted

2025-05-01T22:26:05.920+05:45 ERROR 957319 --- [EcommerceCommon] [http-nio-8080-exec-10] o.a.c.c.C.[.[.[.[dispatcherServlet]      : Servlet.service() for servlet [dispatcherServlet] in context with path [/admin] threw exception [Request processing failed: org.thymeleaf.exceptions.TemplateInputException: An error happened during template parsing (template: "class path resource [templates/create-user.html]")] with root cause

org.thymeleaf.exceptions.TemplateProcessingException: Could not parse as expression: "text/javascript" (template: "create-user" - line 107, col 13)
	at org.thymeleaf.standard.expression.StandardExpressionParser.parseExpression(StandardExpressionParser.java:131) ~[thymeleaf-3.1.3.RELEASE.jar:3.1.3.RELEASE]
	at org.thymeleaf.standard.expression.StandardExpressionParser.parseExpression(StandardExpressionParser.java:62) ~[thymeleaf-3.1.3.RELEASE.jar:3.1.3.RELEASE]
	at org.thymeleaf.standard.expression.StandardExpressionParser.parseExpression(StandardExpressionParser.java:44) ~[thymeleaf-3.1.3.RELEASE.jar:3.1.3.RELEASE]
	at org.thymeleaf.engine.EngineEventUtils.parseAttributeExpression(EngineEventUtils.java:220) ~[thymeleaf-3.1.3.RELEASE.jar:3.1.3.RELEASE]
	at org.thymeleaf.engine.EngineEventUtils.computeAttributeExpression(EngineEventUtils.java:207) ~[thymeleaf-3.1.3.RELEASE.jar:3.1.3.RELEASE]
	at org.thymeleaf.standard.processor.AbstractStandardExpressionAttributeTagProcessor.doProcess(AbstractStandardExpressionAttributeTagProcessor.java:125) ~[thymeleaf-3.1.3.RELEASE.jar:3.1.3.RELEASE]
	at org.thymeleaf.processor.element.AbstractAttributeTagProcessor.doProcess(AbstractAttributeTagProcessor.java:74) ~[thymeleaf-3.1.3.RELEASE.jar:3.1.3.RELEASE]
	at org.thymeleaf.processor.element.AbstractElementTagProcessor.process(AbstractElementTagProcessor.java:95) ~[thymeleaf-3.1.3.RELEASE.jar:3.1.3.RELEASE]
	at org.thymeleaf.util.ProcessorConfigurationUtils$ElementTagProcessorWrapper.process(ProcessorConfigurationUtils.java:633) ~[thymeleaf-3.1.3.RELEASE.jar:3.1.3.RELEASE]
	at org.thymeleaf.engine.ProcessorTemplateHandler.handleOpenElement(ProcessorTemplateHandler.java:1314) ~[thymeleaf-3.1.3.RELEASE.jar:3.1.3.RELEASE]
	at org.thymeleaf.engine.TemplateHandlerAdapterMarkupHandler.handleOpenElementEnd(TemplateHandlerAdapterMarkupHandler.java:304) ~[thymeleaf-3.1.3.RELEASE.jar:3.1.3.RELEASE]
	at org.thymeleaf.templateparser.markup.InlinedOutputExpressionMarkupHandler$InlineMarkupAdapterPreProcessorHandler.handleOpenElementEnd(InlinedOutputExpressionMarkupHandler.java:278) ~[thymeleaf-3.1.3.RELEASE.jar:3.1.3.RELEASE]
	at org.thymeleaf.standard.inline.OutputExpressionInlinePreProcessorHandler.handleOpenElementEnd(OutputExpressionInlinePreProcessorHandler.java:186) ~[thymeleaf-3.1.3.RELEASE.jar:3.1.3.RELEASE]
	at org.thymeleaf.templateparser.markup.InlinedOutputExpressionMarkupHandler.handleOpenElementEnd(InlinedOutputExpressionMarkupHandler.java:124) ~[thymeleaf-3.1.3.RELEASE.jar:3.1.3.RELEASE]
	at org.attoparser.HtmlCDATAContentElement.handleOpenElementEnd(HtmlCDATAContentElement.java:105) ~[attoparser-2.0.7.RELEASE.jar:2.0.7.RELEASE]
	at org.attoparser.HtmlMarkupHandler.handleOpenElementEnd(HtmlMarkupHandler.java:297) ~[attoparser-2.0.7.RELEASE.jar:2.0.7.RELEASE]
	at org.attoparser.MarkupEventProcessorHandler.handleOpenElementEnd(MarkupEventProcessorHandler.java:402) ~[attoparser-2.0.7.RELEASE.jar:2.0.7.RELEASE]
	at org.attoparser.ParsingElementMarkupUtil.parseOpenElement(ParsingElementMarkupUtil.java:159) ~[attoparser-2.0.7.RELEASE.jar:2.0.7.RELEASE]
	at org.attoparser.MarkupParser.parseBuffer(MarkupParser.java:710) ~[attoparser-2.0.7.RELEASE.jar:2.0.7.RELEASE]
	at org.attoparser.MarkupParser.parseDocument(MarkupParser.java:301) ~[attoparser-2.0.7.RELEASE.jar:2.0.7.RELEASE]
	at org.attoparser.MarkupParser.parse(MarkupParser.java:257) ~[attoparser-2.0.7.RELEASE.jar:2.0.7.RELEASE]
	at org.thymeleaf.templateparser.markup.AbstractMarkupTemplateParser.parse(AbstractMarkupTemplateParser.java:230) ~[thymeleaf-3.1.3.RELEASE.jar:3.1.3.RELEASE]
	at org.thymeleaf.templateparser.markup.AbstractMarkupTemplateParser.parseStandalone(AbstractMarkupTemplateParser.java:100) ~[thymeleaf-3.1.3.RELEASE.jar:3.1.3.RELEASE]
	at org.thymeleaf.engine.TemplateManager.parseAndProcess(TemplateManager.java:666) ~[thymeleaf-3.1.3.RELEASE.jar:3.1.3.RELEASE]
	at org.thymeleaf.TemplateEngine.process(TemplateEngine.java:1103) ~[thymeleaf-3.1.3.RELEASE.jar:3.1.3.RELEASE]
	at org.thymeleaf.TemplateEngine.process(TemplateEngine.java:1077) ~[thymeleaf-3.1.3.RELEASE.jar:3.1.3.RELEASE]
	at org.thymeleaf.spring6.view.ThymeleafView.renderFragment(ThymeleafView.java:372) ~[thymeleaf-spring6-3.1.3.RELEASE.jar:3.1.3.RELEASE]
	at org.thymeleaf.spring6.view.ThymeleafView.render(ThymeleafView.java:192) ~[thymeleaf-spring6-3.1.3.RELEASE.jar:3.1.3.RELEASE]
	at org.springframework.web.servlet.DispatcherServlet.render(DispatcherServlet.java:1432) ~[spring-webmvc-6.1.19.jar:6.1.19]
	at org.springframework.web.servlet.DispatcherServlet.processDispatchResult(DispatcherServlet.java:1168) ~[spring-webmvc-6.1.19.jar:6.1.19]
	at org.springframework.web.servlet.DispatcherServlet.doDispatch(DispatcherServlet.java:1106) ~[spring-webmvc-6.1.19.jar:6.1.19]
	at org.springframework.web.servlet.DispatcherServlet.doService(DispatcherServlet.java:979) ~[spring-webmvc-6.1.19.jar:6.1.19]
	at org.springframework.web.servlet.FrameworkServlet.processRequest(FrameworkServlet.java:1014) ~[spring-webmvc-6.1.19.jar:6.1.19]
	at org.springframework.web.servlet.FrameworkServlet.doGet(FrameworkServlet.java:903) ~[spring-webmvc-6.1.19.jar:6.1.19]
	at jakarta.servlet.http.HttpServlet.service(HttpServlet.java:564) ~[tomcat-embed-core-10.1.40.jar:6.0]
	at org.springframework.web.servlet.FrameworkServlet.service(FrameworkServlet.java:885) ~[spring-webmvc-6.1.19.jar:6.1.19]
	at jakarta.servlet.http.HttpServlet.service(HttpServlet.java:658) ~[tomcat-embed-core-10.1.40.jar:6.0]
	at org.apache.catalina.core.ApplicationFilterChain.internalDoFilter(ApplicationFilterChain.java:195) ~[tomcat-embed-core-10.1.40.jar:10.1.40]
	at org.apache.catalina.core.ApplicationFilterChain.doFilter(ApplicationFilterChain.java:140) ~[tomcat-embed-core-10.1.40.jar:10.1.40]
	at org.apache.tomcat.websocket.server.WsFilter.doFilter(WsFilter.java:51) ~[tomcat-embed-websocket-10.1.40.jar:10.1.40]
	at org.apache.catalina.core.ApplicationFilterChain.internalDoFilter(ApplicationFilterChain.java:164) ~[tomcat-embed-core-10.1.40.jar:10.1.40]
	at org.apache.catalina.core.ApplicationFilterChain.doFilter(ApplicationFilterChain.java:140) ~[tomcat-embed-core-10.1.40.jar:10.1.40]
	at org.springframework.web.servlet.resource.ResourceUrlEncodingFilter.doFilter(ResourceUrlEncodingFilter.java:66) ~[spring-webmvc-6.1.19.jar:6.1.19]
	at org.apache.catalina.core.ApplicationFilterChain.internalDoFilter(ApplicationFilterChain.java:164) ~[tomcat-embed-core-10.1.40.jar:10.1.40]
	at org.apache.catalina.core.ApplicationFilterChain.doFilter(ApplicationFilterChain.java:140) ~[tomcat-embed-core-10.1.40.jar:10.1.40]
	at org.springframework.web.filter.RequestContextFilter.doFilterInternal(RequestContextFilter.java:100) ~[spring-web-6.1.19.jar:6.1.19]
	at org.springframework.web.filter.OncePerRequestFilter.doFilter(OncePerRequestFilter.java:116) ~[spring-web-6.1.19.jar:6.1.19]
	at org.apache.catalina.core.ApplicationFilterChain.internalDoFilter(ApplicationFilterChain.java:164) ~[tomcat-embed-core-10.1.40.jar:10.1.40]
	at org.apache.catalina.core.ApplicationFilterChain.doFilter(ApplicationFilterChain.java:140) ~[tomcat-embed-core-10.1.40.jar:10.1.40]
	at org.springframework.web.filter.FormContentFilter.doFilterInternal(FormContentFilter.java:93) ~[spring-web-6.1.19.jar:6.1.19]
	at org.springframework.web.filter.OncePerRequestFilter.doFilter(OncePerRequestFilter.java:116) ~[spring-web-6.1.19.jar:6.1.19]
	at org.apache.catalina.core.ApplicationFilterChain.internalDoFilter(ApplicationFilterChain.java:164) ~[tomcat-embed-core-10.1.40.jar:10.1.40]
	at org.apache.catalina.core.ApplicationFilterChain.doFilter(ApplicationFilterChain.java:140) ~[tomcat-embed-core-10.1.40.jar:10.1.40]
	at org.springframework.web.filter.CharacterEncodingFilter.doFilterInternal(CharacterEncodingFilter.java:201) ~[spring-web-6.1.19.jar:6.1.19]
	at org.springframework.web.filter.OncePerRequestFilter.doFilter(OncePerRequestFilter.java:116) ~[spring-web-6.1.19.jar:6.1.19]
	at org.apache.catalina.core.ApplicationFilterChain.internalDoFilter(ApplicationFilterChain.java:164) ~[tomcat-embed-core-10.1.40.jar:10.1.40]
	at org.apache.catalina.core.ApplicationFilterChain.doFilter(ApplicationFilterChain.java:140) ~[tomcat-embed-core-10.1.40.jar:10.1.40]
	at org.apache.catalina.core.StandardWrapperValve.invoke(StandardWrapperValve.java:167) ~[tomcat-embed-core-10.1.40.jar:10.1.40]
	at org.apache.catalina.core.StandardContextValve.invoke(StandardContextValve.java:90) ~[tomcat-embed-core-10.1.40.jar:10.1.40]
	at org.apache.catalina.authenticator.AuthenticatorBase.invoke(AuthenticatorBase.java:483) ~[tomcat-embed-core-10.1.40.jar:10.1.40]
	at org.apache.catalina.core.StandardHostValve.invoke(StandardHostValve.java:116) ~[tomcat-embed-core-10.1.40.jar:10.1.40]
	at org.apache.catalina.valves.ErrorReportValve.invoke(ErrorReportValve.java:93) ~[tomcat-embed-core-10.1.40.jar:10.1.40]
	at org.apache.catalina.core.StandardEngineValve.invoke(StandardEngineValve.java:74) ~[tomcat-embed-core-10.1.40.jar:10.1.40]
	at org.apache.catalina.connector.CoyoteAdapter.service(CoyoteAdapter.java:344) ~[tomcat-embed-core-10.1.40.jar:10.1.40]
	at org.apache.coyote.http11.Http11Processor.service(Http11Processor.java:398) ~[tomcat-embed-core-10.1.40.jar:10.1.40]
	at org.apache.coyote.AbstractProcessorLight.process(AbstractProcessorLight.java:63) ~[tomcat-embed-core-10.1.40.jar:10.1.40]
	at org.apache.coyote.AbstractProtocol$ConnectionHandler.process(AbstractProtocol.java:903) ~[tomcat-embed-core-10.1.40.jar:10.1.40]
	at org.apache.tomcat.util.net.NioEndpoint$SocketProcessor.doRun(NioEndpoint.java:1740) ~[tomcat-embed-core-10.1.40.jar:10.1.40]
	at org.apache.tomcat.util.net.SocketProcessorBase.run(SocketProcessorBase.java:52) ~[tomcat-embed-core-10.1.40.jar:10.1.40]
	at org.apache.tomcat.util.threads.ThreadPoolExecutor.runWorker(ThreadPoolExecutor.java:1189) ~[tomcat-embed-core-10.1.40.jar:10.1.40]
	at org.apache.tomcat.util.threads.ThreadPoolExecutor$Worker.run(ThreadPoolExecutor.java:658) ~[tomcat-embed-core-10.1.40.jar:10.1.40]
	at org.apache.tomcat.util.threads.TaskThread$WrappingRunnable.run(TaskThread.java:63) ~[tomcat-embed-core-10.1.40.jar:10.1.40]
	at java.base/java.lang.Thread.run(Thread.java:1583) ~[na:na]

2025-05-01T22:28:50.445+05:45  INFO 957319 --- [EcommerceCommon] [SpringApplicationShutdownHook] j.LocalContainerEntityManagerFactoryBean : Closing JPA EntityManagerFactory for persistence unit 'default'
2025-05-01T22:28:50.450+05:45  INFO 957319 --- [EcommerceCommon] [SpringApplicationShutdownHook] com.zaxxer.hikari.HikariDataSource       : HikariPool-1 - Shutdown initiated...
2025-05-01T22:28:50.453+05:45  INFO 957319 --- [EcommerceCommon] [SpringApplicationShutdownHook] com.zaxxer.hikari.HikariDataSource       : HikariPool-1 - Shutdown completed.
2025-05-01T22:28:54.519+05:45  INFO 965831 --- [EcommerceCommon] [restartedMain] n.c.j.e.a.EcommerceBackendApplication    : Starting EcommerceBackendApplication using Java 21.0.7 with PID 965831 (/home/jp/Documents/eclipse-workspace/EcommerceProject/EcommerceWebParent/EcommerceBackend/target/classes started by jp in /home/jp/Documents/eclipse-workspace/EcommerceProject)
2025-05-01T22:28:54.522+05:45  INFO 965831 --- [EcommerceCommon] [restartedMain] n.c.j.e.a.EcommerceBackendApplication    : No active profile set, falling back to 1 default profile: "default"
2025-05-01T22:28:54.569+05:45  INFO 965831 --- [EcommerceCommon] [restartedMain] .e.DevToolsPropertyDefaultsPostProcessor : Devtools property defaults active! Set 'spring.devtools.add-properties' to 'false' to disable
2025-05-01T22:28:54.569+05:45  INFO 965831 --- [EcommerceCommon] [restartedMain] .e.DevToolsPropertyDefaultsPostProcessor : For additional web related logging consider setting the 'logging.level.web' property to 'DEBUG'
2025-05-01T22:28:55.299+05:45  INFO 965831 --- [EcommerceCommon] [restartedMain] .s.d.r.c.RepositoryConfigurationDelegate : Bootstrapping Spring Data JPA repositories in DEFAULT mode.
2025-05-01T22:28:55.373+05:45  INFO 965831 --- [EcommerceCommon] [restartedMain] .s.d.r.c.RepositoryConfigurationDelegate : Finished Spring Data repository scanning in 65 ms. Found 2 JPA repository interfaces.
2025-05-01T22:28:55.983+05:45  INFO 965831 --- [EcommerceCommon] [restartedMain] o.s.b.w.embedded.tomcat.TomcatWebServer  : Tomcat initialized with port 8080 (http)
2025-05-01T22:28:55.998+05:45  INFO 965831 --- [EcommerceCommon] [restartedMain] o.apache.catalina.core.StandardService   : Starting service [Tomcat]
2025-05-01T22:28:55.998+05:45  INFO 965831 --- [EcommerceCommon] [restartedMain] o.apache.catalina.core.StandardEngine    : Starting Servlet engine: [Apache Tomcat/10.1.40]
2025-05-01T22:28:56.045+05:45  INFO 965831 --- [EcommerceCommon] [restartedMain] o.a.c.c.C.[Tomcat].[localhost].[/admin]  : Initializing Spring embedded WebApplicationContext
2025-05-01T22:28:56.045+05:45  INFO 965831 --- [EcommerceCommon] [restartedMain] w.s.c.ServletWebServerApplicationContext : Root WebApplicationContext: initialization completed in 1475 ms
2025-05-01T22:28:56.236+05:45  INFO 965831 --- [EcommerceCommon] [restartedMain] o.hibernate.jpa.internal.util.LogHelper  : HHH000204: Processing PersistenceUnitInfo [name: default]
2025-05-01T22:28:56.303+05:45  INFO 965831 --- [EcommerceCommon] [restartedMain] org.hibernate.Version                    : HHH000412: Hibernate ORM core version 6.5.3.Final
2025-05-01T22:28:56.347+05:45  INFO 965831 --- [EcommerceCommon] [restartedMain] o.h.c.internal.RegionFactoryInitiator    : HHH000026: Second-level cache disabled
2025-05-01T22:28:56.720+05:45  INFO 965831 --- [EcommerceCommon] [restartedMain] o.s.o.j.p.SpringPersistenceUnitInfo      : No LoadTimeWeaver setup: ignoring JPA class transformer
2025-05-01T22:28:56.755+05:45  INFO 965831 --- [EcommerceCommon] [restartedMain] com.zaxxer.hikari.HikariDataSource       : HikariPool-1 - Starting...
2025-05-01T22:28:56.930+05:45  INFO 965831 --- [EcommerceCommon] [restartedMain] com.zaxxer.hikari.pool.HikariPool        : HikariPool-1 - Added connection org.postgresql.jdbc.PgConnection@25fc80ec
2025-05-01T22:28:56.932+05:45  INFO 965831 --- [EcommerceCommon] [restartedMain] com.zaxxer.hikari.HikariDataSource       : HikariPool-1 - Start completed.
2025-05-01T22:28:56.970+05:45  WARN 965831 --- [EcommerceCommon] [restartedMain] org.hibernate.orm.deprecation            : HHH90000025: PostgreSQLDialect does not need to be specified explicitly using 'hibernate.dialect' (remove the property setting and it will be selected by default)
2025-05-01T22:28:58.007+05:45  INFO 965831 --- [EcommerceCommon] [restartedMain] o.h.e.t.j.p.i.JtaPlatformInitiator       : HHH000489: No JTA platform available (set 'hibernate.transaction.jta.platform' to enable JTA platform integration)
2025-05-01T22:28:58.267+05:45  INFO 965831 --- [EcommerceCommon] [restartedMain] j.LocalContainerEntityManagerFactoryBean : Initialized JPA EntityManagerFactory for persistence unit 'default'
2025-05-01T22:28:58.647+05:45  WARN 965831 --- [EcommerceCommon] [restartedMain] JpaBaseConfiguration$JpaWebConfiguration : spring.jpa.open-in-view is enabled by default. Therefore, database queries may be performed during view rendering. Explicitly configure spring.jpa.open-in-view to disable this warning
2025-05-01T22:28:58.677+05:45  INFO 965831 --- [EcommerceCommon] [restartedMain] o.s.b.a.w.s.WelcomePageHandlerMapping    : Adding welcome page template: index
2025-05-01T22:28:59.329+05:45  INFO 965831 --- [EcommerceCommon] [restartedMain] o.s.b.d.a.OptionalLiveReloadServer       : LiveReload server is running on port 35729
2025-05-01T22:28:59.369+05:45  INFO 965831 --- [EcommerceCommon] [restartedMain] o.s.b.w.embedded.tomcat.TomcatWebServer  : Tomcat started on port 8080 (http) with context path '/admin'
2025-05-01T22:28:59.379+05:45  INFO 965831 --- [EcommerceCommon] [restartedMain] n.c.j.e.a.EcommerceBackendApplication    : Started EcommerceBackendApplication in 5.381 seconds (process running for 6.209)
2025-05-01T22:29:03.269+05:45  INFO 965831 --- [EcommerceCommon] [http-nio-8080-exec-1] o.a.c.c.C.[Tomcat].[localhost].[/admin]  : Initializing Spring DispatcherServlet 'dispatcherServlet'
2025-05-01T22:29:03.270+05:45  INFO 965831 --- [EcommerceCommon] [http-nio-8080-exec-1] o.s.web.servlet.DispatcherServlet        : Initializing Servlet 'dispatcherServlet'
2025-05-01T22:29:03.272+05:45  INFO 965831 --- [EcommerceCommon] [http-nio-8080-exec-1] o.s.web.servlet.DispatcherServlet        : Completed initialization in 2 ms
2025-05-01T22:30:23.685+05:45  INFO 965831 --- [EcommerceCommon] [http-nio-8080-exec-7] n.c.j.e.admin.user.UserController        : saved user: User{id=10, email='rami@rami.com', password='sfsdfdsfdsfdsf', firstName='dsfsrewrsdfds', lastName='sfdsfmlkjsdf', photos='null', enabled=true, roles=[ROLE_ADMIN]}
